poly_id,GID_2,NAME_1,NAME_2,EAD_nomang_usd,EAD_with_usd,EAD_avoided_usd,mangrove_ha,benefit_per_ha_year,NPV_benefits_usd,NPV_cost_low,NPV_cost_mid,NPV_cost_high,BCR_low,BCR_mid,BCR_high,pop_exposed_nomang,ntl_exposed_nomang,pop_exposed_with,ntl_exposed_with,pop_avoided,ntl_avoided
1,PHL.1.1_1,Abra,Bangued,0,0,0,0,0,0,0,0,0,0,0,0,0,0,0,0,0,0
2,PHL.1.2_1,Abra,Boliney,0,0,0,0,0,0,0,0,0,0,0,0,0,0,0,0,0,0
3,PHL.1.3_1,Abra,Bucay,0,0,0,0,0,0,0,0,0,0,0,0,0,0,0,0,0,0
4,PHL.1.4_1,Abra,Bucloc,0,0,0,0,0,0,0,0,0,0,0,0,0,0,0,0,0,0
5,PHL.1.5_1,Abra,Daguioman,0,0,0,0,0,0,0,0,0,0,0,0,0,0,0,0,0,0
6,PHL.1.6_1,Abra,Danglas,0,0,0,0,0,0,0,0,0,0,0,0,0,0,0,0,0,0
7,PHL.1.7_1,Abra,Dolores,0,0,0,0,0,0,0,0,0,0,0,0,0,0,0,0,0,0
8,PHL.1.8_1,Abra,La Paz,0,0,0,0,0,0,0,0,0,0,0,0,0,0,0,0,0,0
9,PHL.1.9_1,Abra,Lacub,0,0,0,0,0,0,0,0,0,0,0,0,0,0,0,0,0,0
10,PHL.1.10_1,Abra,Lagangilang,0,0,0,0,0,0,0,0,0,0,0,0,0,0,0,0,0,0
11,PHL.1.11_1,Abra,Lagayan,0,0,0,0,0,0,0,0,0,0,0,0,0,0,0,0,0,0
12,PHL.1.12_1,Abra,Langiden,0,0,0,0,0,0,0,0,0,0,0,0,0,0,0,0,0,0
13,PHL.1.13_1,Abra,Licuan-Baay,0,0,0,0,0,0,0,0,0,0,0,0,0,0,0,0,0,0
14,PHL.1.14_1,Abra,Luba,0,0,0,0,0,0,0,0,0,0,0,0,0,0,0,0,0,0
15,PHL.1.15_1,Abra,Malibcong,0,0,0,0,0,0,0,0,0,0,0,0,0,0,0,0,0,0
16,PHL.1.16_1,Abra,Manabo,0,0,0,0,0,0,0,0,0,0,0,0,0,0,0,0,0,0
17,PHL.1.17_1,Abra,Peñarrubia,0,0,0,0,0,0,0,0,0,0,0,0,0,0,0,0,0,0
18,PHL.1.18_1,Abra,Pidigan,0,0,0,0,0,0,0,0,0,0,0,0,0,0,0,0,0,0
19,PHL.1.19_1,Abra,Pilar,0,0,0,0,0,0,0,0,0,0,0,0,0,0,0,0,0,0
20,PHL.1.20_1,Abra,Sallapadan,0,0,0,0,0,0,0,0,0,0,0,0,0,0,0,0,0,0
21,PHL.1.21_1,Abra,San Isidro,0,0,0,0,0,0,0,0,0,0,0,0,0,0,0,0,0,0
22,PHL.1.22_1,Abra,San Juan,0,0,0,0,0,0,0,0,0,0,0,0,0,0,0,0,0,0
23,PHL.1.23_1,Abra,San Quintin,0,0,0,0,0,0,0,0,0,0,0,0,0,0,0,0,0,0
24,PHL.1.24_1,Abra,Tayum,0,0,0,0,0,0,0,0,0,0,0,0,0,0,0,0,0,0
25,PHL.1.25_1,Abra,Tineg,0,0,0,0,0,0,0,0,0,0,0,0,0,0,0,0,0,0
26,PHL.1.26_1,Abra,Tubo,0,0,0,0,0,0,0,0,0,0,0,0,0,0,0,0,0,0
27,PHL.1.27_1,Abra,Villaviciosa,0,0,0,0,0,0,0,0,0,0,0,0,0,0,0,0,0,0
28,PHL.2.1_1,Agusan del Norte,Buenavista,634434.8552500001,634434.8552500001,0,0,0,0,0,0,0,0,0,0,0,4.647570610046387,0,4.647570610046387,0,0
29,PHL.2.2_1,Agusan del Norte,Butuan City,516.6046801757813,493.79256225585937,22.81211791992189,0,22812117919.921886,350.6781655434755,0,0,0,350678165543.47546,350678165543.47546,350678165543.47546,0,0,0,0,0,0
30,PHL.2.3_1,Agusan del Norte,Cabadbaran City,0,0,0,194.544189453125,0,0,291816.2841796875,778176.7578125,1945441.89453125,0,0,0,0,0,0,0,0,0
31,PHL.2.4_1,Agusan del Norte,Carmen,0,0,0,0,0,0,0,0,0,0,0,0,0,0,0,0,0,0
32,PHL.2.5_1,Agusan del Norte,Jabonga,0,0,0,0,0,0,0,0,0,0,0,0,0,0,0,0,0,0
33,PHL.2.6_1,Agusan del Norte,Kitcharao,0,0,0,0,0,0,0,0,0,0,0,0,0,0,0,0,0,0
34,PHL.2.7_1,Agusan del Norte,Las Nieves,0,0,0,0,0,0,0,0,0,0,0,0,0,0,0,0,0,0
35,PHL.2.8_1,Agusan del Norte,Magallanes,202230.96646875,139323.69015624997,62907.276312500035,432.62921142578125,145.4069088519973,967039.0243484931,648943.8171386719,1730516.845703125,4326292.1142578125,1.490173723531829,0.558815146324436,0.22352605852977436,42.21872329711914,4.971495628356934,16.764238357543945,2.105398416519165,25.454484939575195,2.8660972118377686
36,PHL.2.9_1,Agusan del Norte,Mainit Lake,0,0,0,0,0,0,0,0,0,0,0,0,0,0,0,0,0,0
37,PHL.2.10_1,Agusan del Norte,Nasipit,0,0,0,0,0,0,0,0,0,0,0,0,0,0,0,0,0,0
38,PHL.2.11_1,Agusan del Norte,Remedios T. Romualdez,0,0,0,0,0,0,0,0,0,0,0,0,0,0,0,0,0,0
39,PHL.2.12_1,Agusan del Norte,Santiago,0,0,0,0,0,0,0,0,0,0,0,0,0,0,0,0,0,0
40,PHL.2.13_1,Agusan del Norte,Tubay,0,0,0,0,0,0,0,0,0,0,0,0,0,0,0,0,0,0
41,PHL.3.1_1,Agusan del Sur,Bayugan City,0,0,0,0,0,0,0,0,0,0,0,0,0,0,0,0,0,0
42,PHL.3.2_1,Agusan del Sur,Bunawan,0,0,0,0,0,0,0,0,0,0,0,0,0,0,0,0,0,0
43,PHL.3.3_1,Agusan del Sur,Esperanza,0,0,0,0,0,0,0,0,0,0,0,0,0,0,0,0,0,0
44,PHL.3.4_1,Agusan del Sur,La Paz,0,0,0,0,0,0,0,0,0,0,0,0,0,0,0,0,0,0
45,PHL.3.5_1,Agusan del Sur,Loreto,0,0,0,0,0,0,0,0,0,0,0,0,0,0,0,0,0,0
46,PHL.3.6_1,Agusan del Sur,Prosperidad,0,0,0,0,0,0,0,0,0,0,0,0,0,0,0,0,0,0
47,PHL.3.7_1,Agusan del Sur,Rosario,0,0,0,0,0,0,0,0,0,0,0,0,0,0,0,0,0,0
48,PHL.3.8_1,Agusan del Sur,San Francisco,0,0,0,0,0,0,0,0,0,0,0,0,0,0,0,0,0,0
49,PHL.3.9_1,Agusan del Sur,San Luis,0,0,0,0,0,0,0,0,0,0,0,0,0,0,0,0,0,0
50,PHL.3.10_1,Agusan del Sur,Santa Josefa,0,0,0,0,0,0,0,0,0,0,0,0,0,0,0,0,0,0
51,PHL.3.11_1,Agusan del Sur,Sibagat,0,0,0,0,0,0,0,0,0,0,0,0,0,0,0,0,0,0
52,PHL.3.12_1,Agusan del Sur,Talacogon,0,0,0,0,0,0,0,0,0,0,0,0,0,0,0,0,0,0
53,PHL.3.13_1,Agusan del Sur,Trento,0,0,0,0,0,0,0,0,0,0,0,0,0,0,0,0,0,0
54,PHL.3.14_1,Agusan del Sur,Veruela,0,0,0,0,0,0,0,0,0,0,0,0,0,0,0,0,0,0
55,PHL.4.1_1,Aklan,Altavas,230704.06624999997,230704.06624999997,0,0,0,0,0,0,0,0,0,0,2.3314507007598877,0.37825581431388855,2.3314507007598877,0.37825581431388855,0,0
56,PHL.4.2_1,Aklan,Balete,0,0,0,0,0,0,0,0,0,0,0,0,0.49555543065071106,0,0.49555543065071106,0,0,0
57,PHL.4.3_1,Aklan,Banga,0,0,0,0,0,0,0,0,0,0,0,0,0,0,0,0,0,0
58,PHL.4.4_1,Aklan,Batan,287.2509835815429,287.2509835815429,0,84.94523620605469,0,0,127417.85430908203,339780.94482421875,849452.3620605469,0,0,0,18.8080997467041,0,18.8080997467041,0,0,0
59,PHL.4.5_1,Aklan,Buruanga,0,0,0,0,0,0,0,0,0,0,0,0,0,0,0,0,0,0
60,PHL.4.6_1,Aklan,Ibajay,3325775.6789999995,2838342.049,487433.6299999994,123.25584411621094,3954.649237892736,7493049.606030717,184883.7661743164,493023.37646484375,1232558.4411621094,40.528434492003726,15.198162934501397,6.079265173800558,51.488590240478516,10.802248001098633,51.488590240478516,10.802248001098633,0,0
61,PHL.4.7_1,Aklan,Kalibo,3561533.502,3298364.6554999994,263168.84650000045,103.36384582519531,2546.043487440094,4045550.204622502,155045.76873779297,413455.38330078125,1033638.4582519531,26.092619215324543,9.784732205746703,3.9138928822986814,21.563365936279297,15.465787887573242,21.563365936279297,15.465787887573242,0,0
62,PHL.4.8_1,Aklan,Lezo,0,0,0,0,0,0,0,0,0,0,0,0,0,0,0,0,0,0
63,PHL.4.9_1,Aklan,Libacao,0,0,0,0,0,0,0,0,0,0,0,0,0,0,0,0,0,0
64,PHL.4.10_1,Aklan,Madalag,0,0,0,0,0,0,0,0,0,0,0,0,0,0,0,0,0,0
65,PHL.4.11_1,Aklan,Makato,345477.422625,342949.3599375,2528.0626875000307,0,2528062687500.031,38862.51985648402,0,0,0,38862519856484.016,38862519856484.016,38862519856484.016,22.991207122802734,3.0191354751586914,22.991207122802734,3.0191354751586914,0,0
66,PHL.4.12_1,Aklan,Malay,0,0,0,0,0,0,0,0,0,0,0,0,0,0,0,0,0,0
67,PHL.4.13_1,Aklan,Malinao,0,0,0,0,0,0,0,0,0,0,0,0,0,0,0,0,0,0
68,PHL.4.14_1,Aklan,Nabas,720628.984875,425521.73725,295107.24762499996,89.49565124511719,3297.4479041080867,4536521.711793496,134243.47686767578,357982.60498046875,894956.5124511719,33.793237613066,12.672464104899749,5.068985641959899,11.829557418823242,4.281950950622559,11.829557418823242,4.281950950622559,0,0
69,PHL.4.15_1,Aklan,New Washington,1854477.3750000005,1774966.0295000002,79511.34550000029,161.91026306152344,491.08280103150213,1222284.2647803149,242865.39459228516,647641.05224609375,1619102.6306152344,5.032764206000808,1.887286577250303,0.7549146309001211,62.06100845336914,16.752975463867188,62.06100845336914,16.752975463867188,0,0
70,PHL.4.16_1,Aklan,Numancia,310979.1388125,289865.958,21113.18081250001,0,21113180812500.008,324561.33806187863,0,0,0,324561338061878.6,324561338061878.6,324561338061878.6,28.517349243164062,2.214259624481201,28.517349243164062,2.214259624481201,0,0
71,PHL.4.17_1,Aklan,Tangalan,48.37801165771485,48.37801165771485,0,0,0,0,0,0,0,0,0,0,2.221675395965576,0,2.221675395965576,0,0,0
72,PHL.5.1_1,Albay,Bacacay,459924.8919374999,459924.8919374999,0,164.9651336669922,0,0,247447.70050048828,659860.53466796875,1649651.3366699219,0,0,0,20.119972229003906,12.77717399597168,20.119972229003906,12.77717399597168,0,0
73,PHL.5.2_1,Albay,Bato Lake,0,0,0,0,0,0,0,0,0,0,0,0,0,0,0,0,0,0
74,PHL.5.3_1,Albay,Camalig,0,0,0,0,0,0,0,0,0,0,0,0,0,0,0,0,0,0
75,PHL.5.4_1,Albay,Daraga,0,0,0,0,0,0,0,0,0,0,0,0,0,0,0,0,0,0
76,PHL.5.5_1,Albay,Guinobatan,0,0,0,0,0,0,0,0,0,0,0,0,0,0,0,0,0,0
77,PHL.5.6_1,Albay,Jovellar,0,0,0,0,0,0,0,0,0,0,0,0,0,0,0,0,0,0
78,PHL.5.7_1,Albay,Legazpi City,0,0,0,0,0,0,0,0,0,0,0,0,0,0,0,0,0,0
79,PHL.5.8_1,Albay,Libon,34608.964859374995,34608.964859374995,0,0,0,0,0,0,0,0,0,0,2.248544454574585,0.3391042947769165,2.248544454574585,0.3391042947769165,0,0
80,PHL.5.9_1,Albay,Ligao City,0,0,0,0,0,0,0,0,0,0,0,0,0.27830156683921814,0,0.27830156683921814,0,0,0
81,PHL.5.10_1,Albay,Malilipot,56662.385093749996,56213.2088125,449.17628124999464,0,449176281249.9946,6904.940385952891,0,0,0,6904940385952.891,6904940385952.891,6904940385952.891,0,0,0,0,0,0
82,PHL.5.11_1,Albay,Malinao,1238317.78375,838817.60725,399500.17649999994,95.89026641845703,4166.222406314056,6141296.898477296,143835.39962768555,383561.0656738281,958902.6641845703,42.69669993877651,16.011262477041193,6.404504990816476,49.35060119628906,18.46590232849121,49.35060119628906,18.46590232849121,0,0
83,PHL.5.12_1,Albay,Manito,11130.659734374998,6411.488701171875,4719.171033203123,163.8086395263672,28.80904845341512,72545.22559539907,245712.95928955078,655234.55810546875,1638086.3952636719,0.295243790987479,0.11071642162030462,0.04428656864812185,8.189180374145508,0.5993332266807556,0,0,8.189180374145508,0.5993332266807556
84,PHL.5.13_1,Albay,Oas,0,0,0,0,0,0,0,0,0,0,0,0,7.6017279624938965,0,7.6017279624938965,0,0,0
85,PHL.5.14_1,Albay,Pio Duran,729906.871875,561309.6988125,168597.17306249996,119.12407684326172,1415.30727901743,2591751.7861741697,178686.11526489258,476496.3073730469,1191240.7684326172,14.50449455645749,5.439185458671558,2.1756741834686233,3.881202220916748,2.5284385681152344,3.881202220916748,2.5284385681152344,0,0
86,PHL.5.15_1,Albay,Polangui,0,0,0,0,0,0,0,0,0,0,0,0,0,0,0,0,0,0
87,PHL.5.16_1,Albay,Rapu-Rapu,0,0,0,470.30303955078125,0,0,705454.5593261719,1881212.158203125,4703030.3955078125,0,0,0,0,0,0,0,0,0
88,PHL.5.17_1,Albay,Santo Domingo,0,0,0,0,0,0,0,0,0,0,0,0,0,0,0,0,0,0
89,PHL.5.18_1,Albay,Tabaco City,646997.53,532455.94,114541.59000000008,0,114541590000000.08,1760784.9828162934,0,0,0,1760784982816293.2,1760784982816293.2,1760784982816293.2,15.586641311645508,5.663290500640869,15.586641311645508,5.663290500640869,0,0
90,PHL.5.19_1,Albay,Tiwi,0,0,0,0,0,0,0,0,0,0,0,0,0,0,0,0,0,0
91,PHL.6.1_1,Antique,Anini-Y,0,0,0,0,0,0,0,0,0,0,0,0,0,0,0,0,0,0
92,PHL.6.2_1,Antique,Barbaza,1867.0172451171875,1867.0172451171875,0,0,0,0,0,0,0,0,0,0,0,0,0,0,0,0
93,PHL.6.3_1,Antique,Belison,4923.665499999999,4923.665499999999,0,0,0,0,0,0,0,0,0,0,0,0,0,0,0,0
94,PHL.6.4_1,Antique,Bugasong,311.187540649414,311.187540649414,0,0,0,0,0,0,0,0,0,0,3.8629376888275146,0.004616750404238701,3.8629376888275146,0.004616750404238701,0,0
95,PHL.6.5_1,Antique,Caluya,63053503.936,60749939.247999996,2303564.688000001,509.53375244140625,4520.926586241996,35411435.35353664,764300.6286621094,2038135.009765625,5095337.5244140625,46.33181502875844,17.374430635784414,6.949772254313766,1.177512288093567,124.23831939697266,1.177512288093567,124.23831939697266,0,0
96,PHL.6.6_1,Antique,Culasi,812581.43125,812581.43125,0,0,0,0,0,0,0,0,0,0,20.007911682128906,8.659537315368652,20.007911682128906,8.659537315368652,0,0
97,PHL.6.7_1,Antique,Hamtic,6154338.7299999995,5475332.748000001,679005.9819999989,86.96334075927734,7807.956502953939,10437986.205255467,130445.01113891602,347853.3630371094,869633.4075927734,80.0182859744605,30.00685724042269,12.002742896169075,35.19169616699219,28.998872756958008,35.19169616699219,28.998872756958008,0,0
98,PHL.6.8_1,Antique,Laua-An,33802.66946875,33802.66946875,0,0,0,0,0,0,0,0,0,0,7.2120819091796875,0.5014933347702026,7.2120819091796875,0.5014933347702026,0,0
99,PHL.6.9_1,Antique,Libertad,0,0,0,0,0,0,0,0,0,0,0,0,11.270821571350098,0,11.270821571350098,0,0,0
100,PHL.6.10_1,Antique,Pandan,1249481.25475,1249481.25475,0,0,0,0,0,0,0,0,0,0,40.236263275146484,15.358905792236328,40.236263275146484,15.358905792236328,0,0
101,PHL.6.11_1,Antique,Patnongon,32520.552648437508,32520.552648437508,0,0,0,0,0,0,0,0,0,0,9.704582214355469,0.24088098108768463,9.704582214355469,0.24088098108768463,0,0
102,PHL.6.12_1,Antique,San Jose,179705.30353125,176784.27646875,2921.027062500012,37.21210861206055,78.49668216740879,44903.345466480845,55818.16291809082,148848.4344482422,372121.08612060547,0.8044576015941856,0.30167160059781956,0.12066864023912782,0,1.2785440683364868,0,1.2785440683364868,0,0
103,PHL.6.13_1,Antique,San Remigio,0,0,0,0,0,0,0,0,0,0,0,0,0,0,0,0,0,0
104,PHL.6.14_1,Antique,Sebaste,620.8886484375,620.8886484375,0,0,0,0,0,0,0,0,0,0,0,0,0,0,0,0
105,PHL.6.15_1,Antique,Sibalom,0,0,0,0,0,0,0,0,0,0,0,0,0,0,0,0,0,0
106,PHL.6.16_1,Antique,Tibiao,0,0,0,0,0,0,0,0,0,0,0,0,0,0,0,0,0,0
107,PHL.6.17_1,Antique,Tobias Fornier,37399.657289062496,37399.657289062496,0,0,0,0,0,0,0,0,0,0,3.6244277954101562,0,3.6244277954101562,0,0,0
108,PHL.6.18_1,Antique,Valderrama,0,0,0,0,0,0,0,0,0,0,0,0,0,0,0,0,0,0
109,PHL.7.1_1,Apayao,Calanasan,0,0,0,0,0,0,0,0,0,0,0,0,0,0,0,0,0,0
110,PHL.7.2_1,Apayao,Conner,0,0,0,0,0,0,0,0,0,0,0,0,0,0,0,0,0,0
111,PHL.7.3_1,Apayao,Flora,0,0,0,0,0,0,0,0,0,0,0,0,0,0,0,0,0,0
112,PHL.7.4_1,Apayao,Kabugao,0,0,0,0,0,0,0,0,0,0,0,0,0,0,0,0,0,0
113,PHL.7.5_1,Apayao,Luna,0,0,0,0,0,0,0,0,0,0,0,0,0,0,0,0,0,0
114,PHL.7.6_1,Apayao,Pudtol,0,0,0,0,0,0,0,0,0,0,0,0,0,0,0,0,0,0
115,PHL.7.7_1,Apayao,Santa Marcela,0,0,0,0,0,0,0,0,0,0,0,0,0,0,0,0,0,0
116,PHL.8.1_1,Aurora,Baler,0,0,0,0,0,0,0,0,0,0,0,0,0,0,0,0,0,0
117,PHL.8.2_1,Aurora,Casiguran,272864.45875000005,222208.94603124997,50655.51271875008,285.5545654296875,177.39346118499742,778699.3885106259,428331.84814453125,1142218.26171875,2855545.654296875,1.8179815297037423,0.6817430736389033,0.27269722945556135,7.8921661376953125,2.0873985290527344,7.8921661376953125,2.0873985290527344,0,0
118,PHL.8.3_1,Aurora,Dilasag,55002.0446953125,31695.744312500003,23306.300382812497,196.16114807128906,118.81201049222295,358274.96125260566,294241.7221069336,784644.59228515625,1961611.4807128906,1.2176212084647908,0.4566079531742966,0.18264318126971862,4.579244613647461,0.6781864166259766,4.579244613647461,0.6781864166259766,0,0
119,PHL.8.4_1,Aurora,Dinalungan,20620.028703125,20620.028703125,0,0,0,0,0,0,0,0,0,0,4.248902320861816,1.447520136833191,4.248902320861816,1.447520136833191,0,0
120,PHL.8.5_1,Aurora,Dingalan,0,0,0,0,0,0,0,0,0,0,0,0,2.3405940532684326,0,2.3405940532684326,0,0,0
121,PHL.8.6_1,Aurora,Dipaculao,0,0,0,0,0,0,0,0,0,0,0,0,4.184776306152344,0,4.184776306152344,0,0,0
122,PHL.8.7_1,Aurora,Maria Aurora,0,0,0,0,0,0,0,0,0,0,0,0,0,0,0,0,0,0
123,PHL.8.8_1,Aurora,San Luis,0,0,0,0,0,0,0,0,0,0,0,0,0,0,0,0,0,0
124,PHL.9.1_1,Basilan,Akbar,0,0,0,0,0,0,0,0,0,0,0,0,0,0,0,0,0,0
125,PHL.9.2_1,Basilan,Al-Barka,0,0,0,362.49798583984375,0,0,543746.9787597656,1449991.943359375,3624979.8583984375,0,0,0,2.7080295085906982,0,2.7080295085906982,0,0,0
126,PHL.9.3_1,Basilan,Hadji Mohammad Ajul,0,0,0,167.74237060546875,0,0,251613.55590820312,670969.482421875,1677423.7060546875,0,0,0,0,0,0,0,0,0
127,PHL.9.4_1,Basilan,Isabela City,195249.99834375,115861.243328125,79388.75501562499,741.14434814453125,107.11645472892862,1220399.7485628938,1111716.5222167969,2964577.392578125,7411443.4814453125,1.097761636329178,0.41166061362344175,0.1646642454493767,40.382537841796875,1.7411420345306396,40.382537841796875,1.7411420345306396,0,0
128,PHL.9.5_1,Basilan,Lamitan City,0,0,0,13.162796020507812,0,0,19744.19403076172,52651.18408203125,131627.96020507812,0,0,0,0,0,0,0,0,0
129,PHL.9.6_1,Basilan,Lantawan,0,0,0,2099.48974609375,0,0,3149234.619140625,8397958.984375,20994897.4609375,0,0,0,3.4175963401794434,0,3.4175963401794434,0,0,0
130,PHL.9.7_1,Basilan,Maluso,923860.8544999999,713245.42675,210615.42774999992,486.11444091796875,433.26305499642837,3237675.3485928527,729171.6613769531,1944457.763671875,4861144.4091796875,4.440210063126825,1.6650787736725592,0.6660315094690237,44.79907989501953,9.045114517211914,44.79907989501953,9.045114517211914,0,0
131,PHL.9.8_1,Basilan,Sumisip,0,0,0,1383.167724609375,0,0,2074751.5869140625,5532670.8984375,13831677.24609375,0,0,0,7.557360649108887,0,7.2434492111206055,0,0.31391143798828125,0
132,PHL.9.9_1,Basilan,Tipo-Tipo,0,0,0,78.51343536376953,0,0,117770.1530456543,314053.7414550781,785134.3536376953,0,0,0,0.14566758275032043,0,0.14566758275032043,0,0,0
133,PHL.9.10_1,Basilan,Tuburan,0,0,0,57.87796401977539,0,0,86816.94602966309,231511.85607910156,578779.6401977539,0,0,0,0,0,0,0,0,0
134,PHL.9.11_1,Basilan,Ungkaya Pukan,0,0,0,0,0,0,0,0,0,0,0,0,0.9543459415435791,0,0.9543459415435791,0,0,0
135,PHL.10.1_1,Bataan,Abucay,192957.73925000004,187439.1474375,5518.591812500032,0,5518591812500.031,84834.2823750133,0,0,0,84834282375013.3,84834282375013.3,84834282375013.3,4.019914627075195,14.488900184631348,0,0,4.019914627075195,14.488900184631348
136,PHL.10.2_1,Bataan,Bagac,0,0,0,0,0,0,0,0,0,0,0,0,0,0,0,0,0,0
137,PHL.10.3_1,Bataan,Balanga City,224747.04237500002,196126.337875,28620.70450000002,51.55682373046875,555.1293200222093,439970.37828113534,77335.235595703125,206227.294921875,515568.2373046875,5.6891321904187855,2.1334245714070446,0.8533698285628178,0,0,0,0,0,0
138,PHL.10.4_1,Bataan,Dinalupihan,0,0,0,0,0,0,0,0,0,0,0,0,0,0,0,0,0,0
139,PHL.10.5_1,Bataan,Hermosa,159719.51225,159015.263875,704.2483749999956,0,704248374999.9955,10826.023655449246,0,0,0,10826023655449.244,10826023655449.244,10826023655449.244,0,3.7164676189422607,0,3.7164676189422607,0,0
140,PHL.10.6_1,Bataan,Limay,0,0,0,0,0,0,0,0,0,0,0,0,0,0,0,0,0,0
141,PHL.10.7_1,Bataan,Mariveles,0,0,0,0,0,0,0,0,0,0,0,0,0,0,0,0,0,0
142,PHL.10.8_1,Bataan,Morong,4201.3275390625,4201.3275390625,0,0.15537187457084656,0,0,233.05781185626984,621.4874982833862,1553.7187457084656,0,0,0,0,0,0,0,0,0
143,PHL.10.9_1,Bataan,Orani,9869756.312,9824678.462,45077.85000000149,0,45077850000001.484,692957.0415221931,0,0,0,692957041522193.1,692957041522193.1,692957041522193.1,206.61961364746094,95.95178985595703,206.61961364746094,95.95178985595703,0,0
144,PHL.10.10_1,Bataan,Orion,8085035.512000001,8037411.58,47623.93200000096,0,47623932000000.96,732096.5623776128,0,0,0,732096562377612.75,732096562377612.75,732096562377612.75,100.36979675292969,57.4389533996582,100.36979675292969,57.4389533996582,0,0
145,PHL.10.11_1,Bataan,Pilar,10806953.054,9817278.092000002,989674.9619999975,0,989674961999997.4,15213729.885877088,0,0,0,15213729885877086,15213729885877086,15213729885877086,31.478439331054688,42.665130615234375,31.478439331054688,42.665130615234375,0,0
146,PHL.10.12_1,Bataan,Samal,14068507.159999998,13968455.089999998,100052.0700000003,0,100052070000000.3,1538045.5462132574,0,0,0,1538045546213257.2,1538045546213257.2,1538045546213257.2,82.52915954589844,72.15991973876953,82.52915954589844,72.15991973876953,0,0
147,PHL.11.1_1,Batanes,Basco,0,0,0,0,0,0,0,0,0,0,0,0,0,0,0,0,0,0
148,PHL.11.2_1,Batanes,Itbayat,0,0,0,0,0,0,0,0,0,0,0,0,0.15070685744285583,0,0.15070685744285583,0,0,0
149,PHL.11.3_1,Batanes,Ivana,0,0,0,0,0,0,0,0,0,0,0,0,0,0,0,0,0,0
150,PHL.11.4_1,Batanes,Mahatao,0,0,0,0,0,0,0,0,0,0,0,0,0,0,0,0,0,0
151,PHL.11.5_1,Batanes,Sabtang,0,0,0,0,0,0,0,0,0,0,0,0,0,0,0,0,0,0
152,PHL.11.6_1,Batanes,Uyugan,0,0,0,0,0,0,0,0,0,0,0,0,0,0,0,0,0,0
153,PHL.12.1_1,Batangas,Agoncillo,0,0,0,0,0,0,0,0,0,0,0,0,0,0,0,0,0,0
154,PHL.12.2_1,Batangas,Alitagtag,0,0,0,0,0,0,0,0,0,0,0,0,0,0,0,0,0,0
155,PHL.12.3_1,Batangas,Balayan,0,0,0,0,0,0,0,0,0,0,0,0,0,0,0,0,0,0
156,PHL.12.4_1,Batangas,Balete,0,0,0,0,0,0,0,0,0,0,0,0,0,0,0,0,0,0
157,PHL.12.5_1,Batangas,Batangas City,0,0,0,0,0,0,0,0,0,0,0,0,0,0,0,0,0,0
158,PHL.12.6_1,Batangas,Bauan,0,0,0,0,0,0,0,0,0,0,0,0,0,0,0,0,0,0
159,PHL.12.7_1,Batangas,Calaca,0,0,0,0,0,0,0,0,0,0,0,0,0,0,0,0,0,0
160,PHL.12.8_1,Batangas,Calatagan,0,0,0,0,0,0,0,0,0,0,0,0,0,0,0,0,0,0
161,PHL.12.9_1,Batangas,Cuenca,0,0,0,0,0,0,0,0,0,0,0,0,0,0,0,0,0,0
162,PHL.12.10_1,Batangas,Ibaan,0,0,0,0,0,0,0,0,0,0,0,0,0,0,0,0,0,0
163,PHL.12.11_1,Batangas,Laurel,0,0,0,0,0,0,0,0,0,0,0,0,0,0,0,0,0,0
164,PHL.12.12_1,Batangas,Lemery,0,0,0,0,0,0,0,0,0,0,0,0,0,0,0,0,0,0
165,PHL.12.13_1,Batangas,Lian,764209.3235,589981.3046249999,174228.01887500018,76.4329833984375,2279.4873512494855,2678311.6876667575,114649.47509765625,305731.93359375,764329.833984375,23.36087178232105,8.760326918370392,3.504130767348157,0,2.200900077819824,0,2.200900077819824,0,0
166,PHL.12.14_1,Batangas,Lipa City,0,0,0,0,0,0,0,0,0,0,0,0,0,0,0,0,0,0
167,PHL.12.15_1,Batangas,Lobo,0,0,0,0,0,0,0,0,0,0,0,0,0,0,0,0,0,0
168,PHL.12.16_1,Batangas,Mabini,0,0,0,0,0,0,0,0,0,0,0,0,0,0,0,0,0,0
169,PHL.12.17_1,Batangas,Malvar,0,0,0,0,0,0,0,0,0,0,0,0,0,0,0,0,0,0
170,PHL.12.18_1,Batangas,Mataas Na Kahoy,0,0,0,0,0,0,0,0,0,0,0,0,0,0,0,0,0,0
171,PHL.12.19_1,Batangas,Nasugbu,39694.792021484376,36379.672119140625,3315.119902343751,0,3315119902343.751,50961.518347023906,0,0,0,50961518347023.91,50961518347023.91,50961518347023.91,0,0,0,0,0,0
172,PHL.12.20_1,Batangas,Padre Garcia,0,0,0,0,0,0,0,0,0,0,0,0,0,0,0,0,0,0
173,PHL.12.21_1,Batangas,Rosario,0,0,0,0,0,0,0,0,0,0,0,0,0,0,0,0,0,0
174,PHL.12.22_1,Batangas,San Jose,0,0,0,0,0,0,0,0,0,0,0,0,0,0,0,0,0,0
175,PHL.12.23_1,Batangas,San Juan,16534.366789062497,14586.556939453125,1947.8098496093717,196.06423950195312,9.934549281180713,29942.611522800074,294096.3592529297,784256.9580078125,1960642.3950195312,0.10181224819940302,0.038179593074776134,0.015271837229910453,3.957549571990967,0.16139979660511017,3.957549571990967,0.16139979660511017,0,0
176,PHL.12.24_1,Batangas,San Luis,0,0,0,0,0,0,0,0,0,0,0,0,0,0,0,0,0,0
177,PHL.12.25_1,Batangas,San Nicolas,0,0,0,0,0,0,0,0,0,0,0,0,0,0,0,0,0,0
178,PHL.12.26_1,Batangas,San Pascual,0,0,0,0,0,0,0,0,0,0,0,0,0,0,0,0,0,0
179,PHL.12.27_1,Batangas,Santa Teresita,0,0,0,0,0,0,0,0,0,0,0,0,0,0,0,0,0,0
180,PHL.12.28_1,Batangas,Santo Tomas,0,0,0,0,0,0,0,0,0,0,0,0,0,0,0,0,0,0
181,PHL.12.30_1,Batangas,Taal,0,0,0,0,0,0,0,0,0,0,0,0,0,0,0,0,0,0
182,PHL.12.29_1,Batangas,Taal lake,0,0,0,0,0,0,0,0,0,0,0,0,0,0,0,0,0,0
183,PHL.12.31_1,Batangas,Talisay,0,0,0,0,0,0,0,0,0,0,0,0,0,0,0,0,0,0
184,PHL.12.32_1,Batangas,Tanauan City,0,0,0,0,0,0,0,0,0,0,0,0,0,0,0,0,0,0
185,PHL.12.33_1,Batangas,Taysan,0,0,0,0,0,0,0,0,0,0,0,0,0,0,0,0,0,0
186,PHL.12.34_1,Batangas,Tingloy,0,0,0,0,0,0,0,0,0,0,0,0,0,0,0,0,0,0
187,PHL.12.35_1,Batangas,Tuy,0,0,0,0,0,0,0,0,0,0,0,0,0,0,0,0,0,0
188,PHL.13.1_1,Benguet,Atok,0,0,0,0,0,0,0,0,0,0,0,0,0,0,0,0,0,0
189,PHL.13.2_1,Benguet,Baguio City,0,0,0,0,0,0,0,0,0,0,0,0,0,0,0,0,0,0
190,PHL.13.3_1,Benguet,Bakun,0,0,0,0,0,0,0,0,0,0,0,0,0,0,0,0,0,0
191,PHL.13.4_1,Benguet,Bokod,0,0,0,0,0,0,0,0,0,0,0,0,0,0,0,0,0,0
192,PHL.13.5_1,Benguet,Buguias,0,0,0,0,0,0,0,0,0,0,0,0,0,0,0,0,0,0
193,PHL.13.6_1,Benguet,Itogon,0,0,0,0,0,0,0,0,0,0,0,0,0,0,0,0,0,0
194,PHL.13.7_1,Benguet,Kabayan,0,0,0,0,0,0,0,0,0,0,0,0,0,0,0,0,0,0
195,PHL.13.8_1,Benguet,Kapangan,0,0,0,0,0,0,0,0,0,0,0,0,0,0,0,0,0,0
196,PHL.13.9_1,Benguet,Kibungan,0,0,0,0,0,0,0,0,0,0,0,0,0,0,0,0,0,0
197,PHL.13.10_1,Benguet,La Trinidad,0,0,0,0,0,0,0,0,0,0,0,0,0,0,0,0,0,0
198,PHL.13.11_1,Benguet,Mankayan,0,0,0,0,0,0,0,0,0,0,0,0,0,0,0,0,0,0
199,PHL.13.12_1,Benguet,Sablan,0,0,0,0,0,0,0,0,0,0,0,0,0,0,0,0,0,0
200,PHL.13.13_1,Benguet,Tuba,0,0,0,0,0,0,0,0,0,0,0,0,0,0,0,0,0,0
201,PHL.13.14_1,Benguet,Tublay,0,0,0,0,0,0,0,0,0,0,0,0,0,0,0,0,0,0
202,PHL.14.1_1,Biliran,Almeria,0,0,0,0,0,0,0,0,0,0,0,0,0,0,0,0,0,0
203,PHL.14.2_1,Biliran,Biliran,0,0,0,0,0,0,0,0,0,0,0,0,5.971850395202637,0,5.971850395202637,0,0,0
204,PHL.14.3_1,Biliran,Cabucgayan,0,0,0,0,0,0,0,0,0,0,0,0,0,0,0,0,0,0
205,PHL.14.4_1,Biliran,Caibiran,0,0,0,0,0,0,0,0,0,0,0,0,0,0,0,0,0,0
206,PHL.14.5_1,Biliran,Culaba,46.08851214599609,46.08851214599609,0,0,0,0,0,0,0,0,0,0,0,0,0,0,0,0
207,PHL.14.6_1,Biliran,Kawayan,0,0,0,0,0,0,0,0,0,0,0,0,0,0,0,0,0,0
208,PHL.14.7_1,Biliran,Maripipi,0,0,0,0,0,0,0,0,0,0,0,0,0,0,0,0,0,0
209,PHL.14.8_1,Biliran,Naval,1666.689671875,1236.3633906250002,430.32628124999974,97.35685729980469,4.420092155654074,6615.169684096228,146035.28594970703,389427.42919921875,973568.5729980469,0.04529843346473413,0.016986912549275302,0.00679476501971012,0.4501844346523285,0,0.4501844346523285,0,0,0
210,PHL.15.1_1,Bohol,Albuquerque,0,0,0,36.00406265258789,0,0,54006.093978881836,144016.25061035156,360040.6265258789,0,0,0,0,0,0,0,0,0
211,PHL.15.2_1,Bohol,Alicia,0,0,0,0,0,0,0,0,0,0,0,0,0,0,0,0,0,0
212,PHL.15.3_1,Bohol,Anda,191086.21128125,182597.16221875,8489.04906250001,112.3188247680664,75.57993132522117,130497.490978087,168478.2371520996,449275.2990722656,1123188.247680664,0.77456586194142,0.2904621982280325,0.11618487929121299,5.937514781951904,3.885493755340576,5.937514781951904,3.885493755340576,0,0
213,PHL.15.4_1,Bohol,Antequera,0,0,0,0,0,0,0,0,0,0,0,0,0,0,0,0,0,0
214,PHL.15.5_1,Bohol,Baclayon,0,0,0,81.56084442138672,0,0,122341.26663208008,326243.3776855469,815608.4442138672,0,0,0,0,0,0,0,0,0
215,PHL.15.6_1,Bohol,Balilihan,0,0,0,0,0,0,0,0,0,0,0,0,0,0,0,0,0,0
216,PHL.15.7_1,Bohol,Batuan,0,0,0,0,0,0,0,0,0,0,0,0,0,0,0,0,0,0
217,PHL.15.8_1,Bohol,Bien Unido,1629564.8797499996,1564955.70675,64609.17299999972,190.0335235595703,339.9882914855626,993201.3478298961,285050.28533935547,760134.09423828125,1900335.2355957031,3.484302240383584,1.306613340143844,0.5226453360575376,58.3862190246582,16.926328659057617,58.3862190246582,16.926328659057617,0,0
218,PHL.15.9_1,Bohol,Bilar,0,0,0,0,0,0,0,0,0,0,0,0,0,0,0,0,0,0
219,PHL.15.10_1,Bohol,Buenavista,0,0,0,314.7937927246094,0,0,472190.68908691406,1259175.1708984375,3147937.9272460938,0,0,0,1.1763337850570679,0,1.1763337850570679,0,0,0
220,PHL.15.11_1,Bohol,Calape,9.337836410850288e-6,6.06959342258051e-6,3.2682429882697774e-6,383.0689697265625,8.53173513532739e-9,5.0240905281130346e-5,574603.45458984375,1532275.87890625,3830689.697265625,8.743578702810389e-11,3.278842013553896e-11,1.3115368054215584e-11,0,0,0,0,0,0
221,PHL.15.12_1,Bohol,Candijay,1640.7760551757813,1208.7146660156252,432.06138916015607,975.075439453125,0.44310560155476736,6641.842545471463,1462613.1591796875,3900301.7578125,9750754.39453125,0.004541079439758745,0.0017029047899095294,6.811619159638117e-4,1.6380757093429565,0.05129195377230644,1.6380757093429565,0.05129195377230644,0,0
222,PHL.15.13_1,Bohol,Carmen,0,0,0,0,0,0,0,0,0,0,0,0,0,0,0,0,0,0
223,PHL.15.14_1,Bohol,Catigbian,0,0,0,0,0,0,0,0,0,0,0,0,0,0,0,0,0,0
224,PHL.15.15_1,Bohol,Clarin,61704.4481875,50871.633453124996,10832.814734375002,135.6708221435547,79.84631155925841,166526.91398747446,203506.23321533203,542683.28857421875,1356708.2214355469,0.8182890094146189,0.3068583785304821,0.12274335141219284,0,0,0,0,0,0
225,PHL.15.16_1,Bohol,Corella,0,0,0,0,0,0,0,0,0,0,0,0,0,0,0,0,0,0
226,PHL.15.17_1,Bohol,Cortes,0,0,0,140.4765167236328,0,0,210714.77508544922,561906.06689453125,1404765.1672363281,0,0,0,0,0,0,0,0,0
227,PHL.15.18_1,Bohol,Dagohoy,0,0,0,0,0,0,0,0,0,0,0,0,0,0,0,0,0,0
228,PHL.15.19_1,Bohol,Danao,0,0,0,0,0,0,0,0,0,0,0,0,0,0,0,0,0,0
229,PHL.15.20_1,Bohol,Dauis,0,0,0,97.262664794921875,0,0,145893.9971923828,389050.6591796875,972626.64794921875,0,0,0,0,0,0,0,0,0
230,PHL.15.21_1,Bohol,Dimiao,0,0,0,0,0,0,0,0,0,0,0,0,0,0,0,0,0,0
231,PHL.15.22_1,Bohol,Duero,0,0,0,0,0,0,0,0,0,0,0,0,0,0,0,0,0,0
232,PHL.15.23_1,Bohol,Garcia Hernandez,0,0,0,0,0,0,0,0,0,0,0,0,0,0,0,0,0,0
233,PHL.15.24_1,Bohol,Guindulman,0,0,0,0,0,0,0,0,0,0,0,0,0,0,0,0,0,0
234,PHL.15.25_1,Bohol,Inabanga,0,0,0,798.7437744140625,0,0,1198115.6616210938,3194975.09765625,7987437.744140625,0,0,0,8.47069263458252,0,8.47069263458252,0,0,0
235,PHL.15.26_1,Bohol,Jagna,0,0,0,0,0,0,0,0,0,0,0,0,0,0,0,0,0,0
236,PHL.15.27_1,Bohol,Jetafe,1338820.6477499998,1050189.39675,288631.2509999997,705.8284912109375,408.92547494762715,4436969.770825421,1058742.7368164062,2823313.96484375,7058284.912109375,4.190791224851467,1.5715467093193,0.62861868372772,26.920629501342773,13.416607856750488,26.920629501342773,13.416607856750488,0,0
237,PHL.15.28_1,Bohol,Lila,0,0,0,0,0,0,0,0,0,0,0,0,0,0,0,0,0,0
238,PHL.15.29_1,Bohol,Loay,0,0,0,276.3160400390625,0,0,414474.06005859375,1105264.16015625,2763160.400390625,0,0,0,0,0,0,0,0,0
239,PHL.15.30_1,Bohol,Loboc,0,0,0,78.92794036865234,0,0,118391.91055297852,315711.7614746094,789279.4036865234,0,0,0,0,0,0,0,0,0
240,PHL.15.31_1,Bohol,Loon,376.690890625,309.48728125,67.203609374999985,262.8849182128906,0.25563889260690437,1033.084193946951,394327.37731933594,1051539.6728515625,2628849.1821289062,0.0026198642381107975,9.82449089291549e-4,3.9297963571661965e-4,0,0,0,0,0,0
241,PHL.15.32_1,Bohol,Mabini,0,0,0,701.2003173828125,0,0,1051800.4760742188,2804801.26953125,7012003.173828125,0,0,0,0.07911602407693863,0,0.07873042672872543,0,3.855973482131958e-4,0
242,PHL.15.33_1,Bohol,Maribojoc,0,0,0,73.46690368652344,0,0,110200.35552978516,293867.61474609375,734669.0368652344,0,0,0,0,0,0,0,0,0
243,PHL.15.34_1,Bohol,Panglao,0,0,0,0,0,0,0,0,0,0,0,0,0,0,0,0,0,0
244,PHL.15.35_1,Bohol,Pilar,0,0,0,0,0,0,0,0,0,0,0,0,0,0,0,0,0,0
245,PHL.15.36_1,Bohol,Pres. Carlos P. Garcia,0,0,0,499.7102355957031,0,0,749565.3533935547,1998840.9423828125,4997102.355957031,0,0,0,1.3601288795471191,0,1.3601288795471191,0,0,0
246,PHL.15.37_1,Bohol,Sagbayan,0,0,0,0,0,0,0,0,0,0,0,0,0,0,0,0,0,0
247,PHL.15.38_1,Bohol,San Isidro,0,0,0,0,0,0,0,0,0,0,0,0,0,0,0,0,0,0
248,PHL.15.39_1,Bohol,San Miguel,0,0,0,0,0,0,0,0,0,0,0,0,0,0,0,0,0,0
249,PHL.15.40_1,Bohol,Sevilla,0,0,0,0,0,0,0,0,0,0,0,0,0,0,0,0,0,0
250,PHL.15.41_1,Bohol,Sierra Bullones,0,0,0,0,0,0,0,0,0,0,0,0,0,0,0,0,0,0
251,PHL.15.42_1,Bohol,Sikatuna,0,0,0,0,0,0,0,0,0,0,0,0,0,0,0,0,0,0
252,PHL.15.43_1,Bohol,Tagbilaran City,0,0,0,3.3318190574645996,0,0,4997.728586196899,13327.276229858398,33318.190574645996,0,0,0,0,0,0,0,0,0
253,PHL.15.44_1,Bohol,Talibon,105816.732078125,97017.252796875,8799.479281250009,411.691162109375,21.373981496625447,135269.5643130859,617536.7431640625,1646764.6484375,4116911.62109375,0.21904698920424967,0.08214262095159362,0.03285704838063745,16.339725494384766,0.27190205454826355,16.339725494384766,0.27190205454826355,0,0
254,PHL.15.45_1,Bohol,Trinidad,0,0,0,308.16522216796875,0,0,462247.8332519531,1232660.888671875,3081652.2216796875,0,0,0,4.387727737426758,0,4.387727737426758,0,0,0
255,PHL.15.46_1,Bohol,Tubigon,0,0,0,75.23065948486328,0,0,112845.98922729492,300922.6379394531,752306.5948486328,0,0,0,0,0,0,0,0,0
256,PHL.15.47_1,Bohol,Ubay,2233870.905,1798987.4799999995,434883.4250000003,1073.1749267578125,405.2306983297068,6685224.153215577,1609762.3901367188,4292699.70703125,10731749.267578125,4.152926043108632,1.5573472661657368,0.6229389064662948,68.39244842529297,33.701698303222656,66.7713851928711,33.701698303222656,1.621063232421875,0
257,PHL.15.48_1,Bohol,Valencia,0,0,0,0,0,0,0,0,0,0,0,0,0,0,0,0,0,0
258,PHL.16.1_1,Bukidnon,Baungon,0,0,0,0,0,0,0,0,0,0,0,0,0,0,0,0,0,0
259,PHL.16.2_1,Bukidnon,Cabanglasan,0,0,0,0,0,0,0,0,0,0,0,0,0,0,0,0,0,0
260,PHL.16.3_1,Bukidnon,Damulog,0,0,0,0,0,0,0,0,0,0,0,0,0,0,0,0,0,0
261,PHL.16.4_1,Bukidnon,Dangcagan,0,0,0,0,0,0,0,0,0,0,0,0,0,0,0,0,0,0
262,PHL.16.5_1,Bukidnon,Don Carlos,0,0,0,0,0,0,0,0,0,0,0,0,0,0,0,0,0,0
263,PHL.16.6_1,Bukidnon,Impasug-Ong,0,0,0,0,0,0,0,0,0,0,0,0,0,0,0,0,0,0
264,PHL.16.7_1,Bukidnon,Kadingilan,0,0,0,0,0,0,0,0,0,0,0,0,0,0,0,0,0,0
265,PHL.16.8_1,Bukidnon,Kalilangan,0,0,0,0,0,0,0,0,0,0,0,0,0,0,0,0,0,0
266,PHL.16.9_1,Bukidnon,Kibawe,0,0,0,0,0,0,0,0,0,0,0,0,0,0,0,0,0,0
267,PHL.16.10_1,Bukidnon,Kitaotao,0,0,0,0,0,0,0,0,0,0,0,0,0,0,0,0,0,0
268,PHL.16.11_1,Bukidnon,Lantapan,0,0,0,0,0,0,0,0,0,0,0,0,0,0,0,0,0,0
269,PHL.16.12_1,Bukidnon,Libona,0,0,0,0,0,0,0,0,0,0,0,0,0,0,0,0,0,0
270,PHL.16.13_1,Bukidnon,Malaybalay City,0,0,0,0,0,0,0,0,0,0,0,0,0,0,0,0,0,0
271,PHL.16.14_1,Bukidnon,Malitbog,0,0,0,0,0,0,0,0,0,0,0,0,0,0,0,0,0,0
272,PHL.16.15_1,Bukidnon,Manolo Fortich,0,0,0,0,0,0,0,0,0,0,0,0,0,0,0,0,0,0
273,PHL.16.16_1,Bukidnon,Maramag,0,0,0,0,0,0,0,0,0,0,0,0,0,0,0,0,0,0
274,PHL.16.17_1,Bukidnon,Pangantucan,0,0,0,0,0,0,0,0,0,0,0,0,0,0,0,0,0,0
275,PHL.16.18_1,Bukidnon,Quezon,0,0,0,0,0,0,0,0,0,0,0,0,0,0,0,0,0,0
276,PHL.16.19_1,Bukidnon,San Fernando,0,0,0,0,0,0,0,0,0,0,0,0,0,0,0,0,0,0
277,PHL.16.20_1,Bukidnon,Sumilao,0,0,0,0,0,0,0,0,0,0,0,0,0,0,0,0,0,0
278,PHL.16.21_1,Bukidnon,Talakag,0,0,0,0,0,0,0,0,0,0,0,0,0,0,0,0,0,0
279,PHL.16.22_1,Bukidnon,Valencia City,0,0,0,0,0,0,0,0,0,0,0,0,0,0,0,0,0,0
280,PHL.17.1_1,Bulacan,Angat,0,0,0,0,0,0,0,0,0,0,0,0,0,0,0,0,0,0
281,PHL.17.2_1,Bulacan,Balagtas,1353139.6882500001,1353139.6882500001,0,0,0,0,0,0,0,0,0,0,51.59088897705078,34.794952392578125,51.59088897705078,34.794952392578125,0,0
282,PHL.17.3_1,Bulacan,Baliuag,0,0,0,0,0,0,0,0,0,0,0,0,0,0,0,0,0,0
283,PHL.17.4_1,Bulacan,Bocaue,8763849.120000001,8735865.742999999,27983.37700000219,0,27983377000002.188,430173.092499333,0,0,0,430173092499333,430173092499333,430173092499333,51.772743225097656,131.86386108398438,51.772743225097656,131.86386108398438,0,0
284,PHL.17.5_1,Bulacan,Bulacan,7516552.157000001,7481975.677000001,34576.479999999516,0,34576479999999.51,531525.2454819862,0,0,0,531525245481986.2,531525245481986.2,531525245481986.2,98.709930419921875,79.42832946777344,98.709930419921875,79.42832946777344,0,0
285,PHL.17.6_1,Bulacan,Bustos,0,0,0,0,0,0,0,0,0,0,0,0,0,0,0,0,0,0
286,PHL.17.7_1,Bulacan,Calumpit,121631.64206249999,120983.45003124997,648.1920312500151,0,648192031250.0151,9964.300256406563,0,0,0,9964300256406.5625,9964300256406.5625,9964300256406.5625,0.4849419891834259,0.8358711004257202,0.4849419891834259,0.8358711004257202,0,0
287,PHL.17.8_1,Bulacan,Doña Remedios Trinidad,0,0,0,0,0,0,0,0,0,0,0,0,0,0,0,0,0,0
288,PHL.17.9_1,Bulacan,Guiguinto,232370.36362499997,232370.36362499997,0,0,0,0,0,0,0,0,0,0,9.5238800048828125,5.86534309387207,9.5238800048828125,5.86534309387207,0,0
289,PHL.17.10_1,Bulacan,Hagonoy,2780224.8285000003,2706782.7010000004,73442.12749999994,0,73442127499999.94,1128985.508303834,0,0,0,1128985508303833.8,1128985508303833.8,1128985508303833.8,74.5477066040039,31.833545684814453,74.5477066040039,31.833545684814453,0,0
290,PHL.17.11_1,Bulacan,Malolos City,9601789.254,8729360.440000001,872428.8139999993,0,872428813999999.25,13411369.21765646,0,0,0,13411369217656458,13411369217656458,13411369217656458,129.76402282714844,66.866607666015625,129.76402282714844,66.866607666015625,0,0
291,PHL.17.12_1,Bulacan,Marilao,993366.53875,985956.6752500001,7409.863499999861,0,7409863499999.86,113907.76376963446,0,0,0,113907763769634.45,113907763769634.45,113907763769634.45,1.5303571224212646,2.6772069931030273,1.5303571224212646,2.6772069931030273,0,0
292,PHL.17.13_1,Bulacan,Meycauayan City,15925035.658,15741993.702,183041.95600000024,0,183041956000000.22,2813803.5044748452,0,0,0,2813803504474845,2813803504474845,2813803504474845,91.481170654296875,150.56683349609375,91.481170654296875,150.56683349609375,0,0
293,PHL.17.14_1,Bulacan,Norzagaray,0,0,0,0,0,0,0,0,0,0,0,0,0,0,0,0,0,0
294,PHL.17.15_1,Bulacan,Obando,168157.09368750002,160155.52321874996,8001.570468750055,70.077728271484375,114.18136212623216,123003.75016901211,105116.59240722656,280310.9130859375,700777.28271484375,1.1701649316455187,0.43881184936706946,0.1755247397468278,0.09007920324802399,0.07357776165008545,0.09007920324802399,0.07357776165008545,0,0
295,PHL.17.16_1,Bulacan,Pandi,0,0,0,0,0,0,0,0,0,0,0,0,0,0,0,0,0,0
296,PHL.17.17_1,Bulacan,Paombong,6053265.197,4820468.934,1232796.2629999993,120.27252960205078,10250.023567966751,18951100.179091655,180408.79440307617,481090.1184082031,1202725.2960205078,105.04532354864247,39.39199633074092,15.75679853229637,103.01004028320312,55.6761589050293,103.01004028320312,55.6761589050293,0,0
297,PHL.17.18_1,Bulacan,Plaridel,0,0,0,0,0,0,0,0,0,0,0,0,0,0,0,0,0,0
298,PHL.17.19_1,Bulacan,Pulilan,0,0,0,0,0,0,0,0,0,0,0,0,0,0,0,0,0,0
299,PHL.17.20_1,Bulacan,San Ildefonso,0,0,0,0,0,0,0,0,0,0,0,0,0,0,0,0,0,0
300,PHL.17.21_1,Bulacan,San Jose del Monte City,0,0,0,0,0,0,0,0,0,0,0,0,0,0,0,0,0,0
301,PHL.17.22_1,Bulacan,San Miguel,0,0,0,0,0,0,0,0,0,0,0,0,0,0,0,0,0,0
302,PHL.17.23_1,Bulacan,San Rafael,0,0,0,0,0,0,0,0,0,0,0,0,0,0,0,0,0,0
303,PHL.17.24_1,Bulacan,Santa Maria,0,0,0,0,0,0,0,0,0,0,0,0,0,0,0,0,0,0
304,PHL.18.1_1,Cagayan,Abulug,264893.413375,244935.94309375001,19957.47028124999,412.0136413574219,48.43885803270499,306795.234518985,618020.4620361328,1648054.5654296875,4120136.4135742188,0.4964159819372584,0.1861559932264719,0.07446239729058876,21.277183532714844,2.058229446411133,19.23454475402832,2.058229446411133,2.0426387786865234,0
305,PHL.18.2_1,Cagayan,Alcala,0,0,0,0,0,0,0,0,0,0,0,0,0,0,0,0,0,0
306,PHL.18.3_1,Cagayan,Allacapan,0,0,0,0,0,0,0,0,0,0,0,0,0,0,0,0,0,0
307,PHL.18.4_1,Cagayan,Amulung,0,0,0,0,0,0,0,0,0,0,0,0,0,0,0,0,0,0
308,PHL.18.5_1,Cagayan,Aparri,2959802.153,2861604.2275000005,98197.92549999943,1455.664794921875,67.45916081955508,1509542.80069023,2183497.1923828125,5822659.1796875,14556647.94921875,0.6913417640088156,0.2592531615033059,0.10370126460132235,118.1788558959961,40.78231430053711,118.1788558959961,40.78231430053711,0,0
309,PHL.18.6_1,Cagayan,Baggao,0,0,0,0,0,0,0,0,0,0,0,0,0,0,0,0,0,0
310,PHL.18.7_1,Cagayan,Ballesteros,0,0,0,28.19283103942871,0,0,42289.24655914307,112771.32415771484,281928.3103942871,0,0,0,0,0,0,0,0,0
311,PHL.18.8_1,Cagayan,Buguey,0,0,0,648.2598876953125,0,0,972389.83154296875,2593039.55078125,6482598.876953125,0,0,0,14.968660354614258,0,14.968660354614258,0,0,0
312,PHL.18.9_1,Cagayan,Calayan,0,0,0,0,0,0,0,0,0,0,0,0,3.127927780151367,0,3.127927780151367,0,0,0
313,PHL.18.10_1,Cagayan,Camalaniugan,214923.02106250005,213117.11678125,1805.9042812500556,0,1805904281250.0554,27761.175122754517,0,0,0,27761175122754.516,27761175122754.516,27761175122754.516,5.395114421844482,1.0686661005020142,5.395114421844482,1.0686661005020142,0,0
314,PHL.18.11_1,Cagayan,Claveria,0,0,0,0,0,0,0,0,0,0,0,0,0,0,0,0,0,0
315,PHL.18.12_1,Cagayan,Enrile,0,0,0,0,0,0,0,0,0,0,0,0,0,0,0,0,0,0
316,PHL.18.13_1,Cagayan,Gattaran,0,0,0,0,0,0,0,0,0,0,0,0,0,0,0,0,0,0
317,PHL.18.14_1,Cagayan,Gonzaga,0,0,0,0,0,0,0,0,0,0,0,0,0,0,0,0,0,0
318,PHL.18.15_1,Cagayan,Iguig,0,0,0,0,0,0,0,0,0,0,0,0,0,0,0,0,0,0
319,PHL.18.16_1,Cagayan,Lal-Lo,0,0,0,0,0,0,0,0,0,0,0,0,0,0,0,0,0,0
320,PHL.18.17_1,Cagayan,Lasam,0,0,0,0,0,0,0,0,0,0,0,0,0,0,0,0,0,0
321,PHL.18.18_1,Cagayan,Pamplona,0,0,0,708.0064697265625,0,0,1062009.7045898438,2832025.87890625,7080064.697265625,0,0,0,10.324174880981445,0,4.851055145263672,0,5.473119735717773,0
322,PHL.18.19_1,Cagayan,Peñablanca,0,0,0,0,0,0,0,0,0,0,0,0,0,0,0,0,0,0
323,PHL.18.20_1,Cagayan,Piat,0,0,0,0,0,0,0,0,0,0,0,0,0,0,0,0,0,0
324,PHL.18.21_1,Cagayan,Rizal,0,0,0,0,0,0,0,0,0,0,0,0,0,0,0,0,0,0
325,PHL.18.22_1,Cagayan,Sanchez-Mira,327203.0094375001,327203.0094375001,0,0,0,0,0,0,0,0,0,0,3.4886391162872314,5.528421401977539,3.4886391162872314,5.528421401977539,0,0
326,PHL.18.23_1,Cagayan,Santa Ana,0,0,0,505.85394287109375,0,0,758780.9143066406,2023415.771484375,5058539.4287109375,0,0,0,0,0,0,0,0,0
327,PHL.18.24_1,Cagayan,Santa Praxedes,0,0,0,0,0,0,0,0,0,0,0,0,0,0,0,0,0,0
328,PHL.18.25_1,Cagayan,Santa Teresita,0,0,0,188.64149475097656,0,0,282962.24212646484,754565.97900390625,1886414.9475097656,0,0,0,0,0,0,0,0,0
329,PHL.18.26_1,Cagayan,Santo Niño,0,0,0,0,0,0,0,0,0,0,0,0,0,0,0,0,0,0
330,PHL.18.27_1,Cagayan,Solana,0,0,0,0,0,0,0,0,0,0,0,0,0,0,0,0,0,0
331,PHL.18.28_1,Cagayan,Tuao,0,0,0,0,0,0,0,0,0,0,0,0,0,0,0,0,0,0
332,PHL.18.29_1,Cagayan,Tuguegarao City,0,0,0,0,0,0,0,0,0,0,0,0,0,0,0,0,0,0
333,PHL.19.1_1,Camarines Norte,Basud,1584.6074560546872,1029.9948743896484,554.6125816650388,156.0220184326172,3.5547071319588452,8525.754750538863,234033.02764892578,624088.07373046875,1560220.1843261719,0.03642970753396565,0.013661140325237119,0.005464456130094848,0,0,0,0,0,0
334,PHL.19.2_1,Camarines Norte,Capalonga,2184916.1240000003,1782636.5075000003,402279.6165,864.43133544921875,465.36908138683737,6184023.703759456,1296647.0031738281,3457725.341796875,8644313.3544921875,4.769242275363072,1.788465853261152,0.7153863413044608,12.058684349060059,19.031661987304688,12.058684349060059,19.031661987304688,0,0
335,PHL.19.3_1,Camarines Norte,Daet,4023535.885,2970837.0445,1052698.8405,110.52236938476562,9524.758167599543,16182561.371642588,165783.55407714844,442089.4775390625,1105223.6938476562,97.6125856495508,36.60471961858155,14.641887847432619,40.143455505371094,25.912208557128906,40.143455505371094,25.912208557128906,0,0
336,PHL.19.4_1,Camarines Norte,Jose Panganiban,0,0,0,576.017578125,0,0,864026.3671875,2304070.3125,5760175.78125,0,0,0,0,0,0,0,0,0
337,PHL.19.5_1,Camarines Norte,Labo,0,0,0,0,0,0,0,0,0,0,0,0,0,0,0,0,0,0
338,PHL.19.6_1,Camarines Norte,Mercedes,2584950.868,2090159.55,494791.31799999974,134.98599243164062,3665.5012056200653,7606155.304481805,202478.98864746094,539943.9697265625,1349859.9243164062,37.565158514916284,14.086934443093607,5.634773777237443,41.049808502197266,9.634577751159668,41.049808502197266,9.634577751159668,0,0
339,PHL.19.7_1,Camarines Norte,Paracale,0,0,0,655.18060302734375,0,0,982770.9045410156,2620722.412109375,6551806.0302734375,0,0,0,0,0,0,0,0,0
340,PHL.19.8_1,Camarines Norte,San Lorenzo Ruiz,0,0,0,0,0,0,0,0,0,0,0,0,0,0,0,0,0,0
341,PHL.19.9_1,Camarines Norte,San Vicente,0,0,0,0,0,0,0,0,0,0,0,0,0,0,0,0,0,0
342,PHL.19.10_1,Camarines Norte,Santa Elena,0,0,0,1094.38818359375,0,0,1641582.275390625,4377552.734375,10943881.8359375,0,0,0,39.07082748413086,0,39.07082748413086,0,0,0
343,PHL.19.11_1,Camarines Norte,Talisay,6686.906554687501,4604.819461914062,2082.0870927734386,0.30392414331436157,6850.68014033965,32006.78186736453,455.88621497154236,1215.6965732574463,3039.2414331436157,70.20782997214005,26.327936239552518,10.531174495821007,0.033588897436857224,0.035232916474342346,0.033588897436857224,0.035232916474342346,0,0
344,PHL.19.12_1,Camarines Norte,Vinzons,0,0,0,1199.1767578125,0,0,1798765.13671875,4796707.03125,11991767.578125,0,0,0,0,0,0,0,0,0
345,PHL.20.1_1,Camarines Sur,Baao,0,0,0,0,0,0,0,0,0,0,0,0,0,0,0,0,0,0
346,PHL.20.2_1,Camarines Sur,Balatan,0,0,0,0,0,0,0,0,0,0,0,0,0,0,0,0,0,0
347,PHL.20.4_1,Camarines Sur,Bato,0,0,0,0,0,0,0,0,0,0,0,0,0,0,0,0,0,0
348,PHL.20.3_1,Camarines Sur,Bato Lake,0,0,0,0,0,0,0,0,0,0,0,0,0,0,0,0,0,0
349,PHL.20.5_1,Camarines Sur,Bombon,51077.548906250006,44629.61525,6447.933656250003,197.73516845703125,32.60893702705783,99120.54435529272,296602.7526855469,790940.673828125,1977351.6845703125,0.33418619165810176,0.12531982187178814,0.05012792874871526,4.425138473510742,1.7131959199905396,4.313152313232422,1.7042313814163208,0.11198616027832031,0.00896453857421875
350,PHL.20.7_1,Camarines Sur,Buhi,0,0,0,0,0,0,0,0,0,0,0,0,0,0,0,0,0,0
351,PHL.20.6_1,Camarines Sur,Buhi Lake,0,0,0,0,0,0,0,0,0,0,0,0,0,0,0,0,0,0
352,PHL.20.8_1,Camarines Sur,Bula,0,0,0,0,0,0,0,0,0,0,0,0,0,0,0,0,0,0
353,PHL.20.9_1,Camarines Sur,Cabusao,3198849.787,2564622.8415,634226.9454999999,103.39649963378906,6133.930527109838,9749622.659628235,155094.7494506836,413585.99853515625,1033964.9963378906,62.86236442019838,23.573386657574392,9.429354663029757,89.40263366699219,23.501798629760742,88.30562591552734,23.413984298706055,1.0970077514648438,0.0878143310546875
354,PHL.20.10_1,Camarines Sur,Calabanga,5062239.391000001,4473840.332,588399.0590000004,1254.5526123046875,469.01106675715766,9045135.718741447,1881828.9184570312,5018210.44921875,12545526.123046875,4.806566436526987,1.8024624136976202,0.720984965479048,185.19468688964844,58.10306930541992,185.17088317871094,58.10116195678711,0.0238037109375,0.0019073486328125
355,PHL.20.11_1,Camarines Sur,Camaligan,0,0,0,0,0,0,0,0,0,0,0,0,0,0,0,0,0,0
356,PHL.20.12_1,Camarines Sur,Canaman,0,0,0,87.31510925292969,0,0,130972.66387939453,349260.43701171875,873151.0925292969,0,0,0,0,0,0,0,0,0
357,PHL.20.13_1,Camarines Sur,Caramoan,186011.78924999997,163849.467875,22162.32137499997,573.186279296875,38.66512890396886,340689.1999792256,859779.4189453125,2292745.1171875,5731862.79296875,0.39625186701624876,0.14859445013109326,0.059437780052437314,4.559060573577881,1.2355791330337524,4.559060573577881,1.2355791330337524,0,0
358,PHL.20.14_1,Camarines Sur,Del Gallego,0,0,0,56.55532455444336,0,0,84832.98683166504,226221.29821777344,565553.2455444336,0,0,0,8.316904067993164,0,8.316904067993164,0,0,0
359,PHL.20.15_1,Camarines Sur,Gainza,0,0,0,0,0,0,0,0,0,0,0,0,0,0,0,0,0,0
360,PHL.20.16_1,Camarines Sur,Garchitorena,0,0,0,859.18011474609375,0,0,1288770.1721191406,3436720.458984375,8591801.1474609375,0,0,0,0,0,0,0,0,0
361,PHL.20.17_1,Camarines Sur,Goa,0,0,0,0,0,0,0,0,0,0,0,0,0,0,0,0,0,0
362,PHL.20.18_1,Camarines Sur,Iriga City,0,0,0,0,0,0,0,0,0,0,0,0,0,0,0,0,0,0
363,PHL.20.19_1,Camarines Sur,Lagonoy,0,0,0,1105.174560546875,0,0,1657761.8408203125,4420698.2421875,11051745.60546875,0,0,0,0,0,0,0,0,0
364,PHL.20.20_1,Camarines Sur,Libmanan,125.26428839111328,73.7584594116211,51.50582897949218,76.31844329833984,0.6748804974722615,791.770833586246,114477.66494750977,305273.7731933594,763184.4329833984,0.006916378264260442,0.0025936418490976657,0.0010374567396390663,16.093307495117188,0.006302196998149157,16.0168399810791,1.8097515567205846e-4,0.07646751403808594,0.006121221842477098
365,PHL.20.21_1,Camarines Sur,Lupi,0,0,0,108.66400146484375,0,0,162996.00219726562,434656.005859375,1086640.0146484375,0,0,0,0,0,0,0,0,0
366,PHL.20.22_1,Camarines Sur,Magarao,0.30515594863891604,0.28748191833496095,0.01767403030395509,286.0377502441406,6.178915296624257e-5,0.27169316529519266,429056.62536621094,1144151.0009765625,2860377.5024414062,6.332338186440904e-7,2.374626819915339e-7,9.498507279661356e-8,0,0,0,0,0,0
367,PHL.20.23_1,Camarines Sur,Milaor,0,0,0,0,0,0,0,0,0,0,0,0,0,0,0,0,0,0
368,PHL.20.24_1,Camarines Sur,Minalabac,0,0,0,0,0,0,0,0,0,0,0,0,0,0,0,0,0,0
369,PHL.20.25_1,Camarines Sur,Nabua,0,0,0,0,0,0,0,0,0,0,0,0,0,0,0,0,0,0
370,PHL.20.26_1,Camarines Sur,Naga City,0,0,0,0,0,0,0,0,0,0,0,0,0,0,0,0,0,0
371,PHL.20.27_1,Camarines Sur,Ocampo,0,0,0,0,0,0,0,0,0,0,0,0,0,0,0,0,0,0
372,PHL.20.28_1,Camarines Sur,Pamplona,0,0,0,34.2130126953125,0,0,51319.51904296875,136852.05078125,342130.126953125,0,0,0,0,0,0,0,0,0
373,PHL.20.29_1,Camarines Sur,Pasacao,0,0,0,0,0,0,0,0,0,0,0,0,0,0,0,0,0,0
374,PHL.20.30_1,Camarines Sur,Pili,0,0,0,0,0,0,0,0,0,0,0,0,0,0,0,0,0,0
375,PHL.20.31_1,Camarines Sur,Presentacion,0,0,0,0,0,0,0,0,0,0,0,0,0,0,0,0,0,0
376,PHL.20.32_1,Camarines Sur,Ragay,3191.7777226562503,1845.0357998046875,1346.7419228515628,364.0570373535156,3.6992607879292723,20702.724254885663,546085.5560302734,1456228.1494140625,3640570.3735351562,0.037911136865407154,0.014216676324527682,0.005686670529811073,12.571636199951172,0.07855650782585144,12.571636199951172,0.07855650782585144,0,0
377,PHL.20.33_1,Camarines Sur,Sagnay,0,0,0,0,0,0,0,0,0,0,0,0,0,0,0,0,0,0
378,PHL.20.34_1,Camarines Sur,San Fernando,0,0,0,0,0,0,0,0,0,0,0,0,0,0,0,0,0,0
379,PHL.20.35_1,Camarines Sur,San Jose,295.255779296875,266.223806640625,29.03197265624999,38.981082916259766,0.744770808923325,446.2925778720044,58471.62437438965,155924.33166503906,389810.82916259766,0.0076326351909504824,0.002862238196606431,0.0011448952786425723,0,0,0,0,0,0
380,PHL.20.36_1,Camarines Sur,Sipocot,0,0,0,41.27345275878906,0,0,61910.179138183594,165093.81103515625,412734.5275878906,0,0,0,8.3983154296875,0,8.3983154296875,0,0,0
381,PHL.20.37_1,Camarines Sur,Siruma,0,0,0,452.8769226074219,0,0,679315.3839111328,1811507.6904296875,4528769.226074219,0,0,0,0,0,0,0,0,0
382,PHL.20.38_1,Camarines Sur,Tigaon,0,0,0,0,0,0,0,0,0,0,0,0,0,0,0,0,0,0
383,PHL.20.39_1,Camarines Sur,Tinambac,340814.84750000003,277680.8299375,63134.01756250003,982.654296875,64.24845213955349,970524.5931098922,1473981.4453125,3930617.1875,9826542.96875,0.658437456045541,0.24691404601707787,0.09876561840683115,17.622526168823242,3.087222099304199,17.622526168823242,3.087222099304199,0,0
384,PHL.21.1_1,Camiguin,Catarman,0,0,0,0,0,0,0,0,0,0,0,0,0,0,0,0,0,0
385,PHL.21.2_1,Camiguin,Guinsiliban,0,0,0,0,0,0,0,0,0,0,0,0,0,0,0,0,0,0
386,PHL.21.3_1,Camiguin,Mahinog,0,0,0,0,0,0,0,0,0,0,0,0,0,0,0,0,0,0
387,PHL.21.4_1,Camiguin,Mambajao,0,0,0,0,0,0,0,0,0,0,0,0,0,0,0,0,0,0
388,PHL.21.5_1,Camiguin,Sagay,0,0,0,0,0,0,0,0,0,0,0,0,0,0,0,0,0,0
389,PHL.22.1_1,Capiz,Cuartero,0,0,0,0,0,0,0,0,0,0,0,0,0,0,0,0,0,0
390,PHL.22.2_1,Capiz,Dao,0,0,0,0,0,0,0,0,0,0,0,0,0,0,0,0,0,0
391,PHL.22.3_1,Capiz,Dumalag,0,0,0,0,0,0,0,0,0,0,0,0,0,0,0,0,0,0
392,PHL.22.4_1,Capiz,Dumarao,0,0,0,0,0,0,0,0,0,0,0,0,0,0,0,0,0,0
393,PHL.22.5_1,Capiz,Ivisan,0,0,0,0,0,0,0,0,0,0,0,0,7.319665431976318,0,7.319665431976318,0,0,0
394,PHL.22.6_1,Capiz,Jamindan,0,0,0,0,0,0,0,0,0,0,0,0,0,0,0,0,0,0
395,PHL.22.7_1,Capiz,Ma-Ayon,0,0,0,0,0,0,0,0,0,0,0,0,0,0,0,0,0,0
396,PHL.22.8_1,Capiz,Mambusao,0,0,0,0,0,0,0,0,0,0,0,0,0,0,0,0,0,0
397,PHL.22.9_1,Capiz,Panay,3185208.5110000004,2846793.0705000004,338415.4405,1134.2685546875,298.35565757461745,5202274.785827231,1701402.83203125,4537074.21875,11342685.546875,3.0576384897728204,1.1466144336648076,0.45864577346592306,70.642974853515625,33.994667053222656,70.642974853515625,33.994667053222656,0,0
398,PHL.22.10_1,Capiz,Panitan,0,0,0,0,0,0,0,0,0,0,0,0,0,0,0,0,0,0
399,PHL.22.11_1,Capiz,Pilar,563.0131032714844,558.7091093749999,4.303993896484485,0,4303993896.484485,66.16293539371036,0,0,0,66162935393.71035,66162935393.71035,66162935393.71035,0.0024380653630942106,0.0013732204679399729,0.0024380653630942106,0.0013732204679399729,0,0
400,PHL.22.12_1,Capiz,Pontevedra,2982984.5609999993,2644582.1205000007,338402.44049999863,418.25421142578125,809.0831634340824,5202074.94396386,627381.3171386719,1673016.845703125,4182542.1142578125,8.29172753771058,3.1093978266414672,1.243759130656587,66.48184967041016,30.90997886657715,66.48184967041016,30.90997886657715,0,0
401,PHL.22.13_1,Capiz,President Roxas,1779042.23125,1723564.69125,55477.54000000004,0,55477540000000.03,852825.7667419339,0,0,0,852825766741933.9,852825766741933.9,852825766741933.9,37.27968978881836,32.46836471557617,37.27968978881836,32.46836471557617,0,0
402,PHL.22.14_1,Capiz,Roxas City,55345308.02399999,50041805.471999995,5303502.551999994,370.38360595703125,14318.9451873722,81527833.251568,555575.4089355469,1481534.423828125,3703836.0595703125,146.74485576633248,55.02932091237467,22.01172836494987,343.87664794921875,311.8149108886719,301.3408203125,277.1429748535156,42.53582763671875,34.67193603515625
403,PHL.22.15_1,Capiz,Sapi-An,72691.2818671875,72691.2818671875,0,0,0,0,0,0,0,0,0,0,25.571847915649414,0.1037152037024498,25.571847915649414,0.1037152037024498,0,0
404,PHL.22.16_1,Capiz,Sigma,0,0,0,0,0,0,0,0,0,0,0,0,0,0,0,0,0,0
405,PHL.22.17_1,Capiz,Tapaz,0,0,0,0,0,0,0,0,0,0,0,0,0,0,0,0,0,0
406,PHL.23.1_1,Catanduanes,Bagamanoc,0,0,0,0,0,0,0,0,0,0,0,0,0,0,0,0,0,0
407,PHL.23.2_1,Catanduanes,Baras,0,0,0,0,0,0,0,0,0,0,0,0,0,0,0,0,0,0
408,PHL.23.3_1,Catanduanes,Bato,109066.50159375,67941.40156249999,41125.10003125001,222.23976135253906,185.04834499895472,632193.5862060484,333359.6420288086,888959.04541015625,2222397.6135253906,1.8964310807347666,0.7111616552755374,0.284464662110215,15.503721237182617,1.5368436574935913,15.503721237182617,1.5368436574935913,0,0
409,PHL.23.4_1,Catanduanes,Caramoran,0,0,0,0,0,0,0,0,0,0,0,0,0,0,0,0,0,0
410,PHL.23.5_1,Catanduanes,Gigmoto,0,0,0,0,0,0,0,0,0,0,0,0,0,0,0,0,0,0
411,PHL.23.6_1,Catanduanes,Pandan,0,0,0,241.56243896484375,0,0,362343.6584472656,966249.755859375,2415624.3896484375,0,0,0,0,0,0,0,0,0
412,PHL.23.7_1,Catanduanes,Panganiban,506462.7401875,289333.68700000003,217129.0531875,576.3365478515625,376.7400384322362,3337805.736638281,864504.82177734375,2305346.19140625,5763365.478515625,3.8609451937770043,1.4478544476663766,0.5791417790665506,7.176673412322998,2.2533867359161377,7.176673412322998,2.2533867359161377,0,0
413,PHL.23.8_1,Catanduanes,San Andres,303747.7158125,303747.7158125,0,111.12712860107422,0,0,166690.69290161133,444508.5144042969,1111271.2860107422,0,0,0,17.578750610351562,1.27158522605896,17.578750610351562,1.27158522605896,0,0
414,PHL.23.9_1,Catanduanes,San Miguel,0,0,0,0,0,0,0,0,0,0,0,0,0,0,0,0,0,0
415,PHL.23.10_1,Catanduanes,Viga,128.349326751709,102.9157427368164,25.43358401489259,126.75476837158203,0.20065189137763995,390.9765247070463,190132.15255737305,507019.0734863281,1267547.6837158203,0.0020563409157694553,7.711278434135457e-4,3.084511373654183e-4,0,0,0,0,0,0
416,PHL.23.11_1,Catanduanes,Virac,251241.23693749995,250288.40337500002,952.8335624999308,0,952833562499.9308,14647.387276300487,0,0,0,14647387276300.486,14647387276300.486,14647387276300.486,18.263837814331055,5.861053943634033,18.263837814331055,5.861053943634033,0,0
417,PHL.24.1_1,Cavite,Alfonso,0,0,0,0,0,0,0,0,0,0,0,0,0,0,0,0,0,0
418,PHL.24.2_1,Cavite,Amadeo,0,0,0,0,0,0,0,0,0,0,0,0,0,0,0,0,0,0
419,PHL.24.3_1,Cavite,Bacoor,89305343.904,89305343.904,0,0,0,0,0,0,0,0,0,0,1405.0765380859375,639.4642333984375,1405.0765380859375,639.4642333984375,0,0
420,PHL.24.4_1,Cavite,Carmona,0,0,0,0,0,0,0,0,0,0,0,0,0,0,0,0,0,0
421,PHL.24.5_1,Cavite,Cavite City,4568169.848,4568169.848,0,0,0,0,0,0,0,0,0,0,240.31837463378906,147.15684509277344,240.31837463378906,147.15684509277344,0,0
422,PHL.24.6_1,Cavite,Dasmariñas,0,0,0,0,0,0,0,0,0,0,0,0,0,0,0,0,0,0
423,PHL.24.7_1,Cavite,General Emilio Aguinaldo,0,0,0,0,0,0,0,0,0,0,0,0,0,0,0,0,0,0
424,PHL.24.8_1,Cavite,General Mariano Alvarez,0,0,0,0,0,0,0,0,0,0,0,0,0,0,0,0,0,0
425,PHL.24.9_1,Cavite,General Trias,0,0,0,0,0,0,0,0,0,0,0,0,0,0,0,0,0,0
426,PHL.24.10_1,Cavite,Imus,641855.15225,641855.15225,0,0,0,0,0,0,0,0,0,0,44.418392181396484,44.55571365356445,44.418392181396484,44.55571365356445,0,0
427,PHL.24.11_1,Cavite,Indang,0,0,0,0,0,0,0,0,0,0,0,0,0,0,0,0,0,0
428,PHL.24.12_1,Cavite,Kawit,17546146.843999997,17546146.843999997,0,0,0,0,0,0,0,0,0,0,233.43850708007812,177.0079345703125,233.43850708007812,177.0079345703125,0,0
429,PHL.24.13_1,Cavite,Magallanes,0,0,0,0,0,0,0,0,0,0,0,0,0,0,0,0,0,0
430,PHL.24.14_1,Cavite,Maragondon,0,0,0,0,0,0,0,0,0,0,0,0,0,0,0,0,0,0
431,PHL.24.15_1,Cavite,Mendez,0,0,0,0,0,0,0,0,0,0,0,0,0,0,0,0,0,0
432,PHL.24.16_1,Cavite,Naic,469992.95612499997,469992.95612499997,0,0,0,0,0,0,0,0,0,0,68.71943664550781,28.442752838134766,68.71943664550781,28.442752838134766,0,0
433,PHL.24.17_1,Cavite,Noveleta,7238568.113000001,7238568.113000001,0,0,0,0,0,0,0,0,0,0,177.8873748779297,116.64187622070312,177.8873748779297,116.64187622070312,0,0
434,PHL.24.18_1,Cavite,Rosario,0,0,0,0,0,0,0,0,0,0,0,0,0,0,0,0,0,0
435,PHL.24.19_1,Cavite,Silang,0,0,0,0,0,0,0,0,0,0,0,0,0,0,0,0,0,0
436,PHL.24.20_1,Cavite,Tagaytay City,0,0,0,0,0,0,0,0,0,0,0,0,0,0,0,0,0,0
437,PHL.24.21_1,Cavite,Tanza,0,0,0,0,0,0,0,0,0,0,0,0,0,0,0,0,0,0
438,PHL.24.22_1,Cavite,Ternate,170024.74018749996,170024.74018749996,0,0,0,0,0,0,0,0,0,0,4.350661277770996,7.214603424072266,4.350661277770996,7.214603424072266,0,0
439,PHL.24.23_1,Cavite,Trece Martires City,0,0,0,0,0,0,0,0,0,0,0,0,0,0,0,0,0,0
440,PHL.25.1_1,Cebu,Alcantara,0,0,0,0,0,0,0,0,0,0,0,0,0,0,0,0,0,0
441,PHL.25.2_1,Cebu,Alcoy,0,0,0,0,0,0,0,0,0,0,0,0,0,0,0,0,0,0
442,PHL.25.3_1,Cebu,Alegria,0,0,0,0,0,0,0,0,0,0,0,0,0,0,0,0,0,0
443,PHL.25.4_1,Cebu,Aloguinsan,0,0,0,0,0,0,0,0,0,0,0,0,0,0,0,0,0,0
444,PHL.25.5_1,Cebu,Argao,0,0,0,0,0,0,0,0,0,0,0,0,0,0,0,0,0,0
445,PHL.25.6_1,Cebu,Asturias,4304419.616,4274595.3,29824.316000000574,80.58885955810547,370.0798865195122,458472.83712028683,120883.2893371582,322355.4382324219,805888.5955810547,3.7926899543703705,1.422258732888889,0.5689034931555556,56.604976654052734,42.655582427978516,47.08678436279297,39.8823127746582,9.518192291259766,2.7732696533203125
446,PHL.25.7_1,Cebu,Badian,0,0,0,0,0,0,0,0,0,0,0,0,0,0,0,0,0,0
447,PHL.25.8_1,Cebu,Balamban,25386963.879999995,25386963.879999995,0,0,0,0,0,0,0,0,0,0,102.9914321899414,137.6494598388672,102.9914321899414,137.6494598388672,0,0
448,PHL.25.9_1,Cebu,Bantayan,1143744.40075,1140641.294,3103.1067500000354,0,3103106750000.035,47702.35654556508,0,0,0,47702356545565.08,47702356545565.08,47702356545565.08,41.562862396240234,19.113752365112305,41.562862396240234,19.113752365112305,0,0
449,PHL.25.10_1,Cebu,Barili,0,0,0,0,0,0,0,0,0,0,0,0,0,0,0,0,0,0
450,PHL.25.11_1,Cebu,Bogo City,1243244.781,771483.4345,471761.3465,210.3682403564453,2242.5502333463146,7252128.195447551,315552.36053466797,841472.96142578125,2103682.403564453,22.982329091627253,8.61837340936022,3.4473493637440877,17.88842010498047,31.499685287475586,14.928648948669434,24.63547134399414,2.959771156311035,6.864213943481445
451,PHL.25.12_1,Cebu,Boljoon,0,0,0,0,0,0,0,0,0,0,0,0,0,0,0,0,0,0
452,PHL.25.13_1,Cebu,Borbon,0,0,0,0,0,0,0,0,0,0,0,0,0,0,0,0,0,0
453,PHL.25.14_1,Cebu,Carcar,0,0,0,72.545257568359375,0,0,108817.88635253906,290181.0302734375,725452.57568359375,0,0,0,0,0,0,0,0,0
454,PHL.25.15_1,Cebu,Carmen,36729.5738125,36729.5738125,0,0,0,0,0,0,0,0,0,0,0,0,0,0,0,0
455,PHL.25.16_1,Cebu,Catmon,0,0,0,0,0,0,0,0,0,0,0,0,0,0,0,0,0,0
456,PHL.25.17_1,Cebu,Cebu City,71647664.928,58544955.656,13102709.272,119.62798309326172,109528.79864057522,201420756.60330358,179441.97463989258,478511.9323730469,1196279.8309326172,1122.484062090369,420.93152328388834,168.37260931355533,622.1136474609375,396.3819274902344,622.1136474609375,396.3819274902344,0,0
457,PHL.25.18_1,Cebu,Compostela,0,0,0,0,0,0,0,0,0,0,0,0,0,0,0,0,0,0
458,PHL.25.19_1,Cebu,Consolacion,149924.787,149924.787,0,0,0,0,0,0,0,0,0,0,0,0,0,0,0,0
459,PHL.25.20_1,Cebu,Cordoba,3777633.484,2492880.115500001,1284753.3684999994,60.37064743041992,21281.093100429964,19749808.23888899,90555.97114562988,241482.5897216797,603706.4743041992,218.09504098992915,81.78564037122342,32.71425614848937,109.96451568603516,39.0191650390625,109.96451568603516,39.0191650390625,0,0
460,PHL.25.21_1,Cebu,Daanbantayan,0,0,0,68.44895935058594,0,0,102673.4390258789,273795.83740234375,684489.5935058594,0,0,0,0,0,0,0,0,0
461,PHL.25.22_1,Cebu,Dalaguete,0,0,0,90.749176025390625,0,0,136123.76403808594,362996.7041015625,907491.76025390625,0,0,0,0,0,0,0,0,0
462,PHL.25.23_1,Cebu,Danao City,0,0,0,0,0,0,0,0,0,0,0,0,0,0,0,0,0,0
463,PHL.25.24_1,Cebu,Danao Lake,0,0,0,0,0,0,0,0,0,0,0,0,0,0,0,0,0,0
464,PHL.25.25_1,Cebu,Dumanjug,0,0,0,0,0,0,0,0,0,0,0,0,0,0,0,0,0,0
465,PHL.25.26_1,Cebu,Ginatilan,0,0,0,0,0,0,0,0,0,0,0,0,0,0,0,0,0,0
466,PHL.25.27_1,Cebu,Lapu-Lapu City,69765156.256,67473207.984,2291948.272,0,2291948271999999.5,35232862.567468725,0,0,0,35232862567468724,35232862567468724,35232862567468724,156.2745819091797,226.08114624023438,156.2745819091797,226.08114624023438,0,0
467,PHL.25.28_1,Cebu,Liloan,0,0,0,0,0,0,0,0,0,0,0,0,0,0,0,0,0,0
468,PHL.25.29_1,Cebu,Madridejos,82189.37,65029.776625000006,17159.59337499999,101.85470581054688,168.47128700089127,263785.0087984104,152782.0587158203,407418.8232421875,1018547.0581054688,1.7265444059047488,0.6474541522142808,0.2589816608857123,22.78645896911621,3.4563822746276855,0,0.8982905745506287,22.78645896911621,2.558091700077057
469,PHL.25.30_1,Cebu,Malabuyoc,0,0,0,0,0,0,0,0,0,0,0,0,0,0,0,0,0,0
470,PHL.25.31_1,Cebu,Mandaue City,140907235.616,139979929.936,927305.6800000072,0,927305680000007.1,14254961.152750392,0,0,0,14254961152750390,14254961152750390,14254961152750390,511.8843688964844,1060.747314453125,511.8843688964844,1060.747314453125,0,0
471,PHL.25.32_1,Cebu,Medellin,170101.82475,137163.665,32938.15974999999,60.858646392822266,541.2239953119423,506340.2476725181,91287.9695892334,243434.58557128906,608586.4639282227,5.54662624167113,2.0799848406266737,0.8319939362506695,11.034847259521484,10.15792179107666,2.671269416809082,3.6868021488189697,8.363577842712402,6.47111964225769
472,PHL.25.33_1,Cebu,Minglanilla,0,0,0,0,0,0,0,0,0,0,0,0,0,0,0,0,0,0
473,PHL.25.34_1,Cebu,Moalboal,4752.5008515625,4239.9215234375,512.5793281250008,94.1920394897461,5.441854013372341,7879.600618994079,141288.05923461914,376768.1579589844,941920.3948974609,0.055769756210674724,0.02091365857900302,0.008365463431601208,0,0,0,0,0,0
474,PHL.25.35_1,Cebu,Naga City,0,0,0,0,0,0,0,0,0,0,0,0,0,0,0,0,0,0
475,PHL.25.36_1,Cebu,Oslob,0,0,0,0,0,0,0,0,0,0,0,0,0,0,0,0,0,0
476,PHL.25.37_1,Cebu,Pilar,0,0,0,0,0,0,0,0,0,0,0,0,0,0,0,0,0,0
477,PHL.25.38_1,Cebu,Pinamungahan,4140111.597,2680499.4099999997,1459612.1870000004,124.50350189208984,11723.462913236617,22437816.86289885,186755.25283813477,498014.0075683594,1245035.0189208984,120.14557299947134,45.054589874801756,18.021835949920703,17.16873550415039,17.746501922607422,17.16873550415039,17.746501922607422,0,0
478,PHL.25.39_1,Cebu,Poro,0,0,0,384.0029602050781,0,0,576004.4403076172,1536011.8408203125,3840029.6020507812,0,0,0,0,0,0,0,0,0
479,PHL.25.40_1,Cebu,Ronda,0,0,0,0,0,0,0,0,0,0,0,0,0,0,0,0,0,0
480,PHL.25.41_1,Cebu,Samboan,0,0,0,0,0,0,0,0,0,0,0,0,0,0,0,0,0,0
481,PHL.25.42_1,Cebu,San Fernando,0,0,0,0,0,0,0,0,0,0,0,0,0,0,0,0,0,0
482,PHL.25.43_1,Cebu,San Francisco,0,0,0,0,0,0,0,0,0,0,0,0,0,0,0,0,0,0
483,PHL.25.44_1,Cebu,San Remigio,3022.0679199218753,2548.933033203125,473.1348867187503,0,473134886718.75024,7273.242875193744,0,0,0,7273242875193.744,7273242875193.744,7273242875193.744,0,0,0,0,0,0
484,PHL.25.45_1,Cebu,Santa Fe,0,0,0,0,0,0,0,0,0,0,0,0,0,0,0,0,0,0
485,PHL.25.46_1,Cebu,Santander,0,0,0,0,0,0,0,0,0,0,0,0,0,0,0,0,0,0
486,PHL.25.47_1,Cebu,Sibonga,0,0,0,79.52045440673828,0,0,119280.68161010742,318081.8176269531,795204.5440673828,0,0,0,0,0,0,0,0,0
487,PHL.25.48_1,Cebu,Sogod,0,0,0,0,0,0,0,0,0,0,0,0,0,0,0,0,0,0
488,PHL.25.49_1,Cebu,Tabogon,0,0,0,0,0,0,0,0,0,0,0,0,0,0,0,0,0,0
489,PHL.25.50_1,Cebu,Tabuelan,0,0,0,0,0,0,0,0,0,0,0,0,0,0,0,0,0,0
490,PHL.25.51_1,Cebu,Talisay City,14213702.088000001,10866827.086,3346875.002000002,4.914654731750488,680999.0090205017,51449672.06134341,7371.982097625732,19658.618927001953,49146.54731750488,6979.082610348934,2617.1559788808504,1046.8623915523401,157.52125549316406,131.87893676757812,157.52125549316406,131.87893676757812,0,0
491,PHL.25.52_1,Cebu,Toledo City,0,0,0,0,0,0,0,0,0,0,0,0,0,0,0,0,0,0
492,PHL.25.53_1,Cebu,Tuburan,0,0,0,0,0,0,0,0,0,0,0,0,0,0,0,0,0,0
493,PHL.25.54_1,Cebu,Tudela,0,0,0,17.01270866394043,0,0,25519.062995910645,68050.83465576172,170127.0866394043,0,0,0,0,0,0,0,0,0
494,PHL.26.1_1,Compostela Valley,Compostela,0,0,0,0,0,0,0,0,0,0,0,0,0,0,0,0,0,0
495,PHL.26.2_1,Compostela Valley,Laak,0,0,0,0,0,0,0,0,0,0,0,0,0,0,0,0,0,0
496,PHL.26.3_1,Compostela Valley,Mabini,3853.0303261718755,3853.0303261718755,0,0,0,0,0,0,0,0,0,0,1.8295574188232422,0.411509245634079,1.8295574188232422,0.411509245634079,0,0
497,PHL.26.4_1,Compostela Valley,Maco,419049.08599999995,419049.08599999995,0,0,0,0,0,0,0,0,0,0,15.49901294708252,9.661462783813477,15.49901294708252,9.661462783813477,0,0
498,PHL.26.5_1,Compostela Valley,Maragusan,0,0,0,0,0,0,0,0,0,0,0,0,0,0,0,0,0,0
499,PHL.26.6_1,Compostela Valley,Mawab,0,0,0,0,0,0,0,0,0,0,0,0,0,0,0,0,0,0
500,PHL.26.7_1,Compostela Valley,Monkayo,0,0,0,0,0,0,0,0,0,0,0,0,0,0,0,0,0,0
501,PHL.26.8_1,Compostela Valley,Montevista,0,0,0,0,0,0,0,0,0,0,0,0,0,0,0,0,0,0
502,PHL.26.9_1,Compostela Valley,Nabunturan,0,0,0,0,0,0,0,0,0,0,0,0,0,0,0,0,0,0
503,PHL.26.10_1,Compostela Valley,New Bataan,0,0,0,0,0,0,0,0,0,0,0,0,0,0,0,0,0,0
504,PHL.26.11_1,Compostela Valley,Pantukan,32004.0311875,32004.0311875,0,0,0,0,0,0,0,0,0,0,14.985097885131836,1.3584728240966797,14.985097885131836,1.3584728240966797,0,0
505,PHL.27.1_1,Davao del Norte,Asuncion,0,0,0,0,0,0,0,0,0,0,0,0,0,0,0,0,0,0
506,PHL.27.2_1,Davao del Norte,Braulio E. Dujali,0,0,0,0,0,0,0,0,0,0,0,0,0,0,0,0,0,0
507,PHL.27.3_1,Davao del Norte,Carmen,12190718.294,12190718.294,0,0,0,0,0,0,0,0,0,0,59.1337890625,46.83604049682617,59.1337890625,46.83604049682617,0,0
508,PHL.27.4_1,Davao del Norte,Kapalong,0,0,0,0,0,0,0,0,0,0,0,0,0,0,0,0,0,0
509,PHL.27.5_1,Davao del Norte,New Corella,0,0,0,0,0,0,0,0,0,0,0,0,0,0,0,0,0,0
510,PHL.27.6_1,Davao del Norte,Panabo City,47200207.43999999,47200207.43999999,0,0,0,0,0,0,0,0,0,0,119.56158447265625,187.7903289794922,119.56158447265625,187.7903289794922,0,0
511,PHL.27.7_1,Davao del Norte,Samal City,375480.17268749996,375480.17268749996,0,0,0,0,0,0,0,0,0,0,0,23.41602325439453,0,23.41602325439453,0,0
512,PHL.27.8_1,Davao del Norte,San Isidro,0,0,0,0,0,0,0,0,0,0,0,0,0,0,0,0,0,0
513,PHL.27.9_1,Davao del Norte,Santo Tomas,0,0,0,0,0,0,0,0,0,0,0,0,0,0,0,0,0,0
514,PHL.27.10_1,Davao del Norte,Tagum City,3699271.559,3699271.559,0,0,0,0,0,0,0,0,0,0,49.22726058959961,10.287843704223633,49.22726058959961,10.287843704223633,0,0
515,PHL.27.11_1,Davao del Norte,Talaingod,0,0,0,0,0,0,0,0,0,0,0,0,0,0,0,0,0,0
516,PHL.28.1_1,Davao del Sur,Bansalan,0,0,0,0,0,0,0,0,0,0,0,0,0,0,0,0,0,0
517,PHL.28.2_1,Davao del Sur,Davao City,2370518789.632,2370518789.632,0,0,0,0,0,0,0,0,0,0,2659.24072265625,5657.37109375,2659.24072265625,5657.37109375,0,0
518,PHL.28.3_1,Davao del Sur,Digos City,51190.366265624994,51190.366265624994,0,0,0,0,0,0,0,0,0,0,0,0,0,0,0,0
519,PHL.28.4_1,Davao del Sur,Don Marcelino,0,0,0,0,0,0,0,0,0,0,0,0,0,0,0,0,0,0
520,PHL.28.5_1,Davao del Sur,Hagonoy,4010329.386,4010329.386,0,0,0,0,0,0,0,0,0,0,15.490954399108887,12.23461627960205,15.490954399108887,12.23461627960205,0,0
521,PHL.28.6_1,Davao del Sur,Jose Abad Santos,0,0,0,0,0,0,0,0,0,0,0,0,0,0,0,0,0,0
522,PHL.28.7_1,Davao del Sur,Kiblawan,0,0,0,0,0,0,0,0,0,0,0,0,0,0,0,0,0,0
523,PHL.28.8_1,Davao del Sur,Magsaysay,0,0,0,0,0,0,0,0,0,0,0,0,0,0,0,0,0,0
524,PHL.28.9_1,Davao del Sur,Malalag,36478.929214843745,36478.929214843745,0,0,0,0,0,0,0,0,0,0,0.8304966688156128,1.2943391799926758,0.8304966688156128,1.2943391799926758,0,0
525,PHL.28.10_1,Davao del Sur,Malita,0,0,0,0,0,0,0,0,0,0,0,0,0,0,0,0,0,0
526,PHL.28.11_1,Davao del Sur,Matanao,0,0,0,0,0,0,0,0,0,0,0,0,0,0,0,0,0,0
527,PHL.28.12_1,Davao del Sur,Padada,2145090.2415,2145090.2415,0,0,0,0,0,0,0,0,0,0,15.127358436584473,3.8132543563842773,15.127358436584473,3.8132543563842773,0,0
528,PHL.28.13_1,Davao del Sur,Santa Cruz,7238817.17,7238817.17,0,0,0,0,0,0,0,0,0,0,7.391296863555908,44.947139739990234,7.391296863555908,44.947139739990234,0,0
529,PHL.28.14_1,Davao del Sur,Santa Maria,0,0,0,0,0,0,0,0,0,0,0,0,0,0,0,0,0,0
530,PHL.28.15_1,Davao del Sur,Sarangani,0,0,0,0,0,0,0,0,0,0,0,0,0,0,0,0,0,0
531,PHL.28.16_1,Davao del Sur,Sulop,172164.92681250002,172164.92681250002,0,0,0,0,0,0,0,0,0,0,6.352122783660889,5.820225715637207,6.352122783660889,5.820225715637207,0,0
532,PHL.29.1_1,Davao Oriental,Baganga,0,0,0,1492.10986328125,0,0,2238164.794921875,5968439.453125,14921098.6328125,0,0,0,8.079648971557617,0,8.079648971557617,0,0,0
533,PHL.29.2_1,Davao Oriental,Banaybanay,154213.56682812498,154213.56682812498,0,0,0,0,0,0,0,0,0,0,47.29766845703125,0.31965234875679016,47.29766845703125,0.31965234875679016,0,0
534,PHL.29.3_1,Davao Oriental,Boston,0,0,0,0,0,0,0,0,0,0,0,0,0,0,0,0,0,0
535,PHL.29.4_1,Davao Oriental,Caraga,0,0,0,0,0,0,0,0,0,0,0,0,0,0,0,0,0,0
536,PHL.29.5_1,Davao Oriental,Cateel,8179798.090000001,8179798.090000001,0,33.65709686279297,0,0,50485.64529418945,134628.38745117188,336570.9686279297,0,0,0,67.41153717041016,53.714698791503906,67.41153717041016,53.714698791503906,0,0
537,PHL.29.6_1,Davao Oriental,Governor Generoso,38545.53489843751,38545.53489843751,0,0,0,0,0,0,0,0,0,0,6.636197090148926,0.19900943338871002,6.636197090148926,0.19900943338871002,0,0
538,PHL.29.7_1,Davao Oriental,Lupon,9934693.049,9934693.049,0,0,0,0,0,0,0,0,0,0,35.48912048339844,51.00742721557617,35.48912048339844,51.00742721557617,0,0
539,PHL.29.8_1,Davao Oriental,Manay,0,0,0,0,0,0,0,0,0,0,0,0,0,0,0,0,0,0
540,PHL.29.9_1,Davao Oriental,Mati City,601690.943125,601690.943125,0,0,0,0,0,0,0,0,0,0,9.295537948608398,5.172372341156006,9.295537948608398,5.172372341156006,0,0
541,PHL.29.10_1,Davao Oriental,San Isidro,0,0,0,0,0,0,0,0,0,0,0,0,0,0,0,0,0,0
542,PHL.29.11_1,Davao Oriental,Tarragona,0,0,0,0,0,0,0,0,0,0,0,0,5.241169452667236,0,5.241169452667236,0,0,0
543,PHL.30.1_1,Dinagat Islands,Basilisa,0,0,0,47.3014030456543,0,0,70952.10456848145,189205.6121826172,473014.03045654297,0,0,0,0,0,0,0,0,0
544,PHL.30.2_1,Dinagat Islands,Cagdianao,0,0,0,451.0888977050781,0,0,676633.3465576172,1804355.5908203125,4510888.977050781,0,0,0,3.832606077194214,0,3.832606077194214,0,0,0
545,PHL.30.3_1,Dinagat Islands,Dinagat,9714.867175781252,7736.072741210939,1978.7944345703127,83.9463119506836,23.572142582425847,30418.920537700433,125919.46792602539,335785.2478027344,839463.1195068359,0.24157440496469382,0.09059040186176018,0.03623616074470407,1.2130142450332642,0.129392609000206,1.2130142450332642,0.129392609000206,0,0
546,PHL.30.4_1,Dinagat Islands,Libjo,0,0,0,815.1688232421875,0,0,1222753.2348632812,3260675.29296875,8151688.232421875,0,0,0,0,0,0,0,0,0
547,PHL.30.5_1,Dinagat Islands,Loreto,0,0,0,185.29244995117188,0,0,277938.6749267578,741169.7998046875,1852924.4995117188,0,0,0,0.2078787088394165,0,0.2078787088394165,0,0,0
548,PHL.30.6_1,Dinagat Islands,San Jose,4088469.869,3641458.8654999994,447011.0035000006,124.88298034667969,3579.438945636001,6871654.759781508,187324.47052001953,499531.92138671875,1248829.8034667969,36.68316659700436,13.756187473876635,5.502474989550653,67.86841583251953,19.21260643005371,67.86841583251953,19.21260643005371,0,0
549,PHL.30.7_1,Dinagat Islands,Tubajon,0,0,0,442.29736328125,0,0,663446.044921875,1769189.453125,4422973.6328125,0,0,0,0,0,0,0,0,0
550,PHL.31.1_1,Eastern Samar,Arteche,195440.1385625,146689.07615625,48751.062406250014,625.12506103515625,77.9860950151674,749423.319348587,937687.5915527344,2500500.244140625,6251250.6103515625,0.799224950932328,0.299709356599623,0.1198837426398492,6.5533623695373535,0.939297080039978,6.5533623695373535,0.939297080039978,0,0
551,PHL.31.2_1,Eastern Samar,Balangiga,0,0,0,222.97381591796875,0,0,334460.7238769531,891895.263671875,2229738.1591796875,0,0,0,0,0,0,0,0,0
552,PHL.31.3_1,Eastern Samar,Balangkayan,0,0,0,73.78973388671875,0,0,110684.60083007812,295158.935546875,737897.3388671875,0,0,0,0,0,0,0,0,0
553,PHL.31.4_1,Eastern Samar,Borongan City,13369.9446015625,10792.380529296875,2577.5640722656244,448.00634765625,5.753409713389505,39623.47746955599,672009.521484375,1792025.390625,4480063.4765625,0.058962672704448105,0.02211100226416804,0.008844400905667215,0,0,0,0,0,0
554,PHL.31.5_1,Eastern Samar,Can-Avid,37476.7225,34670.04625,2806.676250000004,130.8583526611328,21.44820099690614,43145.493201440215,196287.52899169922,523433.41064453125,1308583.5266113281,0.2198076129597861,0.08242785485991978,0.03297114194396791,0,0,0,0,0,0
555,PHL.31.6_1,Eastern Samar,Dolores,77598.96762499999,71247.1233125,6351.84431249999,370.293212890625,17.153553161062554,97643.41562429034,555439.8193359375,1481172.8515625,3702932.12890625,0.17579477060364354,0.06592303897636632,0.02636921559054653,0,0,0,0,0,0
556,PHL.31.7_1,Eastern Samar,General Macarthur,1188896.6743750002,950857.578875,238039.09550000017,148.5345916748047,1602.583565322971,3659244.3380572377,222801.88751220703,594138.36669921875,1485345.9167480469,16.42375824960977,6.158909343603663,2.463563737441465,17.399250030517578,9.31277847290039,17.399250030517578,9.31277847290039,0,0
557,PHL.31.8_1,Eastern Samar,Giporlos,1354.0193574218752,1079.7092841796875,274.3100732421876,686.949951171875,0.3993159512919962,4216.818167096171,1030424.9267578125,2747799.8046875,6869499.51171875,0.0040923099369928944,0.0015346162263723353,6.138464905489341e-4,0,0,0,0,0,0
558,PHL.31.9_1,Eastern Samar,Guiuan,2895437.083,2895086.682499999,350.40050000092015,0,350400500000.9201,5386.514526059402,0,0,0,5386514526059.401,5386514526059.401,5386514526059.401,15.8888521194458,20.61569595336914,15.8888521194458,20.61569595336914,0,0
559,PHL.31.10_1,Eastern Samar,Hernani,0,0,0,87.22464752197266,0,0,130836.97128295898,348898.5900878906,872246.4752197266,0,0,0,0,0,0,0,0,0
560,PHL.31.11_1,Eastern Samar,Jipapad,0,0,0,0,0,0,0,0,0,0,0,0,0,0,0,0,0,0
561,PHL.31.12_1,Eastern Samar,Lawaan,0,0,0,122.43235778808594,0,0,183648.5366821289,489729.43115234375,1224323.5778808594,0,0,0,0,0,0,0,0,0
562,PHL.31.13_1,Eastern Samar,Llorente,0,0,0,74.13275146484375,0,0,111199.12719726562,296531.005859375,741327.5146484375,0,0,0,0,0,0,0,0,0
563,PHL.31.14_1,Eastern Samar,Maslog,0,0,0,0,0,0,0,0,0,0,0,0,0,0,0,0,0,0
564,PHL.31.15_1,Eastern Samar,Maydolong,0,0,0,40.026702880859375,0,0,60040.05432128906,160106.8115234375,400267.02880859375,0,0,0,0,0,0,0,0,0
565,PHL.31.16_1,Eastern Samar,Mercedes,92493.67891403388,71366.0467157898,21127.632198244086,0.11160308122634888,189310.47392315159,324783.4912815,167.40462183952332,446.4123249053955,1116.0308122634888,1940.1106595064177,727.5414973149066,291.0165989259626,2.1754238605499268,1.8066954612731934,2.1754238605499268,1.8066954612731934,0,0
566,PHL.31.17_1,Eastern Samar,Oras,0,0,0,376.6305847167969,0,0,564945.8770751953,1506522.3388671875,3766305.8471679688,0,0,0,0,0,0,0,0,0
567,PHL.31.18_1,Eastern Samar,Quinapondan,231.62488626098636,167.96823716735838,63.656649093627976,470.24365234375,0.13536950212162505,978.5587207272614,705365.478515625,1880974.609375,4702436.5234375,0.0013873073612654617,5.202402604745481e-4,2.0809610418981924e-4,0,0,0,0,0,0
568,PHL.31.19_1,Eastern Samar,Salcedo,2268.6826376953127,1766.6031572265626,502.07948046875003,856.8289794921875,0.5859739720361874,7718.192225108634,1285243.4692382812,3427315.91796875,8568289.794921875,0.006005237458769533,0.002251964047038575,9.0078561881543e-4,2.79054856300354,0.04975990206003189,2.2263591289520264,0.04975990206003189,0.5641894340515137,0
569,PHL.31.20_1,Eastern Samar,San Julian,0,0,0,37.40651321411133,0,0,56109.76982116699,149626.0528564453,374065.1321411133,0,0,0,0,0,0,0,0,0
570,PHL.31.21_1,Eastern Samar,San Policarpo,26408.83677734375,20718.76042578125,5690.0763515625,496.2725830078125,11.465627049304324,87470.42005361867,744408.87451171875,1985090.33203125,4962725.830078125,0.11750319353862254,0.04406369757698345,0.01762547903079338,1.523889183998108,0.5592290163040161,1.523889183998108,0.5592290163040161,0,0
571,PHL.31.22_1,Eastern Samar,Sulat,0,0,0,85.8758544921875,0,0,128813.78173828125,343503.41796875,858758.544921875,0,0,0,0,0,0,0,0,0
572,PHL.31.23_1,Eastern Samar,Taft,1909.35569921875,1660.7057246093752,248.6499746093748,98.91371154785156,2.5138069405987786,3822.359557518273,148370.56732177734,395654.84619140625,989137.1154785156,0.025762249390261917,0.009660843521348219,0.0038643374085392877,1.1132704019546509,0.05742208659648895,1.1132704019546509,0.05742208659648895,0,0
573,PHL.32.1_1,Guimaras,Buenavista,0,0,0,0,0,0,0,0,0,0,0,0,15.794912338256836,0,15.794912338256836,0,0,0
574,PHL.32.2_1,Guimaras,Jordan,0,0,0,0,0,0,0,0,0,0,0,0,0,0,0,0,0,0
575,PHL.32.3_1,Guimaras,Nueva Valencia,0,0,0,92.2804946899414,0,0,138420.7420349121,369121.9787597656,922804.9468994141,0,0,0,0,0,0,0,0,0
576,PHL.32.4_1,Guimaras,San Lorenzo,2278388.88325,2278388.88325,0,0,0,0,0,0,0,0,0,0,22.100664138793945,18.316312789916992,22.100664138793945,18.316312789916992,0,0
577,PHL.32.5_1,Guimaras,Sibunag,0,0,0,65.49958801269531,0,0,98249.38201904297,261998.35205078125,654995.8801269531,0,0,0,4.816112995147705,0,4.816112995147705,0,0,0
578,PHL.33.1_1,Ifugao,Aguinaldo,0,0,0,0,0,0,0,0,0,0,0,0,0,0,0,0,0,0
579,PHL.33.2_1,Ifugao,Alfonso Lista,0,0,0,0,0,0,0,0,0,0,0,0,0,0,0,0,0,0
580,PHL.33.3_1,Ifugao,Asipulo,0,0,0,0,0,0,0,0,0,0,0,0,0,0,0,0,0,0
581,PHL.33.4_1,Ifugao,Banaue,0,0,0,0,0,0,0,0,0,0,0,0,0,0,0,0,0,0
582,PHL.33.5_1,Ifugao,Hingyon,0,0,0,0,0,0,0,0,0,0,0,0,0,0,0,0,0,0
583,PHL.33.6_1,Ifugao,Hungduan,0,0,0,0,0,0,0,0,0,0,0,0,0,0,0,0,0,0
584,PHL.33.7_1,Ifugao,Kiangan,0,0,0,0,0,0,0,0,0,0,0,0,0,0,0,0,0,0
585,PHL.33.8_1,Ifugao,Lagawe,0,0,0,0,0,0,0,0,0,0,0,0,0,0,0,0,0,0
586,PHL.33.9_1,Ifugao,Lamut,0,0,0,0,0,0,0,0,0,0,0,0,0,0,0,0,0,0
587,PHL.33.10_1,Ifugao,Mayoyao,0,0,0,0,0,0,0,0,0,0,0,0,0,0,0,0,0,0
588,PHL.33.11_1,Ifugao,Tinoc,0,0,0,0,0,0,0,0,0,0,0,0,0,0,0,0,0,0
589,PHL.34.1_1,Ilocos Norte,Adams,0,0,0,0,0,0,0,0,0,0,0,0,0,0,0,0,0,0
590,PHL.34.2_1,Ilocos Norte,Bacarra,181889.21790624998,181889.21790624998,0,0,0,0,0,0,0,0,0,0,0,1.2583329677581787,0,1.2583329677581787,0,0
591,PHL.34.3_1,Ilocos Norte,Badoc,0,0,0,0,0,0,0,0,0,0,0,0,0,0,0,0,0,0
592,PHL.34.4_1,Ilocos Norte,Bangui,317004.85409375007,317003.763875,1.0902187500614673,0,1090218750.0614672,16.75933434390932,0,0,0,16759334343.909319,16759334343.909319,16759334343.909319,3.255657196044922,2.1352291107177734,3.255657196044922,2.1352291107177734,0,0
593,PHL.34.5_1,Ilocos Norte,Banna,0,0,0,0,0,0,0,0,0,0,0,0,0,0,0,0,0,0
594,PHL.34.6_1,Ilocos Norte,Batac City,0,0,0,0,0,0,0,0,0,0,0,0,0,0,0,0,0,0
595,PHL.34.7_1,Ilocos Norte,Burgos,871362.4955,871362.4955,0,0,0,0,0,0,0,0,0,0,3.5285096168518066,7.2504191398620605,3.5285096168518066,7.2504191398620605,0,0
596,PHL.34.8_1,Ilocos Norte,Carasi,0,0,0,0,0,0,0,0,0,0,0,0,0,0,0,0,0,0
597,PHL.34.9_1,Ilocos Norte,Currimao,0,0,0,0,0,0,0,0,0,0,0,0,0,0,0,0,0,0
598,PHL.34.10_1,Ilocos Norte,Dingras,0,0,0,0,0,0,0,0,0,0,0,0,0,0,0,0,0,0
599,PHL.34.11_1,Ilocos Norte,Dumalneg,0,0,0,0,0,0,0,0,0,0,0,0,0,0,0,0,0,0
600,PHL.34.12_1,Ilocos Norte,Laoag City,19475.894417968746,19475.894417968746,0,0,0,0,0,0,0,0,0,0,0,0,0,0,0,0
601,PHL.34.13_1,Ilocos Norte,Marcos,0,0,0,0,0,0,0,0,0,0,0,0,0,0,0,0,0,0
602,PHL.34.14_1,Ilocos Norte,Nueva Era,0,0,0,0,0,0,0,0,0,0,0,0,0,0,0,0,0,0
603,PHL.34.15_1,Ilocos Norte,Pagudpud,0,0,0,99.3180923461914,0,0,148977.1385192871,397272.3693847656,993180.9234619141,0,0,0,0,0,0,0,0,0
604,PHL.34.17_1,Ilocos Norte,Paoay,0,0,0,0,0,0,0,0,0,0,0,0,0,0,0,0,0,0
605,PHL.34.16_1,Ilocos Norte,Paoay Lake,0,0,0,0,0,0,0,0,0,0,0,0,0,0,0,0,0,0
606,PHL.34.18_1,Ilocos Norte,Pasuquin,22292.133898437503,22292.133898437503,0,0,0,0,0,0,0,0,0,0,5.227673053741455,0.0999801829457283,5.227673053741455,0.0999801829457283,0,0
607,PHL.34.19_1,Ilocos Norte,Piddig,0,0,0,0,0,0,0,0,0,0,0,0,0,0,0,0,0,0
608,PHL.34.20_1,Ilocos Norte,Pinili,0,0,0,0,0,0,0,0,0,0,0,0,0,0,0,0,0,0
609,PHL.34.21_1,Ilocos Norte,San Nicolas,0,0,0,0,0,0,0,0,0,0,0,0,0,0,0,0,0,0
610,PHL.34.22_1,Ilocos Norte,Sarrat,0,0,0,0,0,0,0,0,0,0,0,0,0,0,0,0,0,0
611,PHL.34.23_1,Ilocos Norte,Solsona,0,0,0,0,0,0,0,0,0,0,0,0,0,0,0,0,0,0
612,PHL.34.24_1,Ilocos Norte,Vintar,0,0,0,0,0,0,0,0,0,0,0,0,0,0,0,0,0,0
613,PHL.35.1_1,Ilocos Sur,Alilem,0,0,0,0,0,0,0,0,0,0,0,0,0,0,0,0,0,0
614,PHL.35.2_1,Ilocos Sur,Banayoyo,0,0,0,0,0,0,0,0,0,0,0,0,0,0,0,0,0,0
615,PHL.35.3_1,Ilocos Sur,Bantay,0,0,0,0,0,0,0,0,0,0,0,0,0,0,0,0,0,0
616,PHL.35.4_1,Ilocos Sur,Burgos,0,0,0,0,0,0,0,0,0,0,0,0,0,0,0,0,0,0
617,PHL.35.5_1,Ilocos Sur,Cabugao,0,0,0,0,0,0,0,0,0,0,0,0,0,0,0,0,0,0
618,PHL.35.6_1,Ilocos Sur,Candon City,3245407.4964999994,3245407.4964999994,0,0,0,0,0,0,0,0,0,0,27.674638748168945,25.242998123168945,27.674638748168945,25.242998123168945,0,0
619,PHL.35.7_1,Ilocos Sur,Caoayan,1162016.82275,1162016.82275,0,0,0,0,0,0,0,0,0,0,25.632129669189453,7.5584797859191895,25.632129669189453,7.5584797859191895,0,0
620,PHL.35.8_1,Ilocos Sur,Cervantes,0,0,0,0,0,0,0,0,0,0,0,0,0,0,0,0,0,0
621,PHL.35.9_1,Ilocos Sur,Galimuyod,0,0,0,0,0,0,0,0,0,0,0,0,0,0,0,0,0,0
622,PHL.35.10_1,Ilocos Sur,Gregorio Del Pilar,0,0,0,0,0,0,0,0,0,0,0,0,0,0,0,0,0,0
623,PHL.35.11_1,Ilocos Sur,Lidlidda,0,0,0,0,0,0,0,0,0,0,0,0,0,0,0,0,0,0
624,PHL.35.12_1,Ilocos Sur,Magsingal,0,0,0,0,0,0,0,0,0,0,0,0,0,0,0,0,0,0
625,PHL.35.13_1,Ilocos Sur,Nagbukel,0,0,0,0,0,0,0,0,0,0,0,0,0,0,0,0,0,0
626,PHL.35.14_1,Ilocos Sur,Narvacan,5039565.840999999,5039565.840999999,0,0,0,0,0,0,0,0,0,0,60.43019104003906,62.62821578979492,60.43019104003906,62.62821578979492,0,0
627,PHL.35.15_1,Ilocos Sur,Quirino,0,0,0,0,0,0,0,0,0,0,0,0,0,0,0,0,0,0
628,PHL.35.16_1,Ilocos Sur,Salcedo,0,0,0,0,0,0,0,0,0,0,0,0,0,0,0,0,0,0
629,PHL.35.17_1,Ilocos Sur,San Emilio,0,0,0,0,0,0,0,0,0,0,0,0,0,0,0,0,0,0
630,PHL.35.18_1,Ilocos Sur,San Esteban,0,0,0,0,0,0,0,0,0,0,0,0,0,0,0,0,0,0
631,PHL.35.19_1,Ilocos Sur,San Ildefonso,513.9246455688477,513.9246455688477,0,0,0,0,0,0,0,0,0,0,0.004868027288466692,0.003776619676500559,0.004868027288466692,0.003776619676500559,0,0
632,PHL.35.20_1,Ilocos Sur,San Juan,68249.688,68249.688,0,0,0,0,0,0,0,0,0,0,0,0.8660174012184143,0,0.8660174012184143,0,0
633,PHL.35.21_1,Ilocos Sur,San Vicente,1692192.2460000003,1692192.2460000003,0,0,0,0,0,0,0,0,0,0,25.45865249633789,15.972975730895996,25.45865249633789,15.972975730895996,0,0
634,PHL.35.26_1,Ilocos Sur,Santa,10902383.464,10902383.464,0,0,0,0,0,0,0,0,0,0,19.386316299438477,58.68144607543945,19.386316299438477,58.68144607543945,0,0
635,PHL.35.22_1,Ilocos Sur,Santa Catalina,1685562.1944999995,1685562.1944999995,0,0,0,0,0,0,0,0,0,0,22.549266815185547,30.45438575744629,22.549266815185547,30.45438575744629,0,0
636,PHL.35.23_1,Ilocos Sur,Santa Cruz,36768.360078125,36768.360078125,0,0,0,0,0,0,0,0,0,0,0,0.8795461654663086,0,0.8795461654663086,0,0
637,PHL.35.24_1,Ilocos Sur,Santa Lucia,739954.26075,739954.26075,0,0,0,0,0,0,0,0,0,0,15.137521743774414,15.367045402526855,15.137521743774414,15.367045402526855,0,0
638,PHL.35.25_1,Ilocos Sur,Santa Maria,320065.577,320065.577,0,0,0,0,0,0,0,0,0,0,8.306605339050293,3.5230085849761963,8.306605339050293,3.5230085849761963,0,0
639,PHL.35.27_1,Ilocos Sur,Santiago,0,0,0,0,0,0,0,0,0,0,0,0,0,0,0,0,0,0
640,PHL.35.28_1,Ilocos Sur,Santo Domingo,6160.028979492186,6160.028979492186,0,0,0,0,0,0,0,0,0,0,0.32849258184432983,0.06701565533876419,0.32849258184432983,0.06701565533876419,0,0
641,PHL.35.29_1,Ilocos Sur,Sigay,0,0,0,0,0,0,0,0,0,0,0,0,0,0,0,0,0,0
642,PHL.35.30_1,Ilocos Sur,Sinait,0,0,0,0,0,0,0,0,0,0,0,0,0,0,0,0,0,0
643,PHL.35.31_1,Ilocos Sur,Sugpon,0,0,0,0,0,0,0,0,0,0,0,0,0,0,0,0,0,0
644,PHL.35.32_1,Ilocos Sur,Suyo,0,0,0,0,0,0,0,0,0,0,0,0,0,0,0,0,0,0
645,PHL.35.33_1,Ilocos Sur,Tagudin,228.099068359375,228.099068359375,0,0,0,0,0,0,0,0,0,0,0,0,0,0,0,0
646,PHL.35.34_1,Ilocos Sur,Vigan City,799268.7336250001,799268.7336250001,0,0,0,0,0,0,0,0,0,0,4.057375907897949,7.590131759643555,4.057375907897949,7.590131759643555,0,0
647,PHL.36.1_1,Iloilo,Ajuy,3856195.9754999997,3356845.2805,499350.69499999983,82.78644561767578,6031.792901293291,7676244.104127402,124179.66842651367,331145.7824707031,827864.4561767578,61.81562731962041,23.18086024485765,9.272344097943062,51.326053619384766,17.47800064086914,51.326053619384766,17.47800064086914,0,0
648,PHL.36.2_1,Iloilo,Alimodian,0,0,0,0,0,0,0,0,0,0,0,0,0,0,0,0,0,0
649,PHL.36.3_1,Iloilo,Anilao,176943.11328125003,147432.72159374997,29510.391687500058,214.35606384277344,137.6699644435785,453647.0510002248,321534.09576416016,857424.25537109375,2143560.6384277344,1.410883190854407,0.5290811965704026,0.21163247862816106,73.61959075927734,2.046809196472168,67.2281494140625,2.046809196472168,6.391441345214844,0
650,PHL.36.4_1,Iloilo,Badiangan,0,0,0,0,0,0,0,0,0,0,0,0,0,0,0,0,0,0
651,PHL.36.5_1,Iloilo,Balasan,1114018.8314999999,1114018.8314999999,0,0,0,0,0,0,0,0,0,0,19.582275390625,13.690072059631348,19.582275390625,13.690072059631348,0,0
652,PHL.36.6_1,Iloilo,Banate,18023780.956000004,16419801.872000001,1603979.0840000026,123.94483947753906,12941.071937816912,24657089.91693442,185917.2592163086,495779.35791015625,1239448.3947753906,132.62399639963877,49.73399864986454,19.893599459945815,66.24398040771484,39.99037170410156,66.24398040771484,39.99037170410156,0,0
653,PHL.36.7_1,Iloilo,Barotac Nuevo,3529176.1809999994,3170426.9884999995,358749.1924999999,236.78640747070312,1515.0751106538362,5514854.3926400095,355179.6112060547,947145.6298828125,2367864.0747070312,15.526945293716789,5.8226044851437955,2.329041794057518,62.26511001586914,19.308368682861328,62.26511001586914,19.308368682861328,0,0
654,PHL.36.8_1,Iloilo,Barotac Viejo,373975.44825,289232.57612499996,84742.87212500005,111.11326599121094,762.6710579428312,1302705.6516189575,166669.8989868164,444453.06396484375,1111132.6599121094,7.816082325231394,2.931030871961773,1.1724123487847091,32.83512496948242,12.02393913269043,26.134815216064453,9.919854164123535,6.700309753417969,2.1040849685668945
655,PHL.36.9_1,Iloilo,Batad,0,0,0,0,0,0,0,0,0,0,0,0,0,0,0,0,0,0
656,PHL.36.10_1,Iloilo,Bingawan,0,0,0,0,0,0,0,0,0,0,0,0,0,0,0,0,0,0
657,PHL.36.11_1,Iloilo,Cabatuan,0,0,0,0,0,0,0,0,0,0,0,0,0,0,0,0,0,0
658,PHL.36.12_1,Iloilo,Calinog,0,0,0,0,0,0,0,0,0,0,0,0,0,0,0,0,0,0
659,PHL.36.13_1,Iloilo,Carles,174750.7225,174750.7225,0,0,0,0,0,0,0,0,0,0,18.72105598449707,0.9932235479354858,18.72105598449707,0.9932235479354858,0,0
660,PHL.36.14_1,Iloilo,Concepcion,0,0,0,0,0,0,0,0,0,0,0,0,3.2609574794769287,0,3.2609574794769287,0,0,0
661,PHL.36.15_1,Iloilo,Dingle,0,0,0,0,0,0,0,0,0,0,0,0,0,0,0,0,0,0
662,PHL.36.16_1,Iloilo,Duenas,0,0,0,0,0,0,0,0,0,0,0,0,0,0,0,0,0,0
663,PHL.36.17_1,Iloilo,Dumangas,18176854.64,18133094.804,43759.835999999195,7.488898754119873,5843.293845563818,672695.9358544119,11233.34813117981,29955.595016479492,74888.98754119873,59.88383231774376,22.456437119153907,8.982574847661564,168.63623046875,72.73512268066406,168.63623046875,72.73512268066406,0,0
664,PHL.36.18_1,Iloilo,Estancia,1611295.41675,1611295.41675,0,0,0,0,0,0,0,0,0,0,9.0966949462890625,15.823564529418945,9.0966949462890625,15.823564529418945,0,0
665,PHL.36.19_1,Iloilo,Guimbal,0,0,0,0,0,0,0,0,0,0,0,0,0,0,0,0,0,0
666,PHL.36.20_1,Iloilo,Igbaras,0,0,0,0,0,0,0,0,0,0,0,0,0,0,0,0,0,0
667,PHL.36.21_1,Iloilo,Iloilo City,491290693.24799997,419837120.832,71453572.41599995,100.04859924316406,714188.6338891656,1098416542.660785,150072.8988647461,400194.39697265625,1000485.9924316406,7319.219865611699,2744.707449604387,1097.8829798417548,1333.572021484375,2780.78759765625,1333.572021484375,2780.78759765625,0,0
668,PHL.36.22_1,Iloilo,Janiuay,0,0,0,0,0,0,0,0,0,0,0,0,0,0,0,0,0,0
669,PHL.36.23_1,Iloilo,Lambunao,0,0,0,0,0,0,0,0,0,0,0,0,0,0,0,0,0,0
670,PHL.36.24_1,Iloilo,Leganes,25025678.803999998,24643506.119999997,382172.68400000036,0,382172684000000.3,5874930.868602373,0,0,0,5874930868602372,5874930868602372,5874930868602372,67.11307525634766,88.17927551269531,67.11307525634766,88.17927551269531,0,0
671,PHL.36.25_1,Iloilo,Lemery,0,0,0,0,0,0,0,0,0,0,0,0,0,0,0,0,0,0
672,PHL.36.26_1,Iloilo,Leon,0,0,0,0,0,0,0,0,0,0,0,0,0,0,0,0,0,0
673,PHL.36.27_1,Iloilo,Maasin,0,0,0,0,0,0,0,0,0,0,0,0,0,0,0,0,0,0
674,PHL.36.28_1,Iloilo,Miagao,0,0,0,0,0,0,0,0,0,0,0,0,0,0,0,0,0,0
675,PHL.36.29_1,Iloilo,Mina,0,0,0,0,0,0,0,0,0,0,0,0,0,0,0,0,0,0
676,PHL.36.30_1,Iloilo,New Lucena,0,0,0,0,0,0,0,0,0,0,0,0,0,0,0,0,0,0
677,PHL.36.31_1,Iloilo,Oton,831437.3321250001,830110.3268749999,1327.005250000162,0,1327005250000.1619,20399.323218043897,0,0,0,20399323218043.895,20399323218043.895,20399323218043.895,28.429458618164062,17.913400650024414,28.429458618164062,17.913400650024414,0,0
678,PHL.36.32_1,Iloilo,Passi City,0,0,0,0,0,0,0,0,0,0,0,0,0,0,0,0,0,0
679,PHL.36.33_1,Iloilo,Pavia,0,0,0,0,0,0,0,0,0,0,0,0,0,0,0,0,0,0
680,PHL.36.34_1,Iloilo,Pototan,0,0,0,0,0,0,0,0,0,0,0,0,0,0,0,0,0,0
681,PHL.36.35_1,Iloilo,San Dionisio,16213.602761718748,16213.602761718748,0,0,0,0,0,0,0,0,0,0,14.838665962219238,0.5807499885559082,14.838665962219238,0.5807499885559082,0,0
682,PHL.36.36_1,Iloilo,San Enrique,0,0,0,0,0,0,0,0,0,0,0,0,0,0,0,0,0,0
683,PHL.36.37_1,Iloilo,San Joaquin,0,0,0,0,0,0,0,0,0,0,0,0,0,0,0,0,0,0
684,PHL.36.38_1,Iloilo,San Miguel,0,0,0,0,0,0,0,0,0,0,0,0,0,0,0,0,0,0
685,PHL.36.39_1,Iloilo,San Rafael,0,0,0,0,0,0,0,0,0,0,0,0,0,0,0,0,0,0
686,PHL.36.40_1,Iloilo,Santa Barbara,0,0,0,0,0,0,0,0,0,0,0,0,0,0,0,0,0,0
687,PHL.36.41_1,Iloilo,Sara,0,0,0,0,0,0,0,0,0,0,0,0,0.025323932990431786,0,0.025323932990431786,0,0,0
688,PHL.36.42_1,Iloilo,Tigbauan,1391.56984375,1391.56984375,0,0,0,0,0,0,0,0,0,0,0,0,0,0,0,0
689,PHL.36.43_1,Iloilo,Tubungan,0,0,0,0,0,0,0,0,0,0,0,0,0,0,0,0,0,0
690,PHL.36.44_1,Iloilo,Zarraga,3204318.633,3191506.623,12812.009999999776,0,12812009999999.775,196951.99628092966,0,0,0,196951996280929.66,196951996280929.66,196951996280929.66,24.457338333129883,8.2940216064453125,24.457338333129883,8.2940216064453125,0,0
691,PHL.37.1_1,Isabela,Alicia,0,0,0,0,0,0,0,0,0,0,0,0,0,0,0,0,0,0
692,PHL.37.2_1,Isabela,Angadanan,0,0,0,0,0,0,0,0,0,0,0,0,0,0,0,0,0,0
693,PHL.37.3_1,Isabela,Aurora,0,0,0,0,0,0,0,0,0,0,0,0,0,0,0,0,0,0
694,PHL.37.4_1,Isabela,Benito Soliven,0,0,0,0,0,0,0,0,0,0,0,0,0,0,0,0,0,0
695,PHL.37.5_1,Isabela,Burgos,0,0,0,0,0,0,0,0,0,0,0,0,0,0,0,0,0,0
696,PHL.37.6_1,Isabela,Cabagan,0,0,0,0,0,0,0,0,0,0,0,0,0,0,0,0,0,0
697,PHL.37.7_1,Isabela,Cabatuan,0,0,0,0,0,0,0,0,0,0,0,0,0,0,0,0,0,0
698,PHL.37.8_1,Isabela,Cauayan City,0,0,0,0,0,0,0,0,0,0,0,0,0,0,0,0,0,0
699,PHL.37.9_1,Isabela,Cordon,0,0,0,0,0,0,0,0,0,0,0,0,0,0,0,0,0,0
700,PHL.37.10_1,Isabela,Delfin Albano,0,0,0,0,0,0,0,0,0,0,0,0,0,0,0,0,0,0
701,PHL.37.11_1,Isabela,Dinapigue,0,0,0,0,0,0,0,0,0,0,0,0,0,0,0,0,0,0
702,PHL.37.12_1,Isabela,Divilacan,0,0,0,138.15296936035156,0,0,207229.45404052734,552611.87744140625,1381529.6936035156,0,0,0,0,0,0,0,0,0
703,PHL.37.13_1,Isabela,Echague,0,0,0,0,0,0,0,0,0,0,0,0,0,0,0,0,0,0
704,PHL.37.14_1,Isabela,Gamu,0,0,0,0,0,0,0,0,0,0,0,0,0,0,0,0,0,0
705,PHL.37.15_1,Isabela,Ilagan,0,0,0,444.2869567871094,0,0,666430.4351806641,1777147.8271484375,4442869.567871094,0,0,0,0,0,0,0,0,0
706,PHL.37.16_1,Isabela,Jones,0,0,0,0,0,0,0,0,0,0,0,0,0,0,0,0,0,0
707,PHL.37.17_1,Isabela,Luna,0,0,0,0,0,0,0,0,0,0,0,0,0,0,0,0,0,0
708,PHL.37.18_1,Isabela,Maconacon,0,0,0,5.485485889948905e-4,0,0,0.8228228834923357,2.194194355979562,5.4854858899489045,0,0,0,0,0,0,0,0,0
709,PHL.37.19_1,Isabela,Mallig,0,0,0,0,0,0,0,0,0,0,0,0,0,0,0,0,0,0
710,PHL.37.20_1,Isabela,Naguilian,0,0,0,0,0,0,0,0,0,0,0,0,0,0,0,0,0,0
711,PHL.37.21_1,Isabela,Palanan,0,0,0,0,0,0,0,0,0,0,0,0,0,0,0,0,0,0
712,PHL.37.22_1,Isabela,Quezon,0,0,0,0,0,0,0,0,0,0,0,0,0,0,0,0,0,0
713,PHL.37.23_1,Isabela,Quirino,0,0,0,0,0,0,0,0,0,0,0,0,0,0,0,0,0,0
714,PHL.37.24_1,Isabela,Ramon,0,0,0,0,0,0,0,0,0,0,0,0,0,0,0,0,0,0
715,PHL.37.25_1,Isabela,Reina Mercedes,0,0,0,0,0,0,0,0,0,0,0,0,0,0,0,0,0,0
716,PHL.37.26_1,Isabela,Roxas,0,0,0,0,0,0,0,0,0,0,0,0,0,0,0,0,0,0
717,PHL.37.27_1,Isabela,San Agustin,0,0,0,0,0,0,0,0,0,0,0,0,0,0,0,0,0,0
718,PHL.37.28_1,Isabela,San Guillermo,0,0,0,0,0,0,0,0,0,0,0,0,0,0,0,0,0,0
719,PHL.37.29_1,Isabela,San Isidro,0,0,0,0,0,0,0,0,0,0,0,0,0,0,0,0,0,0
720,PHL.37.30_1,Isabela,San Manuel,0,0,0,0,0,0,0,0,0,0,0,0,0,0,0,0,0,0
721,PHL.37.31_1,Isabela,San Mariano,0,0,0,0,0,0,0,0,0,0,0,0,0,0,0,0,0,0
722,PHL.37.32_1,Isabela,San Mateo,0,0,0,0,0,0,0,0,0,0,0,0,0,0,0,0,0,0
723,PHL.37.33_1,Isabela,San Pablo,0,0,0,0,0,0,0,0,0,0,0,0,0,0,0,0,0,0
724,PHL.37.34_1,Isabela,Santa Maria,0,0,0,0,0,0,0,0,0,0,0,0,0,0,0,0,0,0
725,PHL.37.35_1,Isabela,Santiago City,0,0,0,0,0,0,0,0,0,0,0,0,0,0,0,0,0,0
726,PHL.37.36_1,Isabela,Santo Tomas,0,0,0,0,0,0,0,0,0,0,0,0,0,0,0,0,0,0
727,PHL.37.37_1,Isabela,Tumauini,0,0,0,0,0,0,0,0,0,0,0,0,0,0,0,0,0,0
728,PHL.38.1_1,Kalinga,Balbalan,0,0,0,0,0,0,0,0,0,0,0,0,0,0,0,0,0,0
729,PHL.38.2_1,Kalinga,Lubuagan,0,0,0,0,0,0,0,0,0,0,0,0,0,0,0,0,0,0
730,PHL.38.3_1,Kalinga,Pasil,0,0,0,0,0,0,0,0,0,0,0,0,0,0,0,0,0,0
731,PHL.38.4_1,Kalinga,Pinukpuk,0,0,0,0,0,0,0,0,0,0,0,0,0,0,0,0,0,0
732,PHL.38.5_1,Kalinga,Rizal,0,0,0,0,0,0,0,0,0,0,0,0,0,0,0,0,0,0
733,PHL.38.6_1,Kalinga,Tabuk City,0,0,0,0,0,0,0,0,0,0,0,0,0,0,0,0,0,0
734,PHL.38.7_1,Kalinga,Tanudan,0,0,0,0,0,0,0,0,0,0,0,0,0,0,0,0,0,0
735,PHL.38.8_1,Kalinga,Tinglayan,0,0,0,0,0,0,0,0,0,0,0,0,0,0,0,0,0,0
736,PHL.39.1_1,La Union,Agoo,1896398.035,1845487.2132500003,50910.82174999965,0,50910821749999.65,782624.1140902309,0,0,0,782624114090230.9,782624114090230.9,782624114090230.9,99.865997314453125,28.038415908813477,99.865997314453125,28.038415908813477,0,0
737,PHL.39.2_1,La Union,Aringay,36092.8209375,35918.741667968745,174.0792695312557,0,174079269531.2557,2676.0250456647645,0,0,0,2676025045664.764,2676025045664.764,2676025045664.764,11.142266273498535,1.0593464374542236,11.142266273498535,1.0593464374542236,0,0
738,PHL.39.3_1,La Union,Bacnotan,0,0,0,0,0,0,0,0,0,0,0,0,0,0,0,0,0,0
739,PHL.39.4_1,La Union,Bagulin,0,0,0,0,0,0,0,0,0,0,0,0,0,0,0,0,0,0
740,PHL.39.5_1,La Union,Balaoan,0,0,0,0,0,0,0,0,0,0,0,0,0,0,0,0,0,0
741,PHL.39.6_1,La Union,Bangar,266488.4459375,266488.4459375,0,0,0,0,0,0,0,0,0,0,23.512466430664062,9.263497352600098,23.512466430664062,9.263497352600098,0,0
742,PHL.39.7_1,La Union,Bauang,4207418.3015,3341754.6629999992,865663.6385000008,160.68466186523438,5387.344557043221,13307371.888594465,241026.99279785156,642738.6474609375,1606846.6186523438,55.21112691206046,20.704172592022672,8.281669036809069,29.5968074798584,68.20061492919922,29.5968074798584,68.20061492919922,0,0
743,PHL.39.8_1,La Union,Burgos,0,0,0,0,0,0,0,0,0,0,0,0,0,0,0,0,0,0
744,PHL.39.9_1,La Union,Caba,131626.64365625,130838.65409375,787.9895625000063,0,787989562500.0062,12113.330959226174,0,0,0,12113330959226.174,12113330959226.174,12113330959226.174,4.854737758636475,0.038057200610637665,4.854737758636475,0.038057200610637665,0,0
745,PHL.39.10_1,La Union,Luna,0,0,0,0,0,0,0,0,0,0,0,0,0,0,0,0,0,0
746,PHL.39.11_1,La Union,Naguilian,0,0,0,0,0,0,0,0,0,0,0,0,0,0,0,0,0,0
747,PHL.39.12_1,La Union,Pugo,0,0,0,0,0,0,0,0,0,0,0,0,0,0,0,0,0,0
748,PHL.39.13_1,La Union,Rosario,0,0,0,0,0,0,0,0,0,0,0,0,0,0,0,0,0,0
749,PHL.39.14_1,La Union,San Fernando City,0,0,0,0,0,0,0,0,0,0,0,0,0,0,0,0,0,0
750,PHL.39.15_1,La Union,San Gabriel,0,0,0,0,0,0,0,0,0,0,0,0,0,0,0,0,0,0
751,PHL.39.16_1,La Union,San Juan,0,0,0,0,0,0,0,0,0,0,0,0,0,0,0,0,0,0
752,PHL.39.17_1,La Union,Santo Tomas,812877.3846250002,739116.579,73760.80562500015,73.51667022705078,1003.3208168595692,1133884.3721737384,110275.00534057617,294066.6809082031,735166.7022705078,10.282333414283869,3.855875030356451,1.5423500121425804,29.93219757080078,11.572012901306152,29.93219757080078,11.572012901306152,0,0
753,PHL.39.18_1,La Union,Santol,0,0,0,0,0,0,0,0,0,0,0,0,0,0,0,0,0,0
754,PHL.39.19_1,La Union,Sudipen,0,0,0,0,0,0,0,0,0,0,0,0,0,0,0,0,0,0
755,PHL.39.20_1,La Union,Tubao,0,0,0,0,0,0,0,0,0,0,0,0,0,0,0,0,0,0
756,PHL.40.1_1,Laguna,Alaminos,0,0,0,0,0,0,0,0,0,0,0,0,0,0,0,0,0,0
757,PHL.40.2_1,Laguna,Bay,0,0,0,0,0,0,0,0,0,0,0,0,0,0,0,0,0,0
758,PHL.40.3_1,Laguna,Biñan,0,0,0,0,0,0,0,0,0,0,0,0,0,0,0,0,0,0
759,PHL.40.4_1,Laguna,Cabuyao,0,0,0,0,0,0,0,0,0,0,0,0,0,0,0,0,0,0
760,PHL.40.5_1,Laguna,Calamba City,0,0,0,0,0,0,0,0,0,0,0,0,0,0,0,0,0,0
761,PHL.40.6_1,Laguna,Calauan,0,0,0,0,0,0,0,0,0,0,0,0,0,0,0,0,0,0
762,PHL.40.7_1,Laguna,Cavinti,0,0,0,0,0,0,0,0,0,0,0,0,0,0,0,0,0,0
763,PHL.40.8_1,Laguna,Famy,0,0,0,0,0,0,0,0,0,0,0,0,0,0,0,0,0,0
764,PHL.40.9_1,Laguna,Kalayaan,0,0,0,0,0,0,0,0,0,0,0,0,0,0,0,0,0,0
765,PHL.40.10_1,Laguna,Kalibato Lake,0,0,0,0,0,0,0,0,0,0,0,0,0,0,0,0,0,0
766,PHL.40.11_1,Laguna,Laguna lake,0,0,0,0,0,0,0,0,0,0,0,0,0,0,0,0,0,0
767,PHL.40.12_1,Laguna,Liliw,0,0,0,0,0,0,0,0,0,0,0,0,0,0,0,0,0,0
768,PHL.40.13_1,Laguna,Los Baños,0,0,0,0,0,0,0,0,0,0,0,0,0,0,0,0,0,0
769,PHL.40.14_1,Laguna,Luisiana,0,0,0,0,0,0,0,0,0,0,0,0,0,0,0,0,0,0
770,PHL.40.15_1,Laguna,Lumban,0,0,0,0,0,0,0,0,0,0,0,0,0,0,0,0,0,0
771,PHL.40.16_1,Laguna,Mabitac,0,0,0,0,0,0,0,0,0,0,0,0,0,0,0,0,0,0
772,PHL.40.17_1,Laguna,Magdalena,0,0,0,0,0,0,0,0,0,0,0,0,0,0,0,0,0,0
773,PHL.40.18_1,Laguna,Majayjay,0,0,0,0,0,0,0,0,0,0,0,0,0,0,0,0,0,0
774,PHL.40.19_1,Laguna,Nagcarlan,0,0,0,0,0,0,0,0,0,0,0,0,0,0,0,0,0,0
775,PHL.40.20_1,Laguna,Paete,0,0,0,0,0,0,0,0,0,0,0,0,0,0,0,0,0,0
776,PHL.40.21_1,Laguna,Pagsanjan,0,0,0,0,0,0,0,0,0,0,0,0,0,0,0,0,0,0
777,PHL.40.22_1,Laguna,Pakil,0,0,0,0,0,0,0,0,0,0,0,0,0,0,0,0,0,0
778,PHL.40.23_1,Laguna,Palakpakin Lake,0,0,0,0,0,0,0,0,0,0,0,0,0,0,0,0,0,0
779,PHL.40.24_1,Laguna,Pangil,0,0,0,0,0,0,0,0,0,0,0,0,0,0,0,0,0,0
780,PHL.40.25_1,Laguna,Pila,0,0,0,0,0,0,0,0,0,0,0,0,0,0,0,0,0,0
781,PHL.40.26_1,Laguna,Rizal,0,0,0,0,0,0,0,0,0,0,0,0,0,0,0,0,0,0
782,PHL.40.27_1,Laguna,Sampaloc Lake,0,0,0,0,0,0,0,0,0,0,0,0,0,0,0,0,0,0
783,PHL.40.28_1,Laguna,San Pablo City,0,0,0,0,0,0,0,0,0,0,0,0,0,0,0,0,0,0
784,PHL.40.29_1,Laguna,San Pedro,0,0,0,0,0,0,0,0,0,0,0,0,0,0,0,0,0,0
785,PHL.40.30_1,Laguna,Santa Cruz,0,0,0,0,0,0,0,0,0,0,0,0,0,0,0,0,0,0
786,PHL.40.31_1,Laguna,Santa Maria,0,0,0,0,0,0,0,0,0,0,0,0,0,0,0,0,0,0
787,PHL.40.32_1,Laguna,Santa Rosa City,0,0,0,0,0,0,0,0,0,0,0,0,0,0,0,0,0,0
788,PHL.40.33_1,Laguna,Siniloan,0,0,0,0,0,0,0,0,0,0,0,0,0,0,0,0,0,0
789,PHL.40.34_1,Laguna,Victoria,0,0,0,0,0,0,0,0,0,0,0,0,0,0,0,0,0,0
790,PHL.40.35_1,Laguna,Waterbody,0,0,0,0,0,0,0,0,0,0,0,0,0,0,0,0,0,0
791,PHL.41.1_1,Lanao del Norte,Bacolod,0,0,0,0,0,0,0,0,0,0,0,0,0,0,0,0,0,0
792,PHL.41.2_1,Lanao del Norte,Baloi,0,0,0,0,0,0,0,0,0,0,0,0,0,0,0,0,0,0
793,PHL.41.3_1,Lanao del Norte,Baroy,59733.844968749996,52785.63199999999,6948.2129687500055,29.90961265563965,232.30701944379328,106811.06358646162,44864.41898345947,119638.4506225586,299096.1265563965,2.380752186400553,0.8927820699002074,0.357112827960083,1.3786612749099731,0.9543994665145874,1.3786612749099731,0.9543994665145874,0,0
794,PHL.41.4_1,Lanao del Norte,Iligan City,41127.076859375,41127.076859375,0,0,0,0,0,0,0,0,0,0,0,0,0,0,0,0
795,PHL.41.5_1,Lanao del Norte,Kapatagan,0,0,0,445.9391784667969,0,0,668908.7677001953,1783756.7138671875,4459391.784667969,0,0,0,34.32649230957031,0,34.32649230957031,0,0,0
796,PHL.41.6_1,Lanao del Norte,Kauswagan,0,0,0,89.96552276611328,0,0,134948.28414916992,359862.0910644531,899655.2276611328,0,0,0,0,0,0,0,0,0
797,PHL.41.7_1,Lanao del Norte,Kolambugan,1066.663244140625,1047.9310449218751,18.732199218749884,0,18732199218.74988,287.9598151160454,0,0,0,287959815116.04535,287959815116.04535,287959815116.04535,0,0,0,0,0,0
798,PHL.41.8_1,Lanao del Norte,Lala,38.496960800170896,29.45749935913086,9.039461441040036,580.72509765625,0.01556581845269375,138.95867831178364,871087.646484375,2322900.390625,5807250.9765625,1.5952318790492248e-4,5.982119546434593e-5,2.3928478185738374e-5,84.6797866821289,0,76.245513916015625,0,8.434272766113281,0
799,PHL.41.9_1,Lanao del Norte,Linamon,0,0,0,0,0,0,0,0,0,0,0,0,0,0,0,0,0,0
800,PHL.41.10_1,Lanao del Norte,Magsaysay,0,0,0,0,0,0,0,0,0,0,0,0,0,0,0,0,0,0
801,PHL.41.11_1,Lanao del Norte,Maigo,0,0,0,0,0,0,0,0,0,0,0,0,0,0,0,0,0,0
802,PHL.41.12_1,Lanao del Norte,Matungao,0,0,0,0,0,0,0,0,0,0,0,0,0,0,0,0,0,0
803,PHL.41.13_1,Lanao del Norte,Munai,0,0,0,0,0,0,0,0,0,0,0,0,0,0,0,0,0,0
804,PHL.41.14_1,Lanao del Norte,Nunungan,0,0,0,0,0,0,0,0,0,0,0,0,0,0,0,0,0,0
805,PHL.41.15_1,Lanao del Norte,Pantao Ragat,0,0,0,0,0,0,0,0,0,0,0,0,0,0,0,0,0,0
806,PHL.41.16_1,Lanao del Norte,Pantar,0,0,0,0,0,0,0,0,0,0,0,0,0,0,0,0,0,0
807,PHL.41.17_1,Lanao del Norte,Poona Piagapo,0,0,0,0,0,0,0,0,0,0,0,0,0,0,0,0,0,0
808,PHL.41.18_1,Lanao del Norte,Salvador,0,0,0,0,0,0,0,0,0,0,0,0,0,0,0,0,0,0
809,PHL.41.19_1,Lanao del Norte,Sapad,0,0,0,0,0,0,0,0,0,0,0,0,0,0,0,0,0,0
810,PHL.41.20_1,Lanao del Norte,Sultan Naga Dimaporo,0,0,0,0,0,0,0,0,0,0,0,0,3.5661187171936035,0,3.5661187171936035,0,0,0
811,PHL.41.21_1,Lanao del Norte,Tagoloan,0,0,0,0,0,0,0,0,0,0,0,0,0,0,0,0,0,0
812,PHL.41.22_1,Lanao del Norte,Tangcal,0,0,0,0,0,0,0,0,0,0,0,0,0,0,0,0,0,0
813,PHL.41.23_1,Lanao del Norte,Tubod,400437.449875,232044.5266875,168392.92318749998,114.84900665283203,1466.2114030861549,2588611.9649734856,172273.50997924805,459396.0266113281,1148490.0665283203,15.026175325999384,5.634815747249768,2.2539262988999074,15.1301908493042,9.086617469787598,15.1301908493042,9.086617469787598,0,0
814,PHL.42.1_1,Lanao del Sur,Bacolod Kalawi,0,0,0,0,0,0,0,0,0,0,0,0,0,0,0,0,0,0
815,PHL.42.2_1,Lanao del Sur,Balabagan,0,0,0,0,0,0,0,0,0,0,0,0,0,0,0,0,0,0
816,PHL.42.3_1,Lanao del Sur,Balindong,0,0,0,0,0,0,0,0,0,0,0,0,0,0,0,0,0,0
817,PHL.42.4_1,Lanao del Sur,Bayang,0,0,0,0,0,0,0,0,0,0,0,0,0,0,0,0,0,0
818,PHL.42.5_1,Lanao del Sur,Binidayan,0,0,0,0,0,0,0,0,0,0,0,0,0,0,0,0,0,0
819,PHL.42.6_1,Lanao del Sur,Buadiposo-Buntong,0,0,0,0,0,0,0,0,0,0,0,0,0,0,0,0,0,0
820,PHL.42.7_1,Lanao del Sur,Bubong,0,0,0,0,0,0,0,0,0,0,0,0,0,0,0,0,0,0
821,PHL.42.8_1,Lanao del Sur,Bumbaran,0,0,0,0,0,0,0,0,0,0,0,0,0,0,0,0,0,0
822,PHL.42.9_1,Lanao del Sur,Butig,0,0,0,0,0,0,0,0,0,0,0,0,0,0,0,0,0,0
823,PHL.42.10_1,Lanao del Sur,Calanogas,0,0,0,0,0,0,0,0,0,0,0,0,0,0,0,0,0,0
824,PHL.42.11_1,Lanao del Sur,Dapao Lake,0,0,0,0,0,0,0,0,0,0,0,0,0,0,0,0,0,0
825,PHL.42.12_1,Lanao del Sur,Ditsaan-Ramain,0,0,0,0,0,0,0,0,0,0,0,0,0,0,0,0,0,0
826,PHL.42.13_1,Lanao del Sur,Ganassi,0,0,0,0,0,0,0,0,0,0,0,0,0,0,0,0,0,0
827,PHL.42.14_1,Lanao del Sur,Kapai,0,0,0,0,0,0,0,0,0,0,0,0,0,0,0,0,0,0
828,PHL.42.15_1,Lanao del Sur,Kapatagan,0,0,0,123.72173309326172,0,0,185582.59963989258,494886.9323730469,1237217.3309326172,0,0,0,0,0,0,0,0,0
829,PHL.42.16_1,Lanao del Sur,Lanao Lake,0,0,0,0,0,0,0,0,0,0,0,0,0,0,0,0,0,0
830,PHL.42.17_1,Lanao del Sur,Lumba-Bayabao,0,0,0,0,0,0,0,0,0,0,0,0,0,0,0,0,0,0
831,PHL.42.18_1,Lanao del Sur,Lumbaca Unayan,0,0,0,0,0,0,0,0,0,0,0,0,0,0,0,0,0,0
832,PHL.42.19_1,Lanao del Sur,Lumbatan,0,0,0,0,0,0,0,0,0,0,0,0,0,0,0,0,0,0
833,PHL.42.20_1,Lanao del Sur,Lumbayanague,0,0,0,0,0,0,0,0,0,0,0,0,0,0,0,0,0,0
834,PHL.42.21_1,Lanao del Sur,Madalum,0,0,0,0,0,0,0,0,0,0,0,0,0,0,0,0,0,0
835,PHL.42.22_1,Lanao del Sur,Madamba,0,0,0,0,0,0,0,0,0,0,0,0,0,0,0,0,0,0
836,PHL.42.23_1,Lanao del Sur,Maguing,0,0,0,0,0,0,0,0,0,0,0,0,0,0,0,0,0,0
837,PHL.42.24_1,Lanao del Sur,Malabang,0,0,0,144.78262329101562,0,0,217173.93493652344,579130.4931640625,1447826.2329101562,0,0,0,0,0,0,0,0,0
838,PHL.42.25_1,Lanao del Sur,Marantao,0,0,0,0,0,0,0,0,0,0,0,0,0,0,0,0,0,0
839,PHL.42.26_1,Lanao del Sur,Marawi City,0,0,0,0,0,0,0,0,0,0,0,0,0,0,0,0,0,0
840,PHL.42.27_1,Lanao del Sur,Marogong,0,0,0,0,0,0,0,0,0,0,0,0,0,0,0,0,0,0
841,PHL.42.28_1,Lanao del Sur,Masiu,0,0,0,0,0,0,0,0,0,0,0,0,0,0,0,0,0,0
842,PHL.42.29_1,Lanao del Sur,Mulondo,0,0,0,0,0,0,0,0,0,0,0,0,0,0,0,0,0,0
843,PHL.42.30_1,Lanao del Sur,Pagayawan,0,0,0,0,0,0,0,0,0,0,0,0,0,0,0,0,0,0
844,PHL.42.31_1,Lanao del Sur,Piagapo,0,0,0,0,0,0,0,0,0,0,0,0,0,0,0,0,0,0
845,PHL.42.32_1,Lanao del Sur,Picong,0,0,0,28.175151824951172,0,0,42262.72773742676,112700.60729980469,281751.5182495117,0,0,0,0,0,0,0,0,0
846,PHL.42.33_1,Lanao del Sur,Poona Bayabao,0,0,0,0,0,0,0,0,0,0,0,0,0,0,0,0,0,0
847,PHL.42.34_1,Lanao del Sur,Pualas,0,0,0,0,0,0,0,0,0,0,0,0,0,0,0,0,0,0
848,PHL.42.35_1,Lanao del Sur,Saguiaran,0,0,0,0,0,0,0,0,0,0,0,0,0,0,0,0,0,0
849,PHL.42.36_1,Lanao del Sur,Sultan Dumalondong,0,0,0,0,0,0,0,0,0,0,0,0,0,0,0,0,0,0
850,PHL.42.37_1,Lanao del Sur,Tagoloan II,0,0,0,0,0,0,0,0,0,0,0,0,0,0,0,0,0,0
851,PHL.42.38_1,Lanao del Sur,Tamparan,0,0,0,0,0,0,0,0,0,0,0,0,0,0,0,0,0,0
852,PHL.42.39_1,Lanao del Sur,Taraka,0,0,0,0,0,0,0,0,0,0,0,0,0,0,0,0,0,0
853,PHL.42.40_1,Lanao del Sur,Tubaran,0,0,0,0,0,0,0,0,0,0,0,0,0,0,0,0,0,0
854,PHL.42.41_1,Lanao del Sur,Tugaya,0,0,0,0,0,0,0,0,0,0,0,0,0,0,0,0,0,0
855,PHL.42.42_1,Lanao del Sur,Wao,0,0,0,0,0,0,0,0,0,0,0,0,0,0,0,0,0,0
856,PHL.43.1_1,Leyte,Abuyog,0,0,0,298.9284362792969,0,0,448392.6544189453,1195713.7451171875,2989284.3627929688,0,0,0,0,0,0,0,0,0
857,PHL.43.2_1,Leyte,Alangalang,0,0,0,0,0,0,0,0,0,0,0,0,0,0,0,0,0,0
858,PHL.43.3_1,Leyte,Albuera,74774.242375,74774.242375,0,66.52362060546875,0,0,99785.430908203125,266094.482421875,665236.2060546875,0,0,0,19.9288330078125,5.148801803588867,19.9288330078125,5.148801803588867,0,0
859,PHL.43.4_1,Leyte,Babatngon,0,0,0,1191.79345703125,0,0,1787690.185546875,4767173.828125,11917934.5703125,0,0,0,0,0,0,0,0,0
860,PHL.43.5_1,Leyte,Barugo,144072.895625,91684.53681250001,52388.358812499995,333.7630615234375,156.96272251751617,805337.4802239217,500644.59228515625,1335052.24609375,3337630.615234375,1.608601176631144,0.603225441236679,0.2412901764946716,5.825362205505371,1.6445189714431763,5.825362205505371,1.6445189714431763,0,0
861,PHL.43.6_1,Leyte,Bato,16579.99377734375,10782.768490234375,5797.225287109373,66.00135040283203,87.83494961431308,89117.56181789559,99002.02560424805,264005.4016113281,660013.5040283203,0.9001589742631657,0.33755961534868717,0.13502384613947485,0,0,0,0,0,0
862,PHL.43.7_1,Leyte,Baybay City,703754.9057499999,633955.3142499999,69799.59149999998,80.877655029296875,863.0268950641063,1072990.8020301769,121316.48254394531,323510.6201171875,808776.55029296875,8.844559119503815,3.3167096698139305,1.3266838679255721,11.202075958251953,3.8431360721588135,11.202075958251953,3.8431360721588135,0,0
863,PHL.43.8_1,Leyte,Burauen,0,0,0,0,0,0,0,0,0,0,0,0,0,0,0,0,0,0
864,PHL.43.9_1,Leyte,Calubian,0,0,0,0,0,0,0,0,0,0,0,0,0,0,0,0,0,0
865,PHL.43.10_1,Leyte,Capoocan,411983.70987499994,354004.2995,57979.41037499992,0,57979410374999.914,891285.6465572285,0,0,0,891285646557228.5,891285646557228.5,891285646557228.5,18.266756057739258,10.55485725402832,16.627225875854492,8.772428512573242,1.6395301818847656,1.7824287414550781
866,PHL.43.11_1,Leyte,Carigara,674497.781,429435.1780000001,245062.6029999999,344.0787658691406,712.2282085061931,3767212.8631379274,516118.14880371094,1376315.0634765625,3440787.6586914062,7.299128836817297,2.7371733138064864,1.0948693255225945,26.76833724975586,24.01496696472168,21.953144073486328,18.780086517333984,4.815193176269531,5.234880447387695
867,PHL.43.12_1,Leyte,Dagami,0,0,0,0,0,0,0,0,0,0,0,0,0,0,0,0,0,0
868,PHL.43.13_1,Leyte,Dulag,0,0,0,0,0,0,0,0,0,0,0,0,0,0,0,0,0,0
869,PHL.43.14_1,Leyte,Hilongos,2294240.5489999996,2184753.1994999996,109487.34950000001,47.26915740966797,2316.253462085333,1683088.9182519545,70903.73611450195,189076.62963867188,472691.5740966797,23.737661941169726,8.901623227938648,3.560649291175459,35.15945053100586,20.224641799926758,35.15945053100586,20.224641799926758,0,0
870,PHL.43.15_1,Leyte,Hindang,0,0,0,0,0,0,0,0,0,0,0,0,0,0,0,0,0,0
871,PHL.43.16_1,Leyte,Inopacan,0,0,0,68.692901611328125,0,0,103039.35241699219,274771.6064453125,686929.01611328125,0,0,0,0,0,0,0,0,0
872,PHL.43.17_1,Leyte,Isabel,692252.8398749998,568801.8404999998,123450.99937500001,312.1554870605469,395.4791906350664,1897744.4421119306,468233.2305908203,1248621.9482421875,3121554.8706054688,4.052989660125878,1.5198711225472041,0.6079484490188817,12.58821964263916,14.858577728271484,11.840600967407227,13.83172607421875,0.7476186752319336,1.0268516540527344
873,PHL.43.18_1,Leyte,Jaro,0,0,0,0,0,0,0,0,0,0,0,0,0,0,0,0,0,0
874,PHL.43.19_1,Leyte,Javier,0,0,0,0,0,0,0,0,0,0,0,0,0,0,0,0,0,0
875,PHL.43.20_1,Leyte,Julita,0,0,0,0,0,0,0,0,0,0,0,0,0,0,0,0,0,0
876,PHL.43.21_1,Leyte,Kananga,0,0,0,0,0,0,0,0,0,0,0,0,0,0,0,0,0,0
877,PHL.43.22_1,Leyte,La Paz,0,0,0,0,0,0,0,0,0,0,0,0,0,0,0,0,0,0
878,PHL.43.23_1,Leyte,Leyte,0,0,0,450.10400390625,0,0,675156.005859375,1800416.015625,4501040.0390625,0,0,0,0,0,0,0,0,0
879,PHL.43.24_1,Leyte,Macarthur,0,0,0,120.09566497802734,0,0,180143.49746704102,480382.6599121094,1200956.6497802734,0,0,0,0,0,0,0,0,0
880,PHL.43.25_1,Leyte,Mahaplag,0,0,0,0,0,0,0,0,0,0,0,0,0,0,0,0,0,0
881,PHL.43.26_1,Leyte,Matag-Ob,0,0,0,0,0,0,0,0,0,0,0,0,0,0,0,0,0,0
882,PHL.43.27_1,Leyte,Matalom,0,0,0,190.41653442382812,0,0,285624.8016357422,761666.1376953125,1904165.3442382812,0,0,0,0,0,0,0,0,0
883,PHL.43.28_1,Leyte,Mayorga,0,0,0,90.38379669189453,0,0,135575.6950378418,361535.1867675781,903837.9669189453,0,0,0,0,0,0,0,0,0
884,PHL.43.29_1,Leyte,Merida,154465.63546875,116471.20421875,37994.431249999994,248.07327270507812,153.15810057123593,584067.5336848915,372109.9090576172,992293.0908203125,2480732.7270507812,1.5696102669344798,0.5886038501004299,0.23544154004017198,6.512796878814697,2.139890670776367,6.512796878814697,2.139890670776367,0,0
885,PHL.43.30_1,Leyte,Ormoc City,3001392.7320000003,2201619.124,799773.6080000005,351.3162841796875,2276.5059407008325,12294480.621573394,526974.42626953125,1405265.13671875,3513162.841796875,23.330317390554253,8.748869021457844,3.499547608583138,96.27117156982422,25.3477783203125,96.27117156982422,25.3477783203125,0,0
886,PHL.43.31_1,Leyte,Palo,220.28444726562503,185.79671356201172,34.487733703613316,179.4242401123047,0.1922133468812623,530.1609973869721,269136.36016845703,717696.96044921875,1794242.4011230469,0.0019698601744302974,7.386975654113615e-4,2.954790261645446e-4,0,0,0,0,0,0
887,PHL.43.32_1,Leyte,Palompon,0.006576692312955857,0.004991522207856179,0.0015851701050996776,540.028564453125,2.9353449232911304e-6,0.024367949809923503,810042.8466796875,2160114.2578125,5400285.64453125,3.008229738686803e-8,1.128086152007551e-8,4.512344608030204e-9,3.015932321548462,0,2.0775258541107178,0,0.9384064674377441,0
888,PHL.43.33_1,Leyte,Pastrana,0,0,0,0,0,0,0,0,0,0,0,0,0,0,0,0,0,0
889,PHL.43.34_1,Leyte,San Isidro,0,0,0,0,0,0,0,0,0,0,0,0,0,0,0,0,0,0
890,PHL.43.35_1,Leyte,San Miguel,0,0,0,99.4389877319336,0,0,149158.4815979004,397755.9509277344,994389.8773193359,0,0,0,0,0,0,0,0,0
891,PHL.43.36_1,Leyte,Santa Fe,0,0,0,0,0,0,0,0,0,0,0,0,0,0,0,0,0,0
892,PHL.43.37_1,Leyte,Tabango,0,0,0,209.67507934570312,0,0,314512.6190185547,838700.3173828125,2096750.7934570312,0,0,0,0,0,0,0,0,0
893,PHL.43.38_1,Leyte,Tabontabon,0,0,0,0,0,0,0,0,0,0,0,0,0,0,0,0,0,0
894,PHL.43.39_1,Leyte,Tacloban City,2722948.7385000004,2698250.999500001,24697.738999999594,63.5485725402832,388.64348973918794,379664.7832522279,95322.8588104248,254194.2901611328,635485.725402832,3.9829353419550038,1.4936007532331266,0.5974403012932505,29.145008087158203,18.389972686767578,29.145008087158203,18.389972686767578,0,0
895,PHL.43.40_1,Leyte,Tanauan,95542.41031250001,85199.65409375,10342.756218750015,60.58993911743164,170.70088482354026,158993.51345572245,90884.90867614746,242359.75646972656,605899.3911743164,1.7493939947969595,0.6560227480488598,0.2624090992195439,0,0,0,0,0,0
896,PHL.43.41_1,Leyte,Tolosa,0,0,0,15.609375,0,0,23414.0625,62437.5,156093.75,0,0,0,0,0,0,0,0,0
897,PHL.43.42_1,Leyte,Tunga,0,0,0,0,0,0,0,0,0,0,0,0,0,0,0,0,0,0
898,PHL.43.43_1,Leyte,Villaba,0,0,0,3.976921796798706,0,0,5965.382695198059,15907.687187194824,39769.21796798706,0,0,0,0,0,0,0,0,0
899,PHL.44.1_1,Maguindanao,Ampatuan,0,0,0,0,0,0,0,0,0,0,0,0,0,0,0,0,0,0
900,PHL.44.2_1,Maguindanao,Barira,0,0,0,0,0,0,0,0,0,0,0,0,0,0,0,0,0,0
901,PHL.44.3_1,Maguindanao,Buldon,0,0,0,0,0,0,0,0,0,0,0,0,0,0,0,0,0,0
902,PHL.44.5_1,Maguindanao,Buluan,0,0,0,0,0,0,0,0,0,0,0,0,0,0,0,0,0,0
903,PHL.44.4_1,Maguindanao,Buluan Lake,0,0,0,0,0,0,0,0,0,0,0,0,0,0,0,0,0,0
904,PHL.44.6_1,Maguindanao,Cotabato City,30689.9606484375,23385.784140624997,7304.176507812503,552.9451904296875,13.209585026205778,112283.09565805575,829417.78564453125,2211780.76171875,5529451.904296875,0.1353757992671954,0.05076592472519827,0.020306369890079307,95.63240051269531,0.5888531804084778,95.63240051269531,0.5888531804084778,0,0
905,PHL.44.7_1,Maguindanao,Datu Abdullah Sanki,0,0,0,0,0,0,0,0,0,0,0,0,0,0,0,0,0,0
906,PHL.44.8_1,Maguindanao,Datu Anggal Midtimbang,0,0,0,0,0,0,0,0,0,0,0,0,0,0,0,0,0,0
907,PHL.44.9_1,Maguindanao,Datu Blah T. Sinsuat,0,0,0,78.11539459228516,0,0,117173.09188842773,312461.5783691406,781153.9459228516,0,0,0,0,0,0,0,0,0
908,PHL.44.10_1,Maguindanao,Datu Odin Sinsuat,0,0,0,251.3105010986328,0,0,376965.7516479492,1005242.0043945312,2513105.010986328,0,0,0,4.465351104736328,0,4.465351104736328,0,0,0
909,PHL.44.11_1,Maguindanao,Datu Paglas,0,0,0,0,0,0,0,0,0,0,0,0,0,0,0,0,0,0
910,PHL.44.12_1,Maguindanao,Datu Piang,0,0,0,0,0,0,0,0,0,0,0,0,0,0,0,0,0,0
911,PHL.44.13_1,Maguindanao,Datu Saudi-Ampatuan,0,0,0,0,0,0,0,0,0,0,0,0,0,0,0,0,0,0
912,PHL.44.14_1,Maguindanao,Datu Unsay,0,0,0,0,0,0,0,0,0,0,0,0,0,0,0,0,0,0
913,PHL.44.15_1,Maguindanao,Gen. S. K. Pendatun,0,0,0,0,0,0,0,0,0,0,0,0,0,0,0,0,0,0
914,PHL.44.16_1,Maguindanao,Guindulungan,0,0,0,0,0,0,0,0,0,0,0,0,0,0,0,0,0,0
915,PHL.44.17_1,Maguindanao,Kabuntalan,0,0,0,0,0,0,0,0,0,0,0,0,0,0,0,0,0,0
916,PHL.44.18_1,Maguindanao,Mamasapano,0,0,0,0,0,0,0,0,0,0,0,0,0,0,0,0,0,0
917,PHL.44.19_1,Maguindanao,Mangudadatu,0,0,0,0,0,0,0,0,0,0,0,0,0,0,0,0,0,0
918,PHL.44.20_1,Maguindanao,Matanog,0,0,0,116.28660583496094,0,0,174429.9087524414,465146.42333984375,1162866.0583496094,0,0,0,0,0,0,0,0,0
919,PHL.44.21_1,Maguindanao,Northern Kabuntalan,0,0,0,0,0,0,0,0,0,0,0,0,0,0,0,0,0,0
920,PHL.44.22_1,Maguindanao,Pagagawan,0,0,0,0,0,0,0,0,0,0,0,0,0,0,0,0,0,0
921,PHL.44.23_1,Maguindanao,Pagalungan,0,0,0,0,0,0,0,0,0,0,0,0,0,0,0,0,0,0
922,PHL.44.24_1,Maguindanao,Paglat,0,0,0,0,0,0,0,0,0,0,0,0,0,0,0,0,0,0
923,PHL.44.25_1,Maguindanao,Pandag,0,0,0,0,0,0,0,0,0,0,0,0,0,0,0,0,0,0
924,PHL.44.26_1,Maguindanao,Parang,40790.63709375,40515.25178125,275.38531250000233,0,275385312500.0023,4233.34722992911,0,0,0,4233347229929.1094,4233347229929.1094,4233347229929.1094,2.477895736694336,1.2189148664474487,2.477895736694336,1.2189148664474487,0,0
925,PHL.44.27_1,Maguindanao,Rajah Buayan,0,0,0,0,0,0,0,0,0,0,0,0,0,0,0,0,0,0
926,PHL.44.28_1,Maguindanao,Shariff Aguak,0,0,0,0,0,0,0,0,0,0,0,0,0,0,0,0,0,0
927,PHL.44.29_1,Maguindanao,South Upi,0,0,0,0,0,0,0,0,0,0,0,0,0,0,0,0,0,0
928,PHL.44.30_1,Maguindanao,Sultan Kudarat,0,0,0,0,0,0,0,0,0,0,0,0,5.923309326171875,0,5.923309326171875,0,0,0
929,PHL.44.31_1,Maguindanao,Sultan Mastura,0,0,0,0,0,0,0,0,0,0,0,0,10.053539276123047,0,10.053539276123047,0,0,0
930,PHL.44.32_1,Maguindanao,Sultan Sa Barongis,0,0,0,0,0,0,0,0,0,0,0,0,0,0,0,0,0,0
931,PHL.44.33_1,Maguindanao,Talayan,0,0,0,0,0,0,0,0,0,0,0,0,0,0,0,0,0,0
932,PHL.44.34_1,Maguindanao,Talitay,0,0,0,0,0,0,0,0,0,0,0,0,0,0,0,0,0,0
933,PHL.44.35_1,Maguindanao,Upi,0,0,0,0,0,0,0,0,0,0,0,0,0,0,0,0,0,0
934,PHL.45.1_1,Marinduque,Boac,0,0,0,0,0,0,0,0,0,0,0,0,0,0,0,0,0,0
935,PHL.45.2_1,Marinduque,Buenavista,0,0,0,0,0,0,0,0,0,0,0,0,0,0,0,0,0,0
936,PHL.45.3_1,Marinduque,Gasan,0,0,0,0,0,0,0,0,0,0,0,0,0,0,0,0,0,0
937,PHL.45.4_1,Marinduque,Mogpog,0,0,0,0,0,0,0,0,0,0,0,0,0,0,0,0,0,0
938,PHL.45.5_1,Marinduque,Santa Cruz,2017.7043066406247,1311.5077858886718,706.1965207519529,1612.1995849609375,0.4380329379436378,10855.97143061444,2418299.3774414062,6448798.33984375,16121995.849609375,0.004489093257800118,0.0016834099716750443,6.733639886700177e-4,1.5612000226974487,0,1.5612000226974487,0,0,0
939,PHL.45.6_1,Marinduque,Torrijos,0,0,0,390.92620849609375,0,0,586389.3127441406,1563704.833984375,3909262.0849609375,0,0,0,0,0,0,0,0,0
940,PHL.46.1_1,Masbate,Aroroy,33.89626742553711,27.17941574859619,6.716851676940923,854.51416015625,0.007860433437068767,103.25447345861015,1281771.240234375,3418056.640625,8545141.6015625,8.05560853742746e-5,3.0208532015352975e-5,1.208341280614119e-5,3.077357292175293,0,3.077357292175293,0,0,0
941,PHL.46.2_1,Masbate,Baleno,0,0,0,0,0,0,0,0,0,0,0,0,0,0,0,0,0,0
942,PHL.46.3_1,Masbate,Balud,12.355832675933838,12.355832675933838,0,0,0,0,0,0,0,0,0,0,8.466614723205566,0,8.466614723205566,0,0,0
943,PHL.46.4_1,Masbate,Batuan,0,0,0,325.4212341308594,0,0,488131.85119628906,1301684.9365234375,3254212.3413085938,0,0,0,0,0,0,0,0,0
944,PHL.46.5_1,Masbate,Cataingan,0,0,0,148.1572723388672,0,0,222235.90850830078,592629.08935546875,1481572.7233886719,0,0,0,0,0,0,0,0,0
945,PHL.46.6_1,Masbate,Cawayan,54101.94528125,53619.91974218751,482.0255390624952,600.73175048828125,0.8023973074016808,7409.913992945005,901097.6257324219,2402927.001953125,6007317.5048828125,0.008223208874756657,0.0030837033280337466,0.0012334813312134987,73.34547424316406,0.2128409743309021,70.68706512451172,0.2128409743309021,2.6584091186523438,0
946,PHL.46.7_1,Masbate,Claveria,841.8285712890626,835.6221567382812,6.206414550781346,155.25096130371094,0.039976657784681915,95.40780373441925,232876.4419555664,621003.84521484375,1552509.6130371094,4.0969280934231796e-4,1.5363480350336924e-4,6.14539214013477e-5,1.3461790084838867,0.01600002311170101,1.3461790084838867,0.01600002311170101,0,0
947,PHL.46.8_1,Masbate,Dimasalang,0,0,0,67.31459045410156,0,0,100971.88568115234,269258.36181640625,673145.9045410156,0,0,0,1.971505045890808,0,1.971505045890808,0,0,0
948,PHL.46.9_1,Masbate,Esperanza,0,0,0,0,0,0,0,0,0,0,0,0,0,0,0,0,0,0
949,PHL.46.10_1,Masbate,Mandaon,0,0,0,120.74219512939453,0,0,181113.2926940918,482968.7805175781,1207421.9512939453,0,0,0,0,0,0,0,0,0
950,PHL.46.11_1,Masbate,Masbate City,0,0,0,0,0,0,0,0,0,0,0,0,0,0,0,0,0,0
951,PHL.46.12_1,Masbate,Milagros,1703581.4837500001,1619192.743,84388.74075000011,626.68212890625,134.65956161424933,1297261.7843996882,940023.193359375,2506728.515625,6266821.2890625,1.380031677477706,0.5175118790541398,0.2070047516216559,69.149505615234375,11.964850425720215,68.40164947509766,11.964850425720215,0.74785614013671875,0
952,PHL.46.13_1,Masbate,Mobo,0,0,0,0,0,0,0,0,0,0,0,0,0,0,0,0,0,0
953,PHL.46.14_1,Masbate,Monreal,0,0,0,118.73458099365234,0,0,178101.87149047852,474938.3239746094,1187345.8099365234,0,0,0,0,0,0,0,0,0
954,PHL.46.15_1,Masbate,Palanas,0,0,0,0,0,0,0,0,0,0,0,0,0,0,0,0,0,0
955,PHL.46.16_1,Masbate,Pio V. Corpuz,0,0,0,0,0,0,0,0,0,0,0,0,0,0,0,0,0,0
956,PHL.46.17_1,Masbate,Placer,6475991.015,5275648.864,1200342.1509999996,669.67987060546875,1792.4118727277112,18452200.93175069,1004519.8059082031,2678719.482421875,6696798.7060546875,18.369175822340054,6.88844093337752,2.755376373351008,163.05760192871094,31.97503089904785,129.12222290039062,17.90766716003418,33.93537902832031,14.067363739013672
957,PHL.46.18_1,Masbate,San Fernando,831.244421875,826.0648125,5.179609374999927,0,5179609374.999927,79.62329145556957,0,0,0,79623291455.56956,79623291455.56956,79623291455.56956,0,0,0,0,0,0
958,PHL.46.19_1,Masbate,San Jacinto,0,0,0,122.56090545654297,0,0,183841.35818481445,490243.6218261719,1225609.0545654297,0,0,0,0,0,0,0,0,0
959,PHL.46.20_1,Masbate,San Pascual,0,0,0,219.8396759033203,0,0,329759.51385498047,879358.70361328125,2198396.759033203,0,0,0,0,0,0,0,0,0
960,PHL.46.21_1,Masbate,Uson,291052.2336875,165184.712125,125867.52156250001,436.2318115234375,288.5335691657542,1934892.31109465,654347.71728515625,1744927.24609375,4362318.115234375,2.9569787744081775,1.1088670404030667,0.44354681616122665,21.731380462646484,4.384154796600342,21.731380462646484,4.384154796600342,0,0
961,PHL.47.1_1,Metropolitan Manila,Kalookan City,276396.15206249995,274257.6213124999,2138.5307500000345,0,2138530750000.0344,32874.45922385854,0,0,0,32874459223858.54,32874459223858.54,32874459223858.54,24.300853729248047,14.229430198669434,24.300853729248047,14.229430198669434,0,0
962,PHL.47.2_1,Metropolitan Manila,Las Piñas,1310835.6825000003,1310835.6825000003,0,0,0,0,0,0,0,0,0,0,62.895687103271484,44.200828552246094,62.895687103271484,44.200828552246094,0,0
963,PHL.47.3_1,Metropolitan Manila,Makati City,0,0,0,0,0,0,0,0,0,0,0,0,0,0,0,0,0,0
964,PHL.47.4_1,Metropolitan Manila,Malabon,4412.97675,4300.277625000001,112.69912499999919,0,112699124999.99918,1732.461779835034,0,0,0,1732461779835.0337,1732461779835.0337,1732461779835.0337,0,0,0,0,0,0
965,PHL.47.5_1,Metropolitan Manila,Mandaluyong,0,0,0,0,0,0,0,0,0,0,0,0,0,0,0,0,0,0
966,PHL.47.6_1,Metropolitan Manila,Manila,3106354.145,3095780.2414999995,10573.90350000048,0,10573903500000.48,162546.81371674233,0,0,0,162546813716742.3,162546813716742.3,162546813716742.3,306.688720703125,225.53030395507812,306.688720703125,225.53030395507812,0,0
967,PHL.47.7_1,Metropolitan Manila,Marikina,0,0,0,0,0,0,0,0,0,0,0,0,0,0,0,0,0,0
968,PHL.47.8_1,Metropolitan Manila,Muntinlupa,0,0,0,0,0,0,0,0,0,0,0,0,0,0,0,0,0,0
969,PHL.47.9_1,Metropolitan Manila,Navotas,18931816.548,18797617.432,134199.1160000004,0,134199116000000.38,2062969.338560974,0,0,0,2062969338560973.8,2062969338560973.8,2062969338560973.8,628.60150146484375,389.415771484375,628.60150146484375,389.415771484375,0,0
970,PHL.47.10_1,Metropolitan Manila,Parañaque,184676925.43999997,184676925.43999997,0,0,0,0,0,0,0,0,0,0,550.6270751953125,3302.1923828125,550.6270751953125,3302.1923828125,0,0
971,PHL.47.11_1,Metropolitan Manila,Pasay City,30589082.248000007,30589082.248000007,0,0,0,0,0,0,0,0,0,0,17.129680633544922,423.28912353515625,17.129680633544922,423.28912353515625,0,0
972,PHL.47.12_1,Metropolitan Manila,Pasig City,0,0,0,0,0,0,0,0,0,0,0,0,0,0,0,0,0,0
973,PHL.47.13_1,Metropolitan Manila,Pateros,0,0,0,0,0,0,0,0,0,0,0,0,0,0,0,0,0,0
974,PHL.47.14_1,Metropolitan Manila,Quezon City,0,0,0,0,0,0,0,0,0,0,0,0,0,0,0,0,0,0
975,PHL.47.15_1,Metropolitan Manila,San Juan,0,0,0,0,0,0,0,0,0,0,0,0,0,0,0,0,0,0
976,PHL.47.16_1,Metropolitan Manila,Taguig,0,0,0,0,0,0,0,0,0,0,0,0,0,0,0,0,0,0
977,PHL.47.17_1,Metropolitan Manila,Valenzuela,20167857.936,19577259.568000004,590598.367999997,0,590598367999997,9078944.488636877,0,0,0,9078944488636876,9078944488636876,9078944488636876,255.8472137451172,310.01934814453125,255.8472137451172,310.01934814453125,0,0
978,PHL.48.1_1,Misamis Occidental,Aloran,0,0,0,0,0,0,0,0,0,0,0,0,0,0,0,0,0,0
979,PHL.48.2_1,Misamis Occidental,Baliangao,0,0,0,660.00140380859375,0,0,990002.1057128906,2640005.615234375,6600014.0380859375,0,0,0,0.8467481136322021,0,0.8467481136322021,0,0,0
980,PHL.48.3_1,Misamis Occidental,Bonifacio,0,0,0,157.8733367919922,0,0,236810.00518798828,631493.34716796875,1578733.3679199219,0,0,0,11.351167678833008,0,11.351167678833008,0,0,0
981,PHL.48.4_1,Misamis Occidental,Calamba,0,0,0,0,0,0,0,0,0,0,0,0,0,0,0,0,0,0
982,PHL.48.5_1,Misamis Occidental,Clarin,0,0,0,0,0,0,0,0,0,0,0,0,0,0,0,0,0,0
983,PHL.48.6_1,Misamis Occidental,Concepcion,0,0,0,0,0,0,0,0,0,0,0,0,0,0,0,0,0,0
984,PHL.48.7_1,Misamis Occidental,Don Victoriano Chiongbian,0,0,0,0,0,0,0,0,0,0,0,0,0,0,0,0,0,0
985,PHL.48.8_1,Misamis Occidental,Jimenez,0,0,0,0,0,0,0,0,0,0,0,0,0,0,0,0,0,0
986,PHL.48.9_1,Misamis Occidental,Lopez Jaena,0,0,0,222.4001007080078,0,0,333600.1510620117,889600.40283203125,2224001.007080078,0,0,0,0,0,0,0,0,0
987,PHL.48.10_1,Misamis Occidental,Oroquieta City,0,0,0,60.94976806640625,0,0,91424.652099609375,243799.072265625,609497.6806640625,0,0,0,0,0,0,0,0,0
988,PHL.48.11_1,Misamis Occidental,Ozamis City,874.8223203125001,618.046515625,256.7758046875001,63.67216873168945,4.032779310055188,3947.2734824470263,95508.25309753418,254688.6749267578,636721.6873168945,0.04132913496403314,0.015498425611512427,0.006199370244604971,0,0,0,0,0,0
989,PHL.48.12_1,Misamis Occidental,Panaon,0,0,0,0,0,0,0,0,0,0,0,0,0,0,0,0,0,0
990,PHL.48.13_1,Misamis Occidental,Plaridel,0,0,0,652.1011962890625,0,0,978151.79443359375,2608404.78515625,6521011.962890625,0,0,0,5.467268466949463,0,5.467268466949463,0,0,0
991,PHL.48.14_1,Misamis Occidental,Sapang Dalaga,0,0,0,151.13800048828125,0,0,226707.00073242188,604552.001953125,1511380.0048828125,0,0,0,0,0,0,0,0,0
992,PHL.48.15_1,Misamis Occidental,Sinacaban,0,0,0,115.0853500366211,0,0,172628.02505493164,460341.4001464844,1150853.500366211,0,0,0,0,0,0,0,0,0
993,PHL.48.16_1,Misamis Occidental,Tangub City,1794.870151123047,1734.6876026000978,60.18254852294922,124.04383087158203,0.4851716373162804,925.1532798420365,186065.74630737305,496175.3234863281,1240438.3087158203,0.004972184822851385,0.0018645693085692695,7.458277234277078e-4,4.61112117767334,0,4.61112117767334,0,0,0
994,PHL.48.17_1,Misamis Occidental,Tudela,0,0,0,0,0,0,0,0,0,0,0,0,0,0,0,0,0,0
995,PHL.49.1_1,Misamis Oriental,Alubijid,938350.6793749998,938350.6793749998,0,0,0,0,0,0,0,0,0,0,6.3008575439453125,7.694525718688965,6.3008575439453125,7.694525718688965,0,0
996,PHL.49.2_1,Misamis Oriental,Balingasag,24864300.559999995,24864300.559999995,0,0,0,0,0,0,0,0,0,0,92.73119354248047,185.50653076171875,92.73119354248047,185.50653076171875,0,0
997,PHL.49.3_1,Misamis Oriental,Balingoan,0,0,0,0,0,0,0,0,0,0,0,0,0,0,0,0,0,0
998,PHL.49.4_1,Misamis Oriental,Binuangan,0,0,0,0,0,0,0,0,0,0,0,0,0,0,0,0,0,0
999,PHL.49.5_1,Misamis Oriental,Cagayan de Oro City,55243293.151999995,51590209.68,3653083.4719999954,110.86349487304688,32951.18448307309,56156846.77043502,166295.2423095703,443453.9794921875,1108634.9487304688,337.69364649588164,126.63511743595562,50.65404697438225,92.79121398925781,167.9324493408203,92.79121398925781,167.9324493408203,0,0
1000,PHL.49.6_1,Misamis Oriental,Claveria,0,0,0,0,0,0,0,0,0,0,0,0,0,0,0,0,0,0
1001,PHL.49.7_1,Misamis Oriental,El Salvador City,1972764.4810000001,1972764.4810000001,0,0,0,0,0,0,0,0,0,0,24.45868492126465,34.554931640625,24.45868492126465,34.554931640625,0,0
1002,PHL.49.8_1,Misamis Oriental,Gingoog City,0,0,0,0,0,0,0,0,0,0,0,0,0,0,0,0,0,0
1003,PHL.49.9_1,Misamis Oriental,Gitagum,0,0,0,0,0,0,0,0,0,0,0,0,0,0,0,0,0,0
1004,PHL.49.10_1,Misamis Oriental,Initao,0,0,0,0,0,0,0,0,0,0,0,0,0,0,0,0,0,0
1005,PHL.49.11_1,Misamis Oriental,Jasaan,0,0,0,0,0,0,0,0,0,0,0,0,0,0,0,0,0,0
1006,PHL.49.12_1,Misamis Oriental,Kinoguitan,0,0,0,0,0,0,0,0,0,0,0,0,0,0,0,0,0,0
1007,PHL.49.13_1,Misamis Oriental,Lagonglong,70013.0716875,70013.0716875,0,0,0,0,0,0,0,0,0,0,0,3.3642916679382324,0,3.3642916679382324,0,0
1008,PHL.49.14_1,Misamis Oriental,Laguindingan,79.1617826385498,79.1617826385498,0,0,0,0,0,0,0,0,0,0,0.0019357434939593077,0.0014116608072072268,0.0019357434939593077,0.0014116608072072268,0,0
1009,PHL.49.15_1,Misamis Oriental,Libertad,0,0,0,0,0,0,0,0,0,0,0,0,0,0,0,0,0,0
1010,PHL.49.16_1,Misamis Oriental,Lugait,0,0,0,0,0,0,0,0,0,0,0,0,0,0,0,0,0,0
1011,PHL.49.17_1,Misamis Oriental,Magsaysay,0,0,0,0,0,0,0,0,0,0,0,0,0,0,0,0,0,0
1012,PHL.49.18_1,Misamis Oriental,Manticao,0,0,0,0,0,0,0,0,0,0,0,0,0,0,0,0,0,0
1013,PHL.49.19_1,Misamis Oriental,Medina,0,0,0,0,0,0,0,0,0,0,0,0,0,0,0,0,0,0
1014,PHL.49.20_1,Misamis Oriental,Naawan,0,0,0,0,0,0,0,0,0,0,0,0,0,0,0,0,0,0
1015,PHL.49.21_1,Misamis Oriental,Opol,33924104.06,33414851.359999996,509252.7000000067,0,509252700000006.7,7828462.191057957,0,0,0,7828462191057956,7828462191057956,7828462191057956,164.3260955810547,112.09983825683594,164.3260955810547,112.09983825683594,0,0
1016,PHL.49.22_1,Misamis Oriental,Salay,0,0,0,0,0,0,0,0,0,0,0,0,0,0,0,0,0,0
1017,PHL.49.23_1,Misamis Oriental,Sugbongcogon,0,0,0,0,0,0,0,0,0,0,0,0,0,0,0,0,0,0
1018,PHL.49.24_1,Misamis Oriental,Tagoloan,426142.25924999994,426142.25924999994,0,0,0,0,0,0,0,0,0,0,9.849310874938965,27.01833152770996,9.849310874938965,27.01833152770996,0,0
1019,PHL.49.25_1,Misamis Oriental,Talisayan,0,0,0,0,0,0,0,0,0,0,0,0,0,0,0,0,0,0
1020,PHL.49.26_1,Misamis Oriental,Villanueva,7795502.808999999,7795502.808999999,0,0,0,0,0,0,0,0,0,0,5.647489547729492,187.45350646972656,5.647489547729492,187.45350646972656,0,0
1021,PHL.50.1_1,Mountain Province,Barlig,0,0,0,0,0,0,0,0,0,0,0,0,0,0,0,0,0,0
1022,PHL.50.2_1,Mountain Province,Bauko,0,0,0,0,0,0,0,0,0,0,0,0,0,0,0,0,0,0
1023,PHL.50.3_1,Mountain Province,Besao,0,0,0,0,0,0,0,0,0,0,0,0,0,0,0,0,0,0
1024,PHL.50.4_1,Mountain Province,Bontoc,0,0,0,0,0,0,0,0,0,0,0,0,0,0,0,0,0,0
1025,PHL.50.5_1,Mountain Province,Natonin,0,0,0,0,0,0,0,0,0,0,0,0,0,0,0,0,0,0
1026,PHL.50.6_1,Mountain Province,Paracelis,0,0,0,0,0,0,0,0,0,0,0,0,0,0,0,0,0,0
1027,PHL.50.7_1,Mountain Province,Sabangan,0,0,0,0,0,0,0,0,0,0,0,0,0,0,0,0,0,0
1028,PHL.50.8_1,Mountain Province,Sadanga,0,0,0,0,0,0,0,0,0,0,0,0,0,0,0,0,0,0
1029,PHL.50.9_1,Mountain Province,Sagada,0,0,0,0,0,0,0,0,0,0,0,0,0,0,0,0,0,0
1030,PHL.50.10_1,Mountain Province,Tadian,0,0,0,0,0,0,0,0,0,0,0,0,0,0,0,0,0,0
1031,PHL.51.1_1,Negros Occidental,Bacolod City,57561901.216,57561901.216,0,0,0,0,0,0,0,0,0,0,313.15618896484375,366.92132568359375,313.15618896484375,366.92132568359375,0,0
1032,PHL.51.2_1,Negros Occidental,Bago City,21259732.123999994,18383918.512000002,2875813.6119999923,0,2875813611999992,44208303.912912905,0,0,0,44208303912912904,44208303912912904,44208303912912904,113.42395782470703,228.8662109375,113.42395782470703,228.8662109375,0,0
1033,PHL.51.3_1,Negros Occidental,Binalbagan,114484.22204687502,114484.22204687502,0,0,0,0,0,0,0,0,0,0,4.851655960083008,0.3358289301395416,4.851655960083008,0.3358289301395416,0,0
1034,PHL.51.4_1,Negros Occidental,Cadiz City,95678287.02399999,92933185.74399999,2745101.280000001,371.9264221191406,7380.764357528362,42198934.99063339,557889.6331787109,1487705.6884765625,3719264.2211914062,75.64029241804471,28.365109656766766,11.346043862706706,279.2420349121094,173.35450744628906,279.2420349121094,173.35450744628906,0,0
1035,PHL.51.5_1,Negros Occidental,Calatrava,8475131.407,6629153.927,1845977.4799999995,163.12229919433594,11316.524406027358,28377198.408028573,244683.4487915039,652489.19677734375,1631222.9919433594,115.97514481745326,43.49067930654497,17.39627172261799,10.352290153503418,32.371917724609375,10.352290153503418,32.371917724609375,0,0
1036,PHL.51.6_1,Negros Occidental,Candoni,0,0,0,0,0,0,0,0,0,0,0,0,0,0,0,0,0,0
1037,PHL.51.7_1,Negros Occidental,Cauayan,755657.4041250001,754114.05825,1543.3458750001155,121.3153076171875,12.721773577578267,23725.008880980906,181972.96142578125,485261.23046875,1213153.076171875,0.13037656086427593,0.04889121032410348,0.01955648412964139,25.790983200073242,9.332772254943848,25.790983200073242,9.332772254943848,0,0
1038,PHL.51.8_1,Negros Occidental,Enrique B. Magalona,36605707.059999995,35726722.59599999,878984.4640000015,1.005953311920166,873782.5638470178,13512145.626230877,1508.929967880249,4023.813247680664,10059.53311920166,8954.786447254934,3358.0449177206,1343.2179670882401,153.93992614746094,96.10802459716797,153.79409790039062,95.67447662353516,0.1458282470703125,0.4335479736328125
1039,PHL.51.9_1,Negros Occidental,Escalante City,2868928.6519999993,2740957.4935000003,127971.15849999897,163.5136260986328,782.6329924504621,1967230.3668946945,245270.43914794922,654054.50439453125,1635136.2609863281,8.020658232311659,3.007746837116872,1.2030987348467488,38.197731018066406,23.36583709716797,38.197731018066406,23.36583709716797,0,0
1040,PHL.51.10_1,Negros Occidental,Himamaylan City,7868204.7420000015,7750562.073999999,117642.66800000239,0,117642668000002.39,1808456.1525018725,0,0,0,1808456152501872.5,1808456152501872.5,1808456152501872.5,58.54780578613281,85.59886932373047,58.54780578613281,85.59886932373047,0,0
1041,PHL.51.11_1,Negros Occidental,Hinigaran,1359234.2197500002,1359234.2197500002,0,0,0,0,0,0,0,0,0,0,14.114648818969727,9.147380828857422,14.114648818969727,9.147380828857422,0,0
1042,PHL.51.12_1,Negros Occidental,Hinoba-An,1169509.5370000005,1165739.8490000002,3769.688000000315,95.40544128417969,39.51229562234006,57949.34416663272,143108.16192626953,381621.76513671875,954054.4128417969,0.40493388627609295,0.15185020735353486,0.06074008294141394,12.710399627685547,5.604543685913086,11.125049591064453,5.343118667602539,1.5853500366210938,0.2614250183105469
1043,PHL.51.13_1,Negros Occidental,Ilog,885099.67825,784269.2265000001,100830.45174999989,395.47821044921875,254.9582988035367,1550011.1815453456,593217.3156738281,1581912.841796875,3954782.1044921875,2.6128893081698186,0.979833490563682,0.3919333962254728,54.290313720703125,14.972774505615234,54.290313720703125,14.972774505615234,0,0
1044,PHL.51.14_1,Negros Occidental,Isabela,0,0,0,0,0,0,0,0,0,0,0,0,0,0,0,0,0,0
1045,PHL.51.15_1,Negros Occidental,Kabankalan City,1301733.6090000002,1228964.7035,72768.90550000011,0,72768905500000.11,1118636.4360786164,0,0,0,1118636436078616.4,1118636436078616.4,1118636436078616.4,23.00849151611328,8.321511268615723,23.00849151611328,8.321511268615723,0,0
1046,PHL.51.16_1,Negros Occidental,La Carlota City,0,0,0,0,0,0,0,0,0,0,0,0,0,0,0,0,0,0
1047,PHL.51.17_1,Negros Occidental,La Castellana,0,0,0,0,0,0,0,0,0,0,0,0,0,0,0,0,0,0
1048,PHL.51.18_1,Negros Occidental,Manapla,2206244.7690000003,2086129.70625,120115.06275000027,0,120115062750000.27,1846462.9197153372,0,0,0,1846462919715337,1846462919715337,1846462919715337,18.943355560302734,7.471311569213867,18.943355560302734,7.471311569213867,0,0
1049,PHL.51.19_1,Negros Occidental,Moises Padilla,0,0,0,0,0,0,0,0,0,0,0,0,0,0,0,0,0,0
1050,PHL.51.20_1,Negros Occidental,Murcia,0,0,0,0,0,0,0,0,0,0,0,0,0,0,0,0,0,0
1051,PHL.51.21_1,Negros Occidental,Pontevedra,16939461.914,16939461.914,0,0,0,0,0,0,0,0,0,0,89.99470520019531,61.13535690307617,89.99470520019531,61.13535690307617,0,0
1052,PHL.51.22_1,Negros Occidental,Pulupandan,16911430.736,14269081.696,2642349.040000001,124.3288803100586,21252.898227751728,40619381.21333087,186493.3204650879,497315.5212402344,1243288.803100586,217.80609145695888,81.67728429635957,32.67091371854383,105.29035186767578,113.86418151855469,105.29035186767578,113.86418151855469,0,0
1053,PHL.51.23_1,Negros Occidental,Sagay City,2567185.6459999997,2157972.9579999996,409212.6880000001,568.6080322265625,719.6744766295332,6290602.005859084,852912.04833984375,2274432.12890625,5686080.322265625,7.375440431523353,2.7657901618212577,1.106316064728503,83.91950988769531,16.23439598083496,77.36580657958984,15.801459312438965,6.553703308105469,0.4329366683959961
1054,PHL.51.24_1,Negros Occidental,Salvador Benedicto,0,0,0,0,0,0,0,0,0,0,0,0,0,0,0,0,0,0
1055,PHL.51.25_1,Negros Occidental,San Carlos City,16742459.816,15101962.392000003,1640497.4239999969,154.7672882080078,10599.768484637156,25218466.31016739,232150.93231201172,619069.15283203125,1547672.8820800781,108.62961461758714,40.736105481595175,16.294442192638073,103.26594543457031,133.7572784423828,103.26594543457031,133.7572784423828,0,0
1056,PHL.51.26_1,Negros Occidental,San Enrique,4936119.914000001,4936119.914000001,0,0,0,0,0,0,0,0,0,0,87.81672668457031,40.47042465209961,87.81672668457031,40.47042465209961,0,0
1057,PHL.51.27_1,Negros Occidental,Silay City,33400325.604,33400325.604,0,0,0,0,0,0,0,0,0,0,108.20124053955078,73.8392562866211,108.20124053955078,73.8392562866211,0,0
1058,PHL.51.28_1,Negros Occidental,Sipalay City,4177.884566406249,3196.460255859375,981.424310546874,190.2287139892578,5.159180703930401,15086.897150474068,285343.0709838867,760914.85595703125,1902287.1398925781,0.052872835140005986,0.019827313177502245,0.007930925271000897,4.065393447875977,0.2870836555957794,2.3244433403015137,0,1.740950107574463,0.2870836555957794
1059,PHL.51.29_1,Negros Occidental,Talisay City,16602676.515999999,16602676.515999999,0,0,0,0,0,0,0,0,0,0,152.2819366455078,99.92829132080078,152.2819366455078,99.92829132080078,0,0
1060,PHL.51.30_1,Negros Occidental,Toboso,0,0,0,0,0,0,0,0,0,0,0,0,0,0,0,0,0,0
1061,PHL.51.31_1,Negros Occidental,Valladolid,2940476.2720000003,2908345.5320000006,32130.739999999758,0,32130739999999.754,493928.2271075015,0,0,0,493928227107501.44,493928227107501.44,493928227107501.44,96.62540435791016,57.31398391723633,96.62540435791016,57.31398391723633,0,0
1062,PHL.51.32_1,Negros Occidental,Victorias City,20342546.344,18389751.072,1952795.2719999999,113.82177734375,17156.604979927673,30019249.684348334,170732.666015625,455287.109375,1138217.7734375,175.82604656100816,65.93476746037805,26.373906984151223,103.97168731689453,76.68213653564453,100.60448455810547,66.6708984375,3.3672027587890625,10.011238098144531
1063,PHL.52.1_1,Negros Oriental,Amlan,1816.125203125,1691.090140625,125.0350625000001,0,125035062500.00009,1922.0953749244852,0,0,0,1922095374924.485,1922095374924.485,1922095374924.485,0,0,0,0,0,0
1064,PHL.52.2_1,Negros Oriental,Ayungon,0,0,0,236.4168701171875,0,0,354625.30517578125,945667.48046875,2364168.701171875,0,0,0,0,0,0,0,0,0
1065,PHL.52.3_1,Negros Oriental,Bacong,0,0,0,0,0,0,0,0,0,0,0,0,0,0,0,0,0,0
1066,PHL.52.4_1,Negros Oriental,Bais City,2447745.292,1957854.1525000003,489891.1394999996,171.4965057373047,2856.566303749688,7530827.550467568,257244.75860595703,685986.02294921875,1714965.0573730469,29.274950406290518,10.978106402358945,4.391242560943578,21.711925506591797,18.62361717224121,21.711925506591797,18.62361717224121,0,0
1067,PHL.52.5_1,Negros Oriental,Basay,0,0,0,95.457000732421875,0,0,143185.5010986328,381828.0029296875,954570.00732421875,0,0,0,0,0,0,0,0,0
1068,PHL.52.6_1,Negros Oriental,Bayawan City,153233.34878125,150211.19103125003,3022.157749999984,125.21000671386719,24.136711029065662,46457.97200738916,187815.01007080078,500840.02685546875,1252100.0671386719,0.24736027216288975,0.09276010206108365,0.037104040824433464,3.9074339866638184,3.6643717288970947,3.9074339866638184,3.6643717288970947,0,0
1069,PHL.52.7_1,Negros Oriental,Bindoy,0,0,0,0,0,0,0,0,0,0,0,0,0,0,0,0,0,0
1070,PHL.52.8_1,Negros Oriental,Canlaon City,0,0,0,0,0,0,0,0,0,0,0,0,0,0,0,0,0,0
1071,PHL.52.9_1,Negros Oriental,Dauin,0,0,0,0,0,0,0,0,0,0,0,0,0,0,0,0,0,0
1072,PHL.52.10_1,Negros Oriental,Dumaguete City,0,0,0,0,0,0,0,0,0,0,0,0,0,0,0,0,0,0
1073,PHL.52.11_1,Negros Oriental,Guihulngan City,0,0,0,75.30555725097656,0,0,112958.33587646484,301222.22900390625,753055.5725097656,0,0,0,0,0,0,0,0,0
1074,PHL.52.12_1,Negros Oriental,Jimalalud,2139.7256875000003,2139.7256875000003,0,0,0,0,0,0,0,0,0,0,1.6086384057998657,0.0041579026728868484,1.6086384057998657,0.0041579026728868484,0,0
1075,PHL.52.13_1,Negros Oriental,La Libertad,5402.929170410156,5402.929170410156,0,0,0,0,0,0,0,0,0,0,4.061903476715088,0.010498941875994205,4.061903476715088,0.010498941875994205,0,0
1076,PHL.52.14_1,Negros Oriental,Mabinay,0,0,0,0,0,0,0,0,0,0,0,0,0,0,0,0,0,0
1077,PHL.52.15_1,Negros Oriental,Manjuyod,0,0,0,0,0,0,0,0,0,0,0,0,0,0,0,0,0,0
1078,PHL.52.16_1,Negros Oriental,Pamplona,338.1378395996094,257.854109375,80.28373022460937,0.04146489500999451,1936.1855421377084,1234.1577111332804,62.19734251499176,165.85958003997803,414.64895009994507,19.842611616980335,7.440979356367626,2.97639174254705,0,0,0,0,0,0
1079,PHL.52.17_1,Negros Oriental,San Jose,0,0,0,0,0,0,0,0,0,0,0,0,0,0,0,0,0,0
1080,PHL.52.18_1,Negros Oriental,Santa Catalina,127013.083125,125416.44054687499,1596.6425781250146,0,1596642578125.0144,24544.30983966273,0,0,0,24544309839662.727,24544309839662.727,24544309839662.727,4.956576824188232,2.284166097640991,4.956576824188232,2.284166097640991,0,0
1081,PHL.52.19_1,Negros Oriental,Siaton,0,0,0,0,0,0,0,0,0,0,0,0,0,0,0,0,0,0
1082,PHL.52.20_1,Negros Oriental,Sibulan,0,0,0,0,0,0,0,0,0,0,0,0,0,0,0,0,0,0
1083,PHL.52.21_1,Negros Oriental,Tanjay City,11576322.635999998,10025409.741,1550912.8949999977,237.78543090820312,6522.320938992794,23841332.525348537,356678.1463623047,951141.7236328125,2377854.3090820312,66.84270614418611,25.06601480406979,10.026405921627918,66.98902130126953,59.29024124145508,66.98902130126953,59.29024124145508,0,0
1084,PHL.52.22_1,Negros Oriental,Tayasan,0,0,0,0,0,0,0,0,0,0,0,0,0,0,0,0,0,0
1085,PHL.52.23_1,Negros Oriental,Valencia,0,0,0,0,0,0,0,0,0,0,0,0,0,0,0,0,0,0
1086,PHL.52.24_1,Negros Oriental,Vallehermoso,0,0,0,0,0,0,0,0,0,0,0,0,0,0,0,0,0,0
1087,PHL.52.25_1,Negros Oriental,Zamboanguita,0,0,0,0,0,0,0,0,0,0,0,0,0,0,0,0,0,0
1088,PHL.53.1_1,North Cotabato,Alamada,0,0,0,0,0,0,0,0,0,0,0,0,0,0,0,0,0,0
1089,PHL.53.2_1,North Cotabato,Aleosan,0,0,0,0,0,0,0,0,0,0,0,0,0,0,0,0,0,0
1090,PHL.53.3_1,North Cotabato,Antipas,0,0,0,0,0,0,0,0,0,0,0,0,0,0,0,0,0,0
1091,PHL.53.4_1,North Cotabato,Arakan,0,0,0,0,0,0,0,0,0,0,0,0,0,0,0,0,0,0
1092,PHL.53.5_1,North Cotabato,Banisilan,0,0,0,0,0,0,0,0,0,0,0,0,0,0,0,0,0,0
1093,PHL.53.6_1,North Cotabato,Carmen,0,0,0,0,0,0,0,0,0,0,0,0,0,0,0,0,0,0
1094,PHL.53.7_1,North Cotabato,Kabacan,0,0,0,0,0,0,0,0,0,0,0,0,0,0,0,0,0,0
1095,PHL.53.8_1,North Cotabato,Kidapawan City,0,0,0,0,0,0,0,0,0,0,0,0,0,0,0,0,0,0
1096,PHL.53.9_1,North Cotabato,Libungan,0,0,0,0,0,0,0,0,0,0,0,0,0,0,0,0,0,0
1097,PHL.53.10_1,North Cotabato,M'Lang,0,0,0,0,0,0,0,0,0,0,0,0,0,0,0,0,0,0
1098,PHL.53.11_1,North Cotabato,Magpet,0,0,0,0,0,0,0,0,0,0,0,0,0,0,0,0,0,0
1099,PHL.53.12_1,North Cotabato,Makilala,0,0,0,0,0,0,0,0,0,0,0,0,0,0,0,0,0,0
1100,PHL.53.13_1,North Cotabato,Matalam,0,0,0,0,0,0,0,0,0,0,0,0,0,0,0,0,0,0
1101,PHL.53.14_1,North Cotabato,Midsayap,0,0,0,0,0,0,0,0,0,0,0,0,0,0,0,0,0,0
1102,PHL.53.15_1,North Cotabato,Pigkawayan,0,0,0,0,0,0,0,0,0,0,0,0,0,0,0,0,0,0
1103,PHL.53.16_1,North Cotabato,Pikit,0,0,0,0,0,0,0,0,0,0,0,0,0,0,0,0,0,0
1104,PHL.53.17_1,North Cotabato,President Roxas,0,0,0,0,0,0,0,0,0,0,0,0,0,0,0,0,0,0
1105,PHL.53.18_1,North Cotabato,Tulunan,0,0,0,0,0,0,0,0,0,0,0,0,0,0,0,0,0,0
1106,PHL.54.1_1,Northern Samar,Allen,0,0,0,0,0,0,0,0,0,0,0,0,0,0,0,0,0,0
1107,PHL.54.2_1,Northern Samar,Biri,0,0,0,335.390869140625,0,0,503086.3037109375,1341563.4765625,3353908.69140625,0,0,0,0,0,0,0,0,0
1108,PHL.54.3_1,Northern Samar,Bobon,0,0,0,0,0,0,0,0,0,0,0,0,0,0,0,0,0,0
1109,PHL.54.4_1,Northern Samar,Capul,0,0,0,0,0,0,0,0,0,0,0,0,0,0,0,0,0,0
1110,PHL.54.5_1,Northern Samar,Catarman,3373214.149,2922528.9770000004,450685.1719999998,107.84819030761719,4178.88488174445,6928135.735112262,161772.28546142578,431392.76123046875,1078481.9030761719,42.8264687943984,16.059925797899403,6.423970319159761,19.613386154174805,19.364931106567383,19.613386154174805,19.364931106567383,0,0
1111,PHL.54.6_1,Northern Samar,Catubig,0,0,0,0,0,0,0,0,0,0,0,0,0,0,0,0,0,0
1112,PHL.54.7_1,Northern Samar,Gamay,206040.66284375,177630.40021875,28410.262625000003,345.9793701171875,82.11548166983799,436735.3708636922,518969.05517578125,1383917.48046875,3459793.701171875,0.8415441470123195,0.3155790551296198,0.12623162205184793,5.033958911895752,2.6022210121154785,5.033958911895752,2.6022210121154785,0,0
1113,PHL.54.8_1,Northern Samar,Laoang,322151.03337500006,241153.6439375,80997.38943750007,2850.79931640625,28.412168114171678,1245128.4024333265,4276198.974609375,11403197.265625,28507993.1640625,0.29117644193511066,0.1091911657256665,0.0436764662902666,23.637887954711914,1.4259926080703735,22.94626808166504,1.4259926080703735,0.691619873046875,0
1114,PHL.54.9_1,Northern Samar,Lapinig,0,0,0,607.98126220703125,0,0,911971.8933105469,2431925.048828125,6079812.6220703125,0,0,0,0.9518478512763977,0,0.9518478512763977,0,0,0
1115,PHL.54.10_1,Northern Samar,Las Navas,0,0,0,0,0,0,0,0,0,0,0,0,0,0,0,0,0,0
1116,PHL.54.11_1,Northern Samar,Lavezares,91180.87043750001,54509.3990625,36671.47137500001,802.5611572265625,45.6930553451239,563730.3977959232,1203841.7358398438,3210244.62890625,8025611.572265625,0.46827617037437597,0.17560356389039097,0.0702414255561564,3.6563756465911865,0.2547963857650757,3.6563756465911865,0.2547963857650757,0,0
1117,PHL.54.12_1,Northern Samar,Lope de Vega,0,0,0,0,0,0,0,0,0,0,0,0,0,0,0,0,0,0
1118,PHL.54.13_1,Northern Samar,Mapanas,0,0,0,0,0,0,0,0,0,0,0,0,0,0,0,0,0,0
1119,PHL.54.14_1,Northern Samar,Mondragon,103.10931640625,82.6772734375,20.432042968749997,374.4345703125,0.054567725815748216,314.090579916275,561651.85546875,1497738.28125,3744345.703125,5.592264618339729e-4,2.0970992318773983e-4,8.388396927509593e-5,0,0,0,0,0,0
1120,PHL.54.15_1,Northern Samar,Palapag,10838.877585937502,10638.494392578126,200.38319335937558,0,200383193359.37558,3080.3808265273938,0,0,0,3080380826527.3936,3080380826527.3936,3080380826527.3936,1.1321567296981812,0,1.1321567296981812,0,0,0
1121,PHL.54.16_1,Northern Samar,Pambujan,5155337.270500001,4183055.022,972282.2485000007,402.7402648925781,2414.1669787085607,14946361.249373782,604110.3973388672,1610961.0595703125,4027402.6489257812,24.74110910061002,9.277915912728758,3.711166365091503,77.055999755859375,23.503870010375977,77.055999755859375,23.503870010375977,0,0
1122,PHL.54.17_1,Northern Samar,Rosario,0,0,0,363.05584716796875,0,0,544583.7707519531,1452223.388671875,3630558.4716796875,0,0,0,14.773476600646973,0,14.773476600646973,0,0,0
1123,PHL.54.18_1,Northern Samar,San Antonio,0,0,0,0,0,0,0,0,0,0,0,0,1.3417896032333374,0,1.3417896032333374,0,0,0
1124,PHL.54.19_1,Northern Samar,San Isidro,0,0,0,0,0,0,0,0,0,0,0,0,0,0,0,0,0,0
1125,PHL.54.20_1,Northern Samar,San Jose,105548.26581249999,89200.74096093749,16347.524851562499,946.6494140625,17.26882688429277,251301.52519139452,1419974.12109375,3786597.65625,9466494.140625,0.17697613038033883,0.06636604889262705,0.026546419557050824,12.803141593933105,0.15666908025741577,9.836461067199707,0.15666908025741577,2.9666805267333984,0
1126,PHL.54.21_1,Northern Samar,San Roque,519402.7676875,476646.69756249996,42756.07012500003,187.4259033203125,228.12252398180806,657265.594098531,281138.85498046875,749703.61328125,1874259.033203125,2.337868218692832,0.876700582009812,0.35068023280392485,12.276029586791992,1.3677846193313599,12.276029586791992,1.3677846193313599,0,0
1127,PHL.54.22_1,Northern Samar,San Vicente,0,0,0,0,0,0,0,0,0,0,0,0,0,0,0,0,0,0
1128,PHL.54.23_1,Northern Samar,Silvino Lobos,0,0,0,0,0,0,0,0,0,0,0,0,0,0,0,0,0,0
1129,PHL.54.24_1,Northern Samar,Victoria,0,0,0,0,0,0,0,0,0,0,0,0,0,0,0,0,0,0
1130,PHL.55.1_1,Nueva Ecija,Aliaga,0,0,0,0,0,0,0,0,0,0,0,0,0,0,0,0,0,0
1131,PHL.55.2_1,Nueva Ecija,Bongabon,0,0,0,0,0,0,0,0,0,0,0,0,0,0,0,0,0,0
1132,PHL.55.3_1,Nueva Ecija,Cabanatuan City,0,0,0,0,0,0,0,0,0,0,0,0,0,0,0,0,0,0
1133,PHL.55.4_1,Nueva Ecija,Cabiao,0,0,0,0,0,0,0,0,0,0,0,0,0,0,0,0,0,0
1134,PHL.55.5_1,Nueva Ecija,Carranglan,0,0,0,0,0,0,0,0,0,0,0,0,0,0,0,0,0,0
1135,PHL.55.6_1,Nueva Ecija,Cuyapo,0,0,0,0,0,0,0,0,0,0,0,0,0,0,0,0,0,0
1136,PHL.55.7_1,Nueva Ecija,Gabaldon,0,0,0,0,0,0,0,0,0,0,0,0,0,0,0,0,0,0
1137,PHL.55.8_1,Nueva Ecija,Gapan City,0,0,0,0,0,0,0,0,0,0,0,0,0,0,0,0,0,0
1138,PHL.55.9_1,Nueva Ecija,General Mamerto Natividad,0,0,0,0,0,0,0,0,0,0,0,0,0,0,0,0,0,0
1139,PHL.55.10_1,Nueva Ecija,General Tinio,0,0,0,0,0,0,0,0,0,0,0,0,0,0,0,0,0,0
1140,PHL.55.11_1,Nueva Ecija,Guimba,0,0,0,0,0,0,0,0,0,0,0,0,0,0,0,0,0,0
1141,PHL.55.12_1,Nueva Ecija,Jaen,0,0,0,0,0,0,0,0,0,0,0,0,0,0,0,0,0,0
1142,PHL.55.13_1,Nueva Ecija,Laur,0,0,0,0,0,0,0,0,0,0,0,0,0,0,0,0,0,0
1143,PHL.55.14_1,Nueva Ecija,Licab,0,0,0,0,0,0,0,0,0,0,0,0,0,0,0,0,0,0
1144,PHL.55.15_1,Nueva Ecija,Llanera,0,0,0,0,0,0,0,0,0,0,0,0,0,0,0,0,0,0
1145,PHL.55.16_1,Nueva Ecija,Lupao,0,0,0,0,0,0,0,0,0,0,0,0,0,0,0,0,0,0
1146,PHL.55.17_1,Nueva Ecija,Muñoz City,0,0,0,0,0,0,0,0,0,0,0,0,0,0,0,0,0,0
1147,PHL.55.18_1,Nueva Ecija,Nampicuan,0,0,0,0,0,0,0,0,0,0,0,0,0,0,0,0,0,0
1148,PHL.55.19_1,Nueva Ecija,Palayan City,0,0,0,0,0,0,0,0,0,0,0,0,0,0,0,0,0,0
1149,PHL.55.20_1,Nueva Ecija,Pantabangan,0,0,0,0,0,0,0,0,0,0,0,0,0,0,0,0,0,0
1150,PHL.55.21_1,Nueva Ecija,Peñaranda,0,0,0,0,0,0,0,0,0,0,0,0,0,0,0,0,0,0
1151,PHL.55.22_1,Nueva Ecija,Quezon,0,0,0,0,0,0,0,0,0,0,0,0,0,0,0,0,0,0
1152,PHL.55.23_1,Nueva Ecija,Rizal,0,0,0,0,0,0,0,0,0,0,0,0,0,0,0,0,0,0
1153,PHL.55.24_1,Nueva Ecija,San Antonio,0,0,0,0,0,0,0,0,0,0,0,0,0,0,0,0,0,0
1154,PHL.55.25_1,Nueva Ecija,San Isidro,0,0,0,0,0,0,0,0,0,0,0,0,0,0,0,0,0,0
1155,PHL.55.26_1,Nueva Ecija,San Jose City,0,0,0,0,0,0,0,0,0,0,0,0,0,0,0,0,0,0
1156,PHL.55.27_1,Nueva Ecija,San Leonardo,0,0,0,0,0,0,0,0,0,0,0,0,0,0,0,0,0,0
1157,PHL.55.28_1,Nueva Ecija,Santa Rosa,0,0,0,0,0,0,0,0,0,0,0,0,0,0,0,0,0,0
1158,PHL.55.29_1,Nueva Ecija,Santo Domingo,0,0,0,0,0,0,0,0,0,0,0,0,0,0,0,0,0,0
1159,PHL.55.30_1,Nueva Ecija,Talavera,0,0,0,0,0,0,0,0,0,0,0,0,0,0,0,0,0,0
1160,PHL.55.31_1,Nueva Ecija,Talugtug,0,0,0,0,0,0,0,0,0,0,0,0,0,0,0,0,0,0
1161,PHL.55.32_1,Nueva Ecija,Zaragoza,0,0,0,0,0,0,0,0,0,0,0,0,0,0,0,0,0,0
1162,PHL.56.1_1,Nueva Vizcaya,Alfonso Castaneda,0,0,0,0,0,0,0,0,0,0,0,0,0,0,0,0,0,0
1163,PHL.56.2_1,Nueva Vizcaya,Ambaguio,0,0,0,0,0,0,0,0,0,0,0,0,0,0,0,0,0,0
1164,PHL.56.3_1,Nueva Vizcaya,Aritao,0,0,0,0,0,0,0,0,0,0,0,0,0,0,0,0,0,0
1165,PHL.56.4_1,Nueva Vizcaya,Bagabag,0,0,0,0,0,0,0,0,0,0,0,0,0,0,0,0,0,0
1166,PHL.56.5_1,Nueva Vizcaya,Bambang,0,0,0,0,0,0,0,0,0,0,0,0,0,0,0,0,0,0
1167,PHL.56.6_1,Nueva Vizcaya,Bayombong,0,0,0,0,0,0,0,0,0,0,0,0,0,0,0,0,0,0
1168,PHL.56.7_1,Nueva Vizcaya,Diadi,0,0,0,0,0,0,0,0,0,0,0,0,0,0,0,0,0,0
1169,PHL.56.8_1,Nueva Vizcaya,Dupax Del Norte,0,0,0,0,0,0,0,0,0,0,0,0,0,0,0,0,0,0
1170,PHL.56.9_1,Nueva Vizcaya,Dupax Del Sur,0,0,0,0,0,0,0,0,0,0,0,0,0,0,0,0,0,0
1171,PHL.56.10_1,Nueva Vizcaya,Kasibu,0,0,0,0,0,0,0,0,0,0,0,0,0,0,0,0,0,0
1172,PHL.56.11_1,Nueva Vizcaya,Kayapa,0,0,0,0,0,0,0,0,0,0,0,0,0,0,0,0,0,0
1173,PHL.56.12_1,Nueva Vizcaya,Quezon,0,0,0,0,0,0,0,0,0,0,0,0,0,0,0,0,0,0
1174,PHL.56.13_1,Nueva Vizcaya,Santa Fe,0,0,0,0,0,0,0,0,0,0,0,0,0,0,0,0,0,0
1175,PHL.56.14_1,Nueva Vizcaya,Solano,0,0,0,0,0,0,0,0,0,0,0,0,0,0,0,0,0,0
1176,PHL.56.15_1,Nueva Vizcaya,Villaverde,0,0,0,0,0,0,0,0,0,0,0,0,0,0,0,0,0,0
1177,PHL.57.1_1,Occidental Mindoro,Abra de Ilog,0,0,0,0,0,0,0,0,0,0,0,0,0,0,0,0,0,0
1178,PHL.57.2_1,Occidental Mindoro,Calintaan,0,0,0,0,0,0,0,0,0,0,0,0,0,0,0,0,0,0
1179,PHL.57.3_1,Occidental Mindoro,Looc,0,0,0,0,0,0,0,0,0,0,0,0,0,0,0,0,0,0
1180,PHL.57.4_1,Occidental Mindoro,Lubang,0,0,0,0,0,0,0,0,0,0,0,0,0,0,0,0,0,0
1181,PHL.57.5_1,Occidental Mindoro,Magsaysay,2809.030818847656,2735.9042563476564,73.12656249999964,263.84454345703125,0.2771577594209704,1124.1345007955308,395766.8151855469,1055378.173828125,2638445.4345703125,0.0028403960556129602,0.0010651485208548602,4.2605940834194403e-4,22.809785842895508,0.019082196056842804,21.74346351623535,0.019082196056842804,1.0663223266601562,0
1182,PHL.57.6_1,Occidental Mindoro,Mamburao,57318.39578125001,48549.560874999996,8768.834906250013,296.9971008300781,29.524984862619764,134798.48515914902,445495.6512451172,1187988.4033203125,2969971.0083007812,0.3025809225800528,0.11346784596751981,0.045387138387007926,3.4687321186065674,0.31432366371154785,3.4687321186065674,0.31432366371154785,0,0
1183,PHL.57.7_1,Occidental Mindoro,Paluan,0,0,0,0,0,0,0,0,0,0,0,0,0,0,0,0,0,0
1184,PHL.57.8_1,Occidental Mindoro,Rizal,86.44588049316407,86.44588049316407,0,0,0,0,0,0,0,0,0,0,7.638177871704102,0,7.638177871704102,0,0,0
1185,PHL.57.9_1,Occidental Mindoro,Sablayan,55879.82590624999,41846.58546875,14033.24043749999,146.378173828125,95.86976029621468,215725.30137394037,219567.2607421875,585512.6953125,1463781.73828125,0.9825021300750375,0.36843829877813905,0.14737531951125563,13.620111465454102,0.871618390083313,13.620111465454102,0.871618390083313,0,0
1186,PHL.57.10_1,Occidental Mindoro,San Jose,9418545.807999998,9357073.020000001,61472.787999996915,0,61472787999996.914,944987.4230159031,0,0,0,944987423015903,944987423015903,944987423015903,124.283935546875,115.3423080444336,124.283935546875,115.3423080444336,0,0
1187,PHL.57.11_1,Occidental Mindoro,Santa Cruz,1862103.7414999998,1497798.2070000002,364305.5344999996,571.8131103515625,637.1059493127344,5600268.9879236175,857719.66552734375,2287252.44140625,5718131.103515625,6.529253336497137,2.4484700011864264,0.9793880004745705,62.997291564941406,16.834354400634766,62.997291564941406,16.834354400634766,0,0
1188,PHL.58.1_1,Oriental Mindoro,Baco,26301.1117578125,19992.201703124996,6308.910054687505,806.21514892578125,7.825342978352162,96983.41084869235,1209322.7233886719,3224860.595703125,8062151.4892578125,0.0801964678021867,0.03007367542582001,0.012029470170328004,1.1897355318069458,1.5952951908111572,1.1897355318069458,1.5952951908111572,0,0
1189,PHL.58.2_1,Oriental Mindoro,Bansud,0,0,0,48.718719482421875,0,0,73078.07922363281,194874.8779296875,487187.19482421875,0,0,0,0,0,0,0,0,0
1190,PHL.58.3_1,Oriental Mindoro,Bongabong,19900.97873632813,19716.75016015625,184.22857617187765,94.260284423828125,1.9544665847126002,2832.044764954542,141390.4266357422,377041.1376953125,942602.84423828125,0.020029961238115592,0.007511235464293347,0.0030044941857173386,16.958913803100586,0.055516961961984634,16.958913803100586,0.055516961961984634,0,0
1191,PHL.58.4_1,Oriental Mindoro,Bulalacao,34534.232625000004,20219.691625,14314.541000000005,122.78466796875,116.58247920369999,220049.58049480643,184177.001953125,491138.671875,1227846.6796875,1.1947723014343092,0.448039613037866,0.17921584521514639,14.767271995544434,3.1969330310821533,5.325495719909668,0,9.441776275634766,3.1969330310821533
1192,PHL.58.5_1,Oriental Mindoro,Calapan City,4584939.318,3718787.9409999996,866151.3770000003,843.651123046875,1026.6700930496777,13314869.624799632,1265476.6845703125,3374604.4921875,8436511.23046875,10.521623817447606,3.945608931542852,1.5782435726171409,32.542640686035156,35.07346725463867,32.542640686035156,35.07346725463867,0,0
1193,PHL.58.6_1,Oriental Mindoro,Gloria,0,0,0,0,0,0,0,0,0,0,0,0,0,0,0,0,0,0
1194,PHL.58.7_1,Oriental Mindoro,Mansalay,882654.66125,866560.3913749999,16094.269875000115,117.15050506591797,137.3811394662296,247408.37546687492,175725.75759887695,468602.0202636719,1171505.0506591797,1.4079232256413166,0.5279712096154937,0.21118848384619746,43.62973403930664,3.3661153316497803,43.62973403930664,3.3661153316497803,0,0
1195,PHL.58.9_1,Oriental Mindoro,Naujan,138726.62903125,83206.6278125,55520.001218749996,563.88104248046875,98.46048552106281,853478.4997477094,845821.5637207031,2255524.169921875,5638810.4248046875,1.0090526611704294,0.378394747938911,0.15135789917556441,7.316591262817383,1.0977269411087036,7.316591262817383,1.0977269411087036,0,0
1196,PHL.58.8_1,Oriental Mindoro,Naujan Lake,0,0,0,0,0,0,0,0,0,0,0,0,0,0,0,0,0,0
1197,PHL.58.10_1,Oriental Mindoro,Pinamalayan,7705.619578125001,7705.567515625,0.05206250000082946,0,52062500.00082946,0.8003282315998381,0,0,0,800328231.599838,800328231.599838,800328231.599838,0,0,0,0,0,0
1198,PHL.58.11_1,Oriental Mindoro,Pola,0,0,0,471.62017822265625,0,0,707430.2673339844,1886480.712890625,4716201.7822265625,0,0,0,0,0,0,0,0,0
1199,PHL.58.12_1,Oriental Mindoro,Puerto Galera,0,0,0,0,0,0,0,0,0,0,0,0,0,0,0,0,0,0
1200,PHL.58.13_1,Oriental Mindoro,Roxas,3767670.3555,3669876.087,97794.26850000024,0,97794268500000.23,1503337.6032260838,0,0,0,1503337603226083.8,1503337603226083.8,1503337603226083.8,57.986968994140625,11.572160720825195,57.986968994140625,11.572160720825195,0,0
1201,PHL.58.14_1,Oriental Mindoro,San Teodoro,0,0,0,103.83163452148438,0,0,155747.45178222656,415326.5380859375,1038316.3452148438,0,0,0,0,0,0,0,0,0
1202,PHL.58.15_1,Oriental Mindoro,Socorro,0,0,0,0,0,0,0,0,0,0,0,0,0,0,0,0,0,0
1203,PHL.58.16_1,Oriental Mindoro,Victoria,0,0,0,0,0,0,0,0,0,0,0,0,0,0,0,0,0,0
1204,PHL.59.1_1,Palawan,Aborlan,1071.307550292969,1006.4001215820314,64.90742871093755,1290.9901123046875,0.05027724696904472,997.7862691397761,1936485.1684570312,5163960.44921875,12909901.123046875,5.152563445320888e-4,1.932211291995333e-4,7.728845167981333e-5,0,0,0,0,0,0
1205,PHL.59.2_1,Palawan,Agutaya,0,0,0,0,0,0,0,0,0,0,0,0,0,0,0,0,0,0
1206,PHL.59.3_1,Palawan,Araceli,0,0,0,2060.956298828125,0,0,3091434.4482421875,8243825.1953125,20609562.98828125,0,0,0,0,0,0,0,0,0
1207,PHL.59.4_1,Palawan,Balabac,0,0,0,4954.51220703125,0,0,7431768.310546875,19818048.828125,49545122.0703125,0,0,0,0,0,0,0,0,0
1208,PHL.59.5_1,Palawan,Bataraza,0,0,0,7659.94189453125,0,0,11489912.841796875,30639767.578125,76599418.9453125,0,0,0,3.8756885528564453,0,3.8756885528564453,0,0,0
1209,PHL.59.6_1,Palawan,Brooke's Point,16471474.468000002,16471474.468000002,0,376.15777587890625,0,0,564236.6638183594,1504631.103515625,3761577.7587890625,0,0,0,35.184104919433594,54.43099594116211,35.184104919433594,54.43099594116211,0,0
1210,PHL.59.7_1,Palawan,Busuanga,0,0,0,839.17291259765625,0,0,1258759.3688964844,3356691.650390625,8391729.1259765625,0,0,0,0,0,0,0,0,0
1211,PHL.59.8_1,Palawan,Cagayancillo,0,0,0,0,0,0,0,0,0,0,0,0,0,0,0,0,0,0
1212,PHL.59.9_1,Palawan,Coron,0,0,0,1835.06494140625,0,0,2752597.412109375,7340259.765625,18350649.4140625,0,0,0,2.3731446266174316,0,2.3731446266174316,0,0,0
1213,PHL.59.10_1,Palawan,Culion,0,0,0,2175.712646484375,0,0,3263568.9697265625,8702850.5859375,21757126.46484375,0,0,0,0,0,0,0,0,0
1214,PHL.59.11_1,Palawan,Cuyo,0,0,0,84.8088607788086,0,0,127213.29116821289,339235.4431152344,848088.6077880859,0,0,0,0,0,0,0,0,0
1215,PHL.59.12_1,Palawan,Dumaran,0,0,0,4217.64599609375,0,0,6326468.994140625,16870583.984375,42176459.9609375,0,0,0,0,0,0,0,0,0
1216,PHL.59.13_1,Palawan,El Nido,0,0,0,1419.4805908203125,0,0,2129220.8862304688,5677922.36328125,14194805.908203125,0,0,0,0,0,0,0,0,0
1217,PHL.59.14_1,Palawan,Linapacan,0,0,0,541.0224609375,0,0,811533.69140625,2164089.84375,5410224.609375,0,0,0,1.115904450416565,0,1.115904450416565,0,0,0
1218,PHL.59.15_1,Palawan,Magsaysay,0,0,0,176.8999786376953,0,0,265349.96795654297,707599.91455078125,1768999.7863769531,0,0,0,0,0,0,0,0,0
1219,PHL.59.16_1,Palawan,Narra,14861.058437374117,13898.577546749117,962.480890625,730.65167236328125,1.317291025300566,14795.690355443383,1095977.5085449219,2922606.689453125,7306516.7236328125,0.013499994516390149,0.005062497943646306,0.0020249991774585223,10.212197303771973,0,6.33612060546875,0,3.8760766983032227,0
1220,PHL.59.17_1,Palawan,Puerto Princesa City,3343869.9645,2517914.7694999995,825955.1950000003,4474.001953125,184.61216683713945,12696955.785536963,6711002.9296875,17896007.8125,44740019.53125,1.8919609957804326,0.7094853734176623,0.2837941493670649,14.61217975616455,13.436511993408203,14.61217975616455,13.436511993408203,0,0
1221,PHL.59.18_1,Palawan,Quezon,473.9991711425781,427.5031366577149,46.49603448486323,1127.3226318359375,0.04124465629607792,714.7580130628153,1690983.9477539062,4509290.52734375,11273226.318359375,4.2268763935471494e-4,1.585078647580181e-4,6.340314590320724e-5,0,0,0,0,0,0
1222,PHL.59.19_1,Palawan,Rizal,0,0,0,1529.5313720703125,0,0,2294297.0581054688,6118125.48828125,15295313.720703125,0,0,0,1.446564793586731,0,1.446564793586731,0,0,0
1223,PHL.59.20_1,Palawan,Roxas,0,0,0,2931.65185546875,0,0,4397477.783203125,11726607.421875,29316518.5546875,0,0,0,0,0,0,0,0,0
1224,PHL.59.21_1,Palawan,San Vicente,47.0146962890625,47.0146962890625,0,304.9144287109375,0,0,457371.64306640625,1219657.71484375,3049144.287109375,0,0,0,0,0,0,0,0,0
1225,PHL.59.22_1,Palawan,Sofronio Espanola,0,0,0,523.67352294921875,0,0,785510.2844238281,2094694.091796875,5236735.2294921875,0,0,0,13.216863632202148,0,13.216863632202148,0,0,0
1226,PHL.59.23_1,Palawan,Taytay,0,0,0,5334.92626953125,0,0,8002389.404296875,21339705.078125,53349262.6953125,0,0,0,2.2148704528808594,0,2.2148704528808594,0,0,0
1227,PHL.60.1_1,Pampanga,Angeles City,0,0,0,0,0,0,0,0,0,0,0,0,0,0,0,0,0,0
1228,PHL.60.2_1,Pampanga,Apalit,0,0,0,0,0,0,0,0,0,0,0,0,0,0,0,0,0,0
1229,PHL.60.3_1,Pampanga,Arayat,0,0,0,0,0,0,0,0,0,0,0,0,0,0,0,0,0,0
1230,PHL.60.4_1,Pampanga,Bacolor,8411.325935236455,8411.325935236455,0,0,0,0,0,0,0,0,0,0,0,0,0,0,0,0
1231,PHL.60.5_1,Pampanga,Candaba,0,0,0,0,0,0,0,0,0,0,0,0,0,0,0,0,0,0
1232,PHL.60.6_1,Pampanga,Floridablanca,0,0,0,0,0,0,0,0,0,0,0,0,0,0,0,0,0,0
1233,PHL.60.7_1,Pampanga,Guagua,2302704.537,2302704.537,0,0,0,0,0,0,0,0,0,0,67.6080093383789,23.95465660095215,67.6080093383789,23.95465660095215,0,0
1234,PHL.60.8_1,Pampanga,Lubao,722896.7662500001,722896.7662500001,0,3.0437703132629395,0,0,4565.655469894409,12175.081253051758,30437.703132629395,0,0,0,25.408090591430664,13.984121322631836,25.408090591430664,13.984121322631836,0,0
1235,PHL.60.9_1,Pampanga,Mabalacat,0,0,0,0,0,0,0,0,0,0,0,0,0,0,0,0,0,0
1236,PHL.60.10_1,Pampanga,Macabebe,4317151.65,4311202.267000001,5949.382999999449,0,5949382999999.448,91456.59880766078,0,0,0,91456598807660.77,91456598807660.77,91456598807660.77,54.16843032836914,80.98360443115234,54.16843032836914,80.98360443115234,0,0
1237,PHL.60.11_1,Pampanga,Magalang,0,0,0,0,0,0,0,0,0,0,0,0,0,0,0,0,0,0
1238,PHL.60.12_1,Pampanga,Masantol,1367500.16575,1367499.47125,0.6944999999832362,0,694499999.9832362,10.676167237912425,0,0,0,10676167237.912424,10676167237.912424,10676167237.912424,21.825393676757812,30.711912155151367,21.825393676757812,30.711912155151367,0,0
1239,PHL.60.13_1,Pampanga,Mexico,0,0,0,0,0,0,0,0,0,0,0,0,0,0,0,0,0,0
1240,PHL.60.14_1,Pampanga,Minalin,5332240.136000001,5332240.136000001,0,0,0,0,0,0,0,0,0,0,42.9378547668457,72.125518798828125,42.9378547668457,72.125518798828125,0,0
1241,PHL.60.15_1,Pampanga,Porac,0,0,0,0,0,0,0,0,0,0,0,0,0,0,0,0,0,0
1242,PHL.60.16_1,Pampanga,San Fernando City,0,0,0,0,0,0,0,0,0,0,0,0,0,0,0,0,0,0
1243,PHL.60.17_1,Pampanga,San Luis,0,0,0,0,0,0,0,0,0,0,0,0,0,0,0,0,0,0
1244,PHL.60.18_1,Pampanga,San Simon,0,0,0,0,0,0,0,0,0,0,0,0,0,0,0,0,0,0
1245,PHL.60.19_1,Pampanga,Santa Ana,0,0,0,0,0,0,0,0,0,0,0,0,0,0,0,0,0,0
1246,PHL.60.20_1,Pampanga,Santa Rita,0,0,0,0,0,0,0,0,0,0,0,0,0,0,0,0,0,0
1247,PHL.60.21_1,Pampanga,Santo Tomas,0,0,0,0,0,0,0,0,0,0,0,0,0,0,0,0,0,0
1248,PHL.60.22_1,Pampanga,Sasmuan,928500.4223750001,928500.4223750001,0,33.89558029174805,0,0,50843.37043762207,135582.3211669922,338955.80291748047,0,0,0,12.228767395019531,7.460319519042969,12.228767395019531,7.460319519042969,0,0
1249,PHL.61.1_1,Pangasinan,Agno,0,0,0,0,0,0,0,0,0,0,0,0,0,0,0,0,0,0
1250,PHL.61.2_1,Pangasinan,Aguilar,0,0,0,0,0,0,0,0,0,0,0,0,0,0,0,0,0,0
1251,PHL.61.3_1,Pangasinan,Alaminos City,1285.0303210449217,1285.0303210449217,0,0,0,0,0,0,0,0,0,0,5.887850284576416,0.005278373137116432,5.887850284576416,0.005278373137116432,0,0
1252,PHL.61.4_1,Pangasinan,Alcala,0,0,0,0,0,0,0,0,0,0,0,0,0,0,0,0,0,0
1253,PHL.61.5_1,Pangasinan,Anda,0,0,0,0,0,0,0,0,0,0,0,0,4.567914009094238,0,4.567914009094238,0,0,0
1254,PHL.61.6_1,Pangasinan,Asingan,0,0,0,0,0,0,0,0,0,0,0,0,0,0,0,0,0,0
1255,PHL.61.7_1,Pangasinan,Balungao,0,0,0,0,0,0,0,0,0,0,0,0,0,0,0,0,0,0
1256,PHL.61.8_1,Pangasinan,Bani,44839.56538281251,44839.56538281251,0,0,0,0,0,0,0,0,0,0,12.384047508239746,0.3198445737361908,12.384047508239746,0.3198445737361908,0,0
1257,PHL.61.9_1,Pangasinan,Basista,0,0,0,0,0,0,0,0,0,0,0,0,0,0,0,0,0,0
1258,PHL.61.10_1,Pangasinan,Bautista,0,0,0,0,0,0,0,0,0,0,0,0,0,0,0,0,0,0
1259,PHL.61.11_1,Pangasinan,Bayambang,0,0,0,0,0,0,0,0,0,0,0,0,0,0,0,0,0,0
1260,PHL.61.12_1,Pangasinan,Binalonan,0,0,0,0,0,0,0,0,0,0,0,0,0,0,0,0,0,0
1261,PHL.61.13_1,Pangasinan,Binmaley,985288.9345000002,979131.676,6157.258500000229,0,6157258500000.229,94652.15475111155,0,0,0,94652154751111.55,94652154751111.55,94652154751111.55,60.443267822265625,58.160560607910156,60.443267822265625,58.160560607910156,0,0
1262,PHL.61.14_1,Pangasinan,Bolinao,87710.58875,87710.58875,0,0,0,0,0,0,0,0,0,0,9.747688293457031,0.11047682911157608,9.747688293457031,0.11047682911157608,0,0
1263,PHL.61.15_1,Pangasinan,Bugallon,262713.78584375,201798.430375,60915.35546875,213.8033905029297,284.912953557279,936418.3187285186,320705.08575439453,855213.56201171875,2138033.905029297,2.9198736169892094,1.0949526063709536,0.43798104254838144,1.9528063535690308,1.8302477598190308,1.9528063535690308,1.8302477598190308,0,0
1264,PHL.61.16_1,Pangasinan,Burgos,0,0,0,0,0,0,0,0,0,0,0,0,0,0,0,0,0,0
1265,PHL.61.17_1,Pangasinan,Calasiao,3960.38442578125,3960.38442578125,0,0,0,0,0,0,0,0,0,0,0.25641635060310364,0.543337881565094,0.25641635060310364,0.543337881565094,0,0
1266,PHL.61.18_1,Pangasinan,Dagupan City,17152567,17152567,0,0,0,0,0,0,0,0,0,0,386.8337707519531,504.1243591308594,386.8337707519531,504.1243591308594,0,0
1267,PHL.61.19_1,Pangasinan,Dasol,19092.657550781256,19092.657550781256,0,0,0,0,0,0,0,0,0,0,23.410375595092773,0.5537109971046448,23.410375595092773,0.5537109971046448,0,0
1268,PHL.61.20_1,Pangasinan,Infanta,322.65090661621093,322.65090661621093,0,0,0,0,0,0,0,0,0,0,0,0,0,0,0,0
1269,PHL.61.21_1,Pangasinan,Labrador,2174802.9220000003,2012699.7077500003,162103.21424999996,81.27234649658203,1994.5679094772702,2491923.722358419,121908.51974487305,325089.3859863281,812723.4649658203,20.440931672154264,7.66534937705785,3.06613975082314,32.02267074584961,36.82793426513672,32.02267074584961,36.82793426513672,0,0
1270,PHL.61.22_1,Pangasinan,Laoac,0,0,0,0,0,0,0,0,0,0,0,0,0,0,0,0,0,0
1271,PHL.61.23_1,Pangasinan,Lingayen,19401518.604,17134689.476,2266829.1279999986,299.56988525390625,7566.945943443894,34846719.75649149,449354.8278808594,1198279.541015625,2995698.8525390625,77.54833729244064,29.08062648466524,11.632250593866095,196.6661376953125,161.39234924316406,196.6661376953125,161.39234924316406,0,0
1272,PHL.61.24_1,Pangasinan,Mabini,0,0,0,0,0,0,0,0,0,0,0,0,0,0,0,0,0,0
1273,PHL.61.25_1,Pangasinan,Malasiqui,0,0,0,0,0,0,0,0,0,0,0,0,0,0,0,0,0,0
1274,PHL.61.26_1,Pangasinan,Manaoag,0,0,0,0,0,0,0,0,0,0,0,0,0,0,0,0,0,0
1275,PHL.61.27_1,Pangasinan,Mangaldan,4762636.001,4762636.001,0,0,0,0,0,0,0,0,0,0,134.26890563964844,126.92849731445312,134.26890563964844,126.92849731445312,0,0
1276,PHL.61.28_1,Pangasinan,Mangatarem,0,0,0,0,0,0,0,0,0,0,0,0,0,0,0,0,0,0
1277,PHL.61.29_1,Pangasinan,Mapandan,0,0,0,0,0,0,0,0,0,0,0,0,0,0,0,0,0,0
1278,PHL.61.30_1,Pangasinan,Natividad,0,0,0,0,0,0,0,0,0,0,0,0,0,0,0,0,0,0
1279,PHL.61.31_1,Pangasinan,Pozzorubio,0,0,0,0,0,0,0,0,0,0,0,0,0,0,0,0,0,0
1280,PHL.61.32_1,Pangasinan,Rosales,0,0,0,0,0,0,0,0,0,0,0,0,0,0,0,0,0,0
1281,PHL.61.33_1,Pangasinan,San Carlos City,0,0,0,0,0,0,0,0,0,0,0,0,0,0,0,0,0,0
1282,PHL.61.34_1,Pangasinan,San Fabian,12500887.052000001,12500887.052000001,0,0,0,0,0,0,0,0,0,0,229.9745635986328,262.59075927734375,229.9745635986328,262.59075927734375,0,0
1283,PHL.61.35_1,Pangasinan,San Jacinto,0,0,0,0,0,0,0,0,0,0,0,0,0,0,0,0,0,0
1284,PHL.61.36_1,Pangasinan,San Manuel,0,0,0,0,0,0,0,0,0,0,0,0,0,0,0,0,0,0
1285,PHL.61.37_1,Pangasinan,San Nicolas,0,0,0,0,0,0,0,0,0,0,0,0,0,0,0,0,0,0
1286,PHL.61.38_1,Pangasinan,San Quintin,0,0,0,0,0,0,0,0,0,0,0,0,0,0,0,0,0,0
1287,PHL.61.39_1,Pangasinan,Santa Barbara,0,0,0,0,0,0,0,0,0,0,0,0,0,0,0,0,0,0
1288,PHL.61.40_1,Pangasinan,Santa Maria,0,0,0,0,0,0,0,0,0,0,0,0,0,0,0,0,0,0
1289,PHL.61.41_1,Pangasinan,Santo Tomas,0,0,0,0,0,0,0,0,0,0,0,0,0,0,0,0,0,0
1290,PHL.61.42_1,Pangasinan,Sison,0,0,0,0,0,0,0,0,0,0,0,0,0,0,0,0,0,0
1291,PHL.61.43_1,Pangasinan,Sual,0,0,0,0,0,0,0,0,0,0,0,0,0,0,0,0,0,0
1292,PHL.61.44_1,Pangasinan,Tayug,0,0,0,0,0,0,0,0,0,0,0,0,0,0,0,0,0,0
1293,PHL.61.45_1,Pangasinan,Umingan,0,0,0,0,0,0,0,0,0,0,0,0,0,0,0,0,0,0
1294,PHL.61.46_1,Pangasinan,Urbiztondo,0,0,0,0,0,0,0,0,0,0,0,0,0,0,0,0,0,0
1295,PHL.61.47_1,Pangasinan,Urdaneta City,0,0,0,0,0,0,0,0,0,0,0,0,0,0,0,0,0,0
1296,PHL.61.48_1,Pangasinan,Villasis,0,0,0,0,0,0,0,0,0,0,0,0,0,0,0,0,0,0
1297,PHL.62.1_1,Quezon,Agdangan,0,0,0,0,0,0,0,0,0,0,0,0,8.839300155639648,0,8.839300155639648,0,0,0
1298,PHL.62.2_1,Quezon,Alabat,0,0,0,304.9091491699219,0,0,457363.7237548828,1219636.5966796875,3049091.4916992188,0,0,0,0,0,0,0,0,0
1299,PHL.62.3_1,Quezon,Atimonan,0,0,0,0,0,0,0,0,0,0,0,0,0,0,0,0,0,0
1300,PHL.62.4_1,Quezon,Buenavista,0,0,0,0,0,0,0,0,0,0,0,0,7.265414714813232,0,7.265414714813232,0,0,0
1301,PHL.62.5_1,Quezon,Burdeos,0,0,0,3235.732421875,0,0,4853598.6328125,12942929.6875,32357324.21875,0,0,0,6.3890767097473145,0,6.3890767097473145,0,0,0
1302,PHL.62.6_1,Quezon,Calauag,1159048.9587499998,933596.935125,225452.0236249998,2843.540283203125,79.2856795301095,3465750.19208694,4265310.4248046875,11374161.1328125,28435402.83203125,0.8125434838064899,0.3047038064274337,0.12188152257097348,8.493401527404785,10.61214542388916,2.4844748973846436,2.3466014862060547,6.008926630020142,8.265543937683105
1303,PHL.62.7_1,Quezon,Candelaria,0,0,0,0,0,0,0,0,0,0,0,0,0,0,0,0,0,0
1304,PHL.62.8_1,Quezon,Catanauan,3644251.3540000003,3439630.814,204620.5400000005,144.54054260253906,1415.661905757963,3145519.230244327,216810.8139038086,578162.17041015625,1445405.4260253906,14.50812887792527,5.440548329221976,2.1762193316887903,61.59368133544922,24.913240432739258,60.43696594238281,24.241975784301758,1.1567153930664062,0.6712646484375
1305,PHL.62.9_1,Quezon,Dolores,0,0,0,0,0,0,0,0,0,0,0,0,0,0,0,0,0,0
1306,PHL.62.10_1,Quezon,General Luna,16.972899658203126,15.652610107421875,1.3202895507812507,135.70518493652344,0.009729101739176883,20.296086460689907,203557.77740478516,542820.73974609375,1357051.8493652344,9.970676001403812e-5,3.73900350052643e-5,1.495601400210572e-5,1.0563760995864868,0,1.0563760995864868,0,0,0
1307,PHL.62.11_1,Quezon,General Nakar,0,0,0,67.43050384521484,0,0,101145.75576782227,269722.0153808594,674305.0384521484,0,0,0,0.9764153361320496,0,0.9764153361320496,0,0,0
1308,PHL.62.12_1,Quezon,Guinayangan,0,0,0,212.33592224121094,0,0,318503.8833618164,849343.68896484375,2123359.2224121094,0,0,0,8.942005157470703,0,7.664309978485107,0,1.2776951789855957,0
1309,PHL.62.13_1,Quezon,Gumaca,933330.8911250002,928717.086125,4613.805000000168,0,4613805000000.167,70925.49141008971,0,0,0,70925491410089.7,70925491410089.7,70925491410089.7,15.121861457824707,8.25084400177002,15.121861457824707,8.25084400177002,0,0
1310,PHL.62.14_1,Quezon,Hinunangan,0,0,0,0,0,0,0,0,0,0,0,0,0,0,0,0,0,0
1311,PHL.62.15_1,Quezon,Infanta,64083.74915625,54956.325648437494,9127.423507812506,2094.27783203125,4.358267737074682,140310.87087546685,3141416.748046875,8377111.328125,20942778.3203125,0.04466483823348267,0.016749314337556,0.0066997257350224,39.546669006347656,1.8126014471054077,21.224576950073242,0.20911753177642822,18.322092056274414,1.6034839153289795
1312,PHL.62.16_1,Quezon,Jomalig,0,0,0,436.6590576171875,0,0,654988.58642578125,1746636.23046875,4366590.576171875,0,0,0,0,0,0,0,0,0
1313,PHL.62.17_1,Quezon,Lopez,35401.797194580075,25131.302687866213,10270.494506713861,281.33514404296875,36.50626210120849,157882.67382632795,422002.7160644531,1125340.576171875,2813351.4404296875,0.3741271508835841,0.14029768158134404,0.05611907263253762,1.4352552890777588,0,1.4352552890777588,0,0,0
1314,PHL.62.18_1,Quezon,Lucban,0,0,0,0,0,0,0,0,0,0,0,0,0,0,0,0,0,0
1315,PHL.62.19_1,Quezon,Lucena City,8676151.623,8041275.240999999,634876.3820000002,87.700347900390625,7239.154657870775,9759606.090419559,131550.52185058594,350801.3916015625,877003.47900390625,74.18903363609947,27.820887613537302,11.12835504541492,99.88114166259766,59.070430755615234,99.88114166259766,59.070430755615234,0,0
1316,PHL.62.20_1,Quezon,Macalelon,600670.7495,450734.41187500005,149936.337625,228.6265106201172,655.8134365884289,2304889.0072904816,342939.7659301758,914506.04248046875,2286265.106201172,6.720973291151567,2.5203649841818376,1.008145993672735,11.8464937210083,2.2966363430023193,11.8464937210083,2.2966363430023193,0,0
1317,PHL.62.21_1,Quezon,Mauban,0,0,0,921.18218994140625,0,0,1381773.2849121094,3684728.759765625,9211821.8994140625,0,0,0,0,0,0,0,0,0
1318,PHL.62.22_1,Quezon,Mulanay,0,0,0,0,0,0,0,0,0,0,0,0,0,0,0,0,0,0
1319,PHL.62.23_1,Quezon,Padre Burgos,0,0,0,242.48655700683594,0,0,363729.8355102539,969946.22802734375,2424865.5700683594,0,0,0,0,0,0,0,0,0
1320,PHL.62.24_1,Quezon,Pagbilao,1257924.0072499998,1157913.7687499998,100010.23849999998,242.36305236816406,412.6463894673121,1537402.4935281214,363544.5785522461,969452.20947265625,2423630.5236816406,4.228924275670849,1.5858466033765684,0.6343386413506273,27.189054489135742,15.601322174072266,27.189054489135742,15.601322174072266,0,0
1321,PHL.62.25_1,Quezon,Panukulan,0,0,0,1413.4205322265625,0,0,2120130.7983398438,5653682.12890625,14134205.322265625,0,0,0,4.3152594566345215,0,4.3152594566345215,0,0,0
1322,PHL.62.26_1,Quezon,Patnanungan,0,0,0,1185.2633056640625,0,0,1777894.9584960938,4741053.22265625,11852633.056640625,0,0,0,8.335492134094238,0,8.335492134094238,0,0,0
1323,PHL.62.27_1,Quezon,Perez,0,0,0,0,0,0,0,0,0,0,0,0,0,0,0,0,0,0
1324,PHL.62.28_1,Quezon,Pitogo,0,0,0,364.036865234375,0,0,546055.2978515625,1456147.4609375,3640368.65234375,0,0,0,0,0,0,0,0,0
1325,PHL.62.29_1,Quezon,Plaridel,0,0,0,0,0,0,0,0,0,0,0,0,0,0,0,0,0,0
1326,PHL.62.30_1,Quezon,Polillo,0,0,0,387.2225036621094,0,0,580833.7554931641,1548890.0146484375,3872225.0366210938,0,0,0,0,0,0,0,0,0
1327,PHL.62.31_1,Quezon,Quezon,1710534.46575,1570236.88675,140297.5789999999,288.00750732421875,487.13167341871645,2156717.6623677234,432011.2609863281,1152030.029296875,2880075.0732421875,4.9922718621817985,1.8721019483181747,0.7488407793272698,9.720240592956543,2.2436447143554688,9.720240592956543,2.2436447143554688,0,0
1328,PHL.62.32_1,Quezon,Real,13732.92344335938,12385.819478515625,1347.1039648437545,0,1347103964843.7544,20708.289727680305,0,0,0,20708289727680.305,20708289727680.305,20708289727680.305,0.20027419924736023,0,0.20027419924736023,0,0,0
1329,PHL.62.33_1,Quezon,Sampaloc,0,0,0,0,0,0,0,0,0,0,0,0,0,0,0,0,0,0
1330,PHL.62.34_1,Quezon,San Andres,5.338234666824341,5.338234666824341,0,209.3993682861328,0,0,314099.0524291992,837597.47314453125,2093993.6828613281,0,0,0,4.668936252593994,2.717024181038141e-4,4.668936252593994,2.717024181038141e-4,0,0
1331,PHL.62.35_1,Quezon,San Antonio,0,0,0,0,0,0,0,0,0,0,0,0,0,0,0,0,0,0
1332,PHL.62.36_1,Quezon,San Francisco,19503.834109375002,19503.834109375002,0,0,0,0,0,0,0,0,0,0,15.359245300292969,1.0206928253173828,15.359245300292969,1.0206928253173828,0,0
1333,PHL.62.37_1,Quezon,San Narciso,0,0,0,478.873779296875,0,0,718310.6689453125,1915495.1171875,4788737.79296875,0,0,0,9.464332580566406,0,9.464332580566406,0,0,0
1334,PHL.62.38_1,Quezon,Sariaya,1014.1763186035157,966.2525209960938,47.923797607421875,127.44364166259766,0.3760391415548087,736.7062317423373,191165.46249389648,509774.5666503906,1274436.4166259766,0.003853762191828238,0.0014451608219355893,5.780643287742357e-4,0,0,0,0,0,0
1335,PHL.62.39_1,Quezon,Tagkawayan,0,0,0,369.7145080566406,0,0,554571.7620849609,1478858.0322265625,3697145.0805664062,0,0,0,4.584072589874268,0,4.356508255004883,0,0.22756433486938477,0
1336,PHL.62.40_1,Quezon,Tayabas City,0,0,0,0,0,0,0,0,0,0,0,0,0,0,0,0,0,0
1337,PHL.62.41_1,Quezon,Tiaong,0,0,0,0,0,0,0,0,0,0,0,0,0,0,0,0,0,0
1338,PHL.62.42_1,Quezon,Unisan,0,0,0,121.29463195800781,0,0,181941.94793701172,485178.52783203125,1212946.3195800781,0,0,0,1.109955072402954,0,1.109955072402954,0,0,0
1339,PHL.63.1_1,Quirino,Aglipay,0,0,0,0,0,0,0,0,0,0,0,0,0,0,0,0,0,0
1340,PHL.63.2_1,Quirino,Cabarroguis,0,0,0,0,0,0,0,0,0,0,0,0,0,0,0,0,0,0
1341,PHL.63.3_1,Quirino,Diffun,0,0,0,0,0,0,0,0,0,0,0,0,0,0,0,0,0,0
1342,PHL.63.4_1,Quirino,Maddela,0,0,0,0,0,0,0,0,0,0,0,0,0,0,0,0,0,0
1343,PHL.63.5_1,Quirino,Nagtipunan,0,0,0,0,0,0,0,0,0,0,0,0,0,0,0,0,0,0
1344,PHL.63.6_1,Quirino,Saguday,0,0,0,0,0,0,0,0,0,0,0,0,0,0,0,0,0,0
1345,PHL.64.1_1,Rizal,Angono,0,0,0,0,0,0,0,0,0,0,0,0,0,0,0,0,0,0
1346,PHL.64.2_1,Rizal,Antipolo City,0,0,0,0,0,0,0,0,0,0,0,0,0,0,0,0,0,0
1347,PHL.64.3_1,Rizal,Baras,0,0,0,0,0,0,0,0,0,0,0,0,0,0,0,0,0,0
1348,PHL.64.4_1,Rizal,Binangonan,0,0,0,0,0,0,0,0,0,0,0,0,0,0,0,0,0,0
1349,PHL.64.5_1,Rizal,Cainta,0,0,0,0,0,0,0,0,0,0,0,0,0,0,0,0,0,0
1350,PHL.64.6_1,Rizal,Cardona,0,0,0,0,0,0,0,0,0,0,0,0,0,0,0,0,0,0
1351,PHL.64.7_1,Rizal,Jala-Jala,0,0,0,0,0,0,0,0,0,0,0,0,0,0,0,0,0,0
1352,PHL.64.8_1,Rizal,Morong,0,0,0,0,0,0,0,0,0,0,0,0,0,0,0,0,0,0
1353,PHL.64.9_1,Rizal,Pililla,0,0,0,0,0,0,0,0,0,0,0,0,0,0,0,0,0,0
1354,PHL.64.10_1,Rizal,Rodriguez,0,0,0,0,0,0,0,0,0,0,0,0,0,0,0,0,0,0
1355,PHL.64.11_1,Rizal,San Mateo,0,0,0,0,0,0,0,0,0,0,0,0,0,0,0,0,0,0
1356,PHL.64.12_1,Rizal,Tanay,0,0,0,0,0,0,0,0,0,0,0,0,0,0,0,0,0,0
1357,PHL.64.13_1,Rizal,Taytay,0,0,0,0,0,0,0,0,0,0,0,0,0,0,0,0,0,0
1358,PHL.64.14_1,Rizal,Teresa,0,0,0,0,0,0,0,0,0,0,0,0,0,0,0,0,0,0
1359,PHL.65.1_1,Romblon,Alcantara,0,0,0,0,0,0,0,0,0,0,0,0,0,0,0,0,0,0
1360,PHL.65.2_1,Romblon,Banton,0,0,0,0,0,0,0,0,0,0,0,0,0,0,0,0,0,0
1361,PHL.65.3_1,Romblon,Cajidiocan,0,0,0,222.6488037109375,0,0,333973.20556640625,890595.21484375,2226488.037109375,0,0,0,0,0,0,0,0,0
1362,PHL.65.4_1,Romblon,Calatrava,0,0,0,0,0,0,0,0,0,0,0,0,0,0,0,0,0,0
1363,PHL.65.5_1,Romblon,Concepcion,0,0,0,0,0,0,0,0,0,0,0,0,0,0,0,0,0,0
1364,PHL.65.6_1,Romblon,Corcuera,0,0,0,0,0,0,0,0,0,0,0,0,0,0,0,0,0,0
1365,PHL.65.7_1,Romblon,Ferrol,0,0,0,99.51908874511719,0,0,149278.63311767578,398076.35498046875,995190.8874511719,0,0,0,0,0,0,0,0,0
1366,PHL.65.8_1,Romblon,Looc,0,0,0,0,0,0,0,0,0,0,0,0,0,0,0,0,0,0
1367,PHL.65.9_1,Romblon,Magdiwang,0,0,0,130.8503875732422,0,0,196275.58135986328,523401.55029296875,1308503.8757324219,0,0,0,0,0,0,0,0,0
1368,PHL.65.10_1,Romblon,Odiongan,0,0,0,37.13887405395508,0,0,55708.31108093262,148555.4962158203,371388.7405395508,0,0,0,0,0,0,0,0,0
1369,PHL.65.11_1,Romblon,Romblon,0,0,0,0,0,0,0,0,0,0,0,0,0,0,0,0,0,0
1370,PHL.65.12_1,Romblon,San Agustin,0,0,0,0,0,0,0,0,0,0,0,0,0,0,0,0,0,0
1371,PHL.65.13_1,Romblon,San Andres,0,0,0,0,0,0,0,0,0,0,0,0,0,0,0,0,0,0
1372,PHL.65.14_1,Romblon,San Fernando,0,0,0,0,0,0,0,0,0,0,0,0,2.2458200454711914,0,2.2458200454711914,0,0,0
1373,PHL.65.15_1,Romblon,San Jose,0,0,0,0,0,0,0,0,0,0,0,0,0,0,0,0,0,0
1374,PHL.65.16_1,Romblon,Santa Fe,0,0,0,0,0,0,0,0,0,0,0,0,0,0,0,0,0,0
1375,PHL.65.17_1,Romblon,Santa Maria,0,0,0,0,0,0,0,0,0,0,0,0,0,0,0,0,0,0
1376,PHL.66.1_1,Samar,Almagro,0,0,0,0,0,0,0,0,0,0,0,0,0,0,0,0,0,0
1377,PHL.66.2_1,Samar,Basey,0,0,0,123.94735717773438,0,0,185921.03576660156,495789.4287109375,1239473.5717773438,0,0,0,0,0,0,0,0,0
1378,PHL.66.3_1,Samar,Calbayog City,4656777.964000001,4461611.646000001,195166.31799999997,839.038330078125,232.60715393279773,3000184.6655520406,1258557.4951171875,3356153.3203125,8390383.30078125,2.383828054889686,0.8939355205836322,0.3575742082334529,8.198592185974121,31.019960403442383,8.198592185974121,31.019960403442383,0,0
1379,PHL.66.4_1,Samar,Calbiga,4550.265362304688,2863.05587109375,1687.2094912109383,817.5999755859375,2.0636124530236075,25936.545275732045,1226399.9633789062,3270399.90234375,8175999.755859375,0.021148520915047302,0.007930695343142738,0.0031722781372570956,32.88931655883789,0.0366210900247097,32.88931655883789,0.0366210900247097,0,0
1380,PHL.66.5_1,Samar,Catbalogan City,4513420.026500002,4448394.840500001,65025.186000000685,0,65025186000000.68,999596.4872989575,0,0,0,999596487298957.5,999596487298957.5,999596487298957.5,13.443538665771484,17.19727325439453,13.443538665771484,17.19727325439453,0,0
1381,PHL.66.6_1,Samar,Daram,0,0,0,79.87873077392578,0,0,119818.09616088867,319514.9230957031,798787.3077392578,0,0,0,0,0,0,0,0,0
1382,PHL.66.7_1,Samar,Gandara,9071.232056640623,5721.960274414063,3349.2717822265604,1219.146484375,2.747226707497399,51486.51644799837,1828719.7265625,4876585.9375,12191464.84375,0.02815440534716555,0.010557902005187081,0.004223160802074833,1.0071485042572021,0,0.5367352962493896,0,0.4704132080078125,0
1383,PHL.66.8_1,Samar,Hinabangan,759.1444091796875,424.7637021484375,334.38070703125,685.4354248046875,0.4878369207814589,5140.251043172346,1028153.1372070312,2741741.69921875,6854354.248046875,0.004999499449212198,0.001874812293454574,7.499249173818297e-4,1.9541831016540527,0,1.9541831016540527,0,0,0
1384,PHL.66.9_1,Samar,Jiabong,0,0,0,123.29121398925781,0,0,184936.82098388672,493164.85595703125,1232912.1398925781,0,0,0,0,0,0,0,0,0
1385,PHL.66.10_1,Samar,Marabut,0,0,0,0,0,0,0,0,0,0,0,0,0,0,0,0,0,0
1386,PHL.66.11_1,Samar,Matuguinao,0,0,0,0,0,0,0,0,0,0,0,0,0,0,0,0,0,0
1387,PHL.66.12_1,Samar,Motiong,0,0,0,0,0,0,0,0,0,0,0,0,0,0,0,0,0,0
1388,PHL.66.13_1,Samar,Pagsanghan,30901.640124999994,20996.229402343753,9905.410722656241,667.64093017578125,14.836434189330294,152270.44123519314,1001461.3952636719,2670563.720703125,6676409.3017578125,0.1520482386593667,0.05701808949726251,0.022807235798905003,12.660858154296875,0.2849305272102356,12.660858154296875,0.2849305272102356,0,0
1389,PHL.66.14_1,Samar,Paranas,1695310.37425,1381333.0095,313977.3647500002,306.7462158203125,1023.5737184576177,4826601.663169106,460119.32373046875,1226984.86328125,3067462.158203125,10.489891239596055,3.9337092148485207,1.5734836859394083,11.718069076538086,8.912355422973633,11.718069076538086,8.912355422973633,0,0
1390,PHL.66.15_1,Samar,Pinabacdao,138855.969625,98997.983703125,39857.98592187499,410.6304931640625,97.0653338838872,612714.9366142086,615945.73974609375,1642521.97265625,4106304.931640625,0.9947547276920579,0.37303302288452167,0.14921320915380867,23.241104125976562,2.433941602706909,23.241104125976562,2.433941602706909,0,0
1391,PHL.66.16_1,Samar,San Jorge,0,0,0,0,0,0,0,0,0,0,0,0,0,0,0,0,0,0
1392,PHL.66.17_1,Samar,San Jose de Buan,0,0,0,0,0,0,0,0,0,0,0,0,0,0,0,0,0,0
1393,PHL.66.18_1,Samar,San Sebastian,2012.9652202148436,1498.0042666015624,514.9609536132812,516.10211181640625,0.9977888906536173,7916.212040177045,774153.1677246094,2064408.447265625,5161021.1181640625,0.01022564057116032,0.0038346152141851197,0.0015338460856740479,3.046949863433838,0.007556024473160505,3.046949863433838,0.007556024473160505,0,0
1394,PHL.66.19_1,Samar,Santa Margarita,97006.69203125,69689.51067187499,27317.181359375012,1747.649169921875,15.630815285768236,419932.0326394689,2621473.7548828125,6990596.6796875,17476491.69921875,0.16018929499381582,0.060070985622680935,0.024028394249072375,8.406306266784668,1.6010230779647827,8.406306266784668,1.6010230779647827,0,0
1395,PHL.66.20_1,Samar,Santa Rita,0,0,0,1301.701416015625,0,0,1952552.1240234375,5206805.6640625,13017014.16015625,0,0,0,0,0,0,0,0,0
1396,PHL.66.21_1,Samar,Santo Nino,0,0,0,0,0,0,0,0,0,0,0,0,0,0,0,0,0,0
1397,PHL.66.22_1,Samar,Tagapul-An,0,0,0,0,0,0,0,0,0,0,0,0,0,0,0,0,0,0
1398,PHL.66.23_1,Samar,Talalora,0,0,0,120.75298309326172,0,0,181129.47463989258,483011.9323730469,1207529.8309326172,0,0,0,0,0,0,0,0,0
1399,PHL.66.24_1,Samar,Tarangnan,1.7383052783012392,1.2616314599514011,0.476673818349838,812.0167236328125,5.87024631977144e-4,7.327644928380127,1218025.0854492188,3248066.89453125,8120167.236328125,6.016004937761708e-6,2.2560018516606405e-6,9.024007406642562e-7,6.37240743637085,3.9050206396495923e-5,6.37240743637085,3.9050206396495923e-5,0,0
1400,PHL.66.25_1,Samar,Villareal,1493846.32975,1454355.9377499998,39490.392000000225,447.8294677734375,88.18176301872771,607064.117052409,671744.20166015625,1791317.87109375,4478294.677734375,0.9037132223130528,0.3388924583673948,0.13555698334695793,4.3452911376953125,3.434786319732666,4.3452911376953125,3.434786319732666,0,0
1401,PHL.66.26_1,Samar,Zumarraga,0,0,0,84.26444244384766,0,0,126396.66366577148,337057.7697753906,842644.4244384766,0,0,0,0,0,0,0,0,0
1402,PHL.67.1_1,Sarangani,Alabel,238.474669921875,238.474669921875,0,0,0,0,0,0,0,0,0,0,0,0,0,0,0,0
1403,PHL.67.2_1,Sarangani,Glan,0,0,0,0,0,0,0,0,0,0,0,0,2.958404541015625,0,2.958404541015625,0,0,0
1404,PHL.67.3_1,Sarangani,Kiamba,0,0,0,0,0,0,0,0,0,0,0,0,15.722891807556152,0,15.722891807556152,0,0,0
1405,PHL.67.4_1,Sarangani,Maasim,0,0,0,0,0,0,0,0,0,0,0,0,0,0,0,0,0,0
1406,PHL.67.5_1,Sarangani,Maitum,0,0,0,0,0,0,0,0,0,0,0,0,5.050678253173828,0,5.050678253173828,0,0,0
1407,PHL.67.6_1,Sarangani,Malapatan,0,0,0,0,0,0,0,0,0,0,0,0,0,0,0,0,0,0
1408,PHL.67.7_1,Sarangani,Malungon,0,0,0,0,0,0,0,0,0,0,0,0,0,0,0,0,0,0
1409,PHL.68.1_1,Siquijor,Enrique Villanueva,0,0,0,0,0,0,0,0,0,0,0,0,0,0,0,0,0,0
1410,PHL.68.2_1,Siquijor,Larena,0,0,0,0,0,0,0,0,0,0,0,0,0,0,0,0,0,0
1411,PHL.68.3_1,Siquijor,Lazi,0,0,0,0,0,0,0,0,0,0,0,0,0,0,0,0,0,0
1412,PHL.68.4_1,Siquijor,Maria,0,0,0,0,0,0,0,0,0,0,0,0,0,0,0,0,0,0
1413,PHL.68.5_1,Siquijor,San Juan,0,0,0,0,0,0,0,0,0,0,0,0,0,0,0,0,0,0
1414,PHL.68.6_1,Siquijor,Siquijor,0,0,0,0,0,0,0,0,0,0,0,0,0,0,0,0,0,0
1415,PHL.69.1_1,Sorsogon,Barcelona,30642.025203125002,17083.057736328126,13558.967466796876,83.27899169921875,162.81378040416493,208434.56335843253,124918.48754882812,333115.966796875,832789.9169921875,1.668564577176454,0.6257117164411702,0.2502846865764681,8.72943115234375,0.12730222940444946,8.72943115234375,0.12730222940444946,0,0
1416,PHL.69.2_1,Sorsogon,Bulan,3576864.715,3116562.37,460302.34499999974,86.47464752197266,5322.974515542718,7075975.256071821,129711.97128295898,345898.5900878906,864746.4752197266,54.55144337168387,20.45679126438145,8.18271650575258,120.39793395996094,56.104522705078125,120.39793395996094,56.104522705078125,0,0
1417,PHL.69.3_1,Sorsogon,Bulusan,0,0,0,0,0,0,0,0,0,0,0,0,3.1320347785949707,0,3.1320347785949707,0,0,0
1418,PHL.69.4_1,Sorsogon,Casiguran,4650.104720703124,3242.573000976563,1407.5317197265613,35.13773727416992,40.057551479310845,21637.21243028073,52706.60591125488,140550.9490966797,351377.3727416992,0.4105218322483626,0.15394568709313597,0.061578274837254386,5.53635311126709,0.0456107072532177,5.53635311126709,0.0456107072532177,0,0
1419,PHL.69.5_1,Sorsogon,Castilla,0,0,0,120.5469741821289,0,0,180820.46127319336,482187.8967285156,1205469.741821289,0,0,0,0,0,0,0,0,0
1420,PHL.69.6_1,Sorsogon,Donsol,152636.0629375,120183.79225,32452.270687500015,193.1505889892578,168.01538559794332,498870.94185473915,289725.8834838867,772602.35595703125,1931505.8898925781,1.721872191244812,0.6457020717168046,0.2582808286867218,0,6.810650825500488,0,6.810650825500488,0,0
1421,PHL.69.7_1,Sorsogon,Gubat,1241131.0662500001,934452.8727500001,306678.19350000005,579.17742919921875,529.5064656162774,4714395.510591647,868766.1437988281,2316709.716796875,5791774.2919921875,5.42654147406936,2.03495305277601,0.813981221110404,49.45232391357422,11.295502662658691,49.45232391357422,11.295502662658691,0,0
1422,PHL.69.8_1,Sorsogon,Irosin,0,0,0,0,0,0,0,0,0,0,0,0,0,0,0,0,0,0
1423,PHL.69.9_1,Sorsogon,Juban,6619.332101562501,3898.78273828125,2720.5493632812504,582.8719482421875,4.667490640930351,41821.511853258286,874307.92236328125,2331487.79296875,5828719.482421875,0.04783384753075719,0.017937692824033943,0.007175077129613578,9.38000202178955,0,4.35337495803833,0,5.026627063751221,0
1424,PHL.69.10_1,Sorsogon,Magallanes,311706.2911875,221238.4135,90467.8776875,184.31625366210938,490.8296251145964,1390713.0192571196,276474.38049316406,737265.0146484375,1843162.5366210938,5.030169583078261,1.886313593654348,0.7545254374617392,5.760193347930908,2.0947165489196777,5.760193347930908,2.0947165489196777,0,0
1425,PHL.69.11_1,Sorsogon,Matnog,0,0,0,119.19841003417969,0,0,178797.61505126953,476793.64013671875,1191984.1003417969,0,0,0,0,0,0,0,0,0
1426,PHL.69.12_1,Sorsogon,Pilar,0,0,0,342.4679260253906,0,0,513701.88903808594,1369871.7041015625,3424679.2602539062,0,0,0,0,0,0,0,0,0
1427,PHL.69.13_1,Sorsogon,Prieto Diaz,451229.4945624999,354739.9891875,96489.50537499995,474.37298583984375,203.40430052982913,1483280.1959853342,711559.4787597656,1897491.943359375,4743729.8583984375,2.0845484323681034,0.7817056621380388,0.3126822648552155,41.847686767578125,11.546427726745605,26.589813232421875,3.5290863513946533,15.25787353515625,8.017341375350952
1428,PHL.69.14_1,Sorsogon,Santa Magdalena,0,0,0,89.05030059814453,0,0,133575.4508972168,356201.2023925781,890503.0059814453,0,0,0,0,0,0,0,0,0
1429,PHL.69.15_1,Sorsogon,Sorsogon City,1424420.767,1136040.35725,288380.4097500001,573.5513916015625,502.7978555587459,4433113.725994281,860327.08740234375,2294205.56640625,5735513.916015625,5.152823607332352,1.932308852749632,0.7729235410998528,32.949737548828125,22.398435592651367,32.949737548828125,22.398435592651367,0,0
1430,PHL.70.1_1,South Cotabato,Banga,0,0,0,0,0,0,0,0,0,0,0,0,0,0,0,0,0,0
1431,PHL.70.2_1,South Cotabato,General Santos City,0,0,0,0,0,0,0,0,0,0,0,0,0,0,0,0,0,0
1432,PHL.70.3_1,South Cotabato,Koronadal City,0,0,0,0,0,0,0,0,0,0,0,0,0,0,0,0,0,0
1433,PHL.70.4_1,South Cotabato,Lake Sebu,0,0,0,0,0,0,0,0,0,0,0,0,0,0,0,0,0,0
1434,PHL.70.5_1,South Cotabato,Norala,0,0,0,0,0,0,0,0,0,0,0,0,0,0,0,0,0,0
1435,PHL.70.6_1,South Cotabato,Polomolok,0,0,0,0,0,0,0,0,0,0,0,0,0,0,0,0,0,0
1436,PHL.70.7_1,South Cotabato,Santo Nino,0,0,0,0,0,0,0,0,0,0,0,0,0,0,0,0,0,0
1437,PHL.70.8_1,South Cotabato,Surallah,0,0,0,0,0,0,0,0,0,0,0,0,0,0,0,0,0,0
1438,PHL.70.9_1,South Cotabato,T'Boli,0,0,0,0,0,0,0,0,0,0,0,0,0,0,0,0,0,0
1439,PHL.70.10_1,South Cotabato,Tampakan,0,0,0,0,0,0,0,0,0,0,0,0,0,0,0,0,0,0
1440,PHL.70.11_1,South Cotabato,Tantangan,0,0,0,0,0,0,0,0,0,0,0,0,0,0,0,0,0,0
1441,PHL.70.12_1,South Cotabato,Tupi,0,0,0,0,0,0,0,0,0,0,0,0,0,0,0,0,0,0
1442,PHL.71.1_1,Southern Leyte,Anahawan,0,0,0,0,0,0,0,0,0,0,0,0,0.7579695582389832,0,0.7579695582389832,0,0,0
1443,PHL.71.2_1,Southern Leyte,Bontoc,0,0,0,0,0,0,0,0,0,0,0,0,0,0,0,0,0,0
1444,PHL.71.3_1,Southern Leyte,Hinunangan,0,0,0,123.98887634277344,0,0,185983.31451416016,495955.50537109375,1239888.7634277344,0,0,0,0,0,0,0,0,0
1445,PHL.71.4_1,Southern Leyte,Hinundayan,0,0,0,95.5164794921875,0,0,143274.71923828125,382065.91796875,955164.794921875,0,0,0,0,0,0,0,0,0
1446,PHL.71.5_1,Southern Leyte,Libagon,0,0,0,0,0,0,0,0,0,0,0,0,0,0,0,0,0,0
1447,PHL.71.6_1,Southern Leyte,Liloan,0,0,0,0,0,0,0,0,0,0,0,0,0,0,0,0,0,0
1448,PHL.71.7_1,Southern Leyte,Limasawa,0,0,0,0,0,0,0,0,0,0,0,0,0,0,0,0,0,0
1449,PHL.71.8_1,Southern Leyte,Maasin City,0,0,0,0,0,0,0,0,0,0,0,0,0,0,0,0,0,0
1450,PHL.71.9_1,Southern Leyte,Macrohon,0,0,0,0,0,0,0,0,0,0,0,0,0,0,0,0,0,0
1451,PHL.71.10_1,Southern Leyte,Malitbog,0,0,0,0,0,0,0,0,0,0,0,0,0,0,0,0,0,0
1452,PHL.71.11_1,Southern Leyte,Padre Burgos,0,0,0,0,0,0,0,0,0,0,0,0,0,0,0,0,0,0
1453,PHL.71.12_1,Southern Leyte,Pintuyan,0,0,0,0,0,0,0,0,0,0,0,0,0,0,0,0,0,0
1454,PHL.71.13_1,Southern Leyte,Saint Bernard,0,0,0,101.7558364868164,0,0,152633.7547302246,407023.3459472656,1017558.3648681641,0,0,0,0,0,0,0,0,0
1455,PHL.71.14_1,Southern Leyte,San Francisco,0,0,0,0,0,0,0,0,0,0,0,0,0,0,0,0,0,0
1456,PHL.71.15_1,Southern Leyte,San Juan,0,0,0,0,0,0,0,0,0,0,0,0,2.775005578994751,0,2.775005578994751,0,0,0
1457,PHL.71.16_1,Southern Leyte,San Ricardo,0,0,0,0,0,0,0,0,0,0,0,0,0,0,0,0,0,0
1458,PHL.71.17_1,Southern Leyte,Silago,0,0,0,0,0,0,0,0,0,0,0,0,0,0,0,0,0,0
1459,PHL.71.18_1,Southern Leyte,Sogod,0,0,0,0,0,0,0,0,0,0,0,0,0,0,0,0,0,0
1460,PHL.71.19_1,Southern Leyte,Tomas Oppus,0,0,0,0,0,0,0,0,0,0,0,0,0,0,0,0,0,0
1461,PHL.72.1_1,Sultan Kudarat,Bagumbayan,0,0,0,0,0,0,0,0,0,0,0,0,0,0,0,0,0,0
1462,PHL.72.2_1,Sultan Kudarat,Buluan Lake,0,0,0,0,0,0,0,0,0,0,0,0,0,0,0,0,0,0
1463,PHL.72.3_1,Sultan Kudarat,Columbio,0,0,0,0,0,0,0,0,0,0,0,0,0,0,0,0,0,0
1464,PHL.72.4_1,Sultan Kudarat,Esperanza,0,0,0,0,0,0,0,0,0,0,0,0,0,0,0,0,0,0
1465,PHL.72.5_1,Sultan Kudarat,Isulan,0,0,0,0,0,0,0,0,0,0,0,0,0,0,0,0,0,0
1466,PHL.72.6_1,Sultan Kudarat,Kalamansig,0,0,0,0,0,0,0,0,0,0,0,0,0,0,0,0,0,0
1467,PHL.72.7_1,Sultan Kudarat,Lambayong,0,0,0,0,0,0,0,0,0,0,0,0,0,0,0,0,0,0
1468,PHL.72.8_1,Sultan Kudarat,Lebak,30.077492919921873,27.971120117187503,2.10637280273437,865.66082763671875,0.0024332541516113577,32.38011275439203,1298491.2414550781,3462643.310546875,8656608.2763671875,2.493672018773662e-5,9.351270070401233e-6,3.7405080281604928e-6,18.818252563476562,0,17.859283447265625,0,0.9589691162109375,0
1469,PHL.72.9_1,Sultan Kudarat,Lutayan,0,0,0,0,0,0,0,0,0,0,0,0,0,0,0,0,0,0
1470,PHL.72.10_1,Sultan Kudarat,Palimbang,0,0,0,0,0,0,0,0,0,0,0,0,0,0,0,0,0,0
1471,PHL.72.11_1,Sultan Kudarat,President Quirino,0,0,0,0,0,0,0,0,0,0,0,0,0,0,0,0,0,0
1472,PHL.72.12_1,Sultan Kudarat,Sen. Ninoy Aquino,0,0,0,0,0,0,0,0,0,0,0,0,0,0,0,0,0,0
1473,PHL.72.13_1,Sultan Kudarat,Tacurong City,0,0,0,0,0,0,0,0,0,0,0,0,0,0,0,0,0,0
1474,PHL.73.1_1,Sulu,Hadji Panglima Tahil,0,0,0,1607.764892578125,0,0,2411647.3388671875,6431059.5703125,16077648.92578125,0,0,0,3.603726625442505,0,3.603726625442505,0,0,0
1475,PHL.73.2_1,Sulu,Indanan,0,0,0,110.12401580810547,0,0,165186.0237121582,440496.0632324219,1101240.1580810547,0,0,0,0,0,0,0,0,0
1476,PHL.73.3_1,Sulu,Jolo,0,0,0,0,0,0,0,0,0,0,0,0,0,0,0,0,0,0
1477,PHL.73.4_1,Sulu,Kalingalan Caluang,0,0,0,202.14309692382812,0,0,303214.6453857422,808572.3876953125,2021430.9692382812,0,0,0,0,0,0,0,0,0
1478,PHL.73.5_1,Sulu,Lugus,0,0,0,0,0,0,0,0,0,0,0,0,0,0,0,0,0,0
1479,PHL.73.6_1,Sulu,Luuk,0,0,0,1241.1390380859375,0,0,1861708.5571289062,4964556.15234375,12411390.380859375,0,0,0,4.092163562774658,0,3.77250075340271,0,0.31966280937194824,0
1480,PHL.73.7_1,Sulu,Maimbung,0,0,0,94.10765838623047,0,0,141161.4875793457,376430.6335449219,941076.5838623047,0,0,0,0,0,0,0,0,0
1481,PHL.73.8_1,Sulu,Old Panamao,0,0,0,0,0,0,0,0,0,0,0,0,0,0,0,0,0,0
1482,PHL.73.9_1,Sulu,Pandami,14581.343648437502,11517.24434375,3064.099304687501,385.1202087402344,7.956215319654265,47102.71650281434,577680.3131103516,1540480.8349609375,3851202.0874023438,0.08153768690714674,0.03057663259018003,0.012230653036072011,2.499765396118164,0.9994282126426697,0.810469925403595,0.07223588973283768,1.689295470714569,0.927192322909832
1483,PHL.73.10_1,Sulu,Panglima Estino,0,0,0,218.0631561279297,0,0,327094.73419189453,872252.62451171875,2180631.561279297,0,0,0,0,0,0,0,0,0
1484,PHL.73.11_1,Sulu,Pangutaran,0,0,0,4337.54833984375,0,0,6506322.509765625,17350193.359375,43375483.3984375,0,0,0,10.537392616271973,0,9.718344688415527,0,0.8190479278564453,0
1485,PHL.73.12_1,Sulu,Parang,0,0,0,0,0,0,0,0,0,0,0,0,0,0,0,0,0,0
1486,PHL.73.13_1,Sulu,Pata,0,0,0,496.93890380859375,0,0,745408.3557128906,1987755.615234375,4969389.0380859375,0,0,0,0.6539399027824402,0,0.6539399027824402,0,0,0
1487,PHL.73.14_1,Sulu,Patikul,0,0,0,0,0,0,0,0,0,0,0,0,0,0,0,0,0,0
1488,PHL.73.15_1,Sulu,Siasi,51970.94365625,39108.94290625,12862.00075,135.9219512939453,94.62784066559337,197720.47663710522,203882.92694091797,543687.80517578125,1359219.5129394531,0.9697745642743371,0.3636654616028764,0.14546618464115058,0,0,0,0,0,0
1489,PHL.73.16_1,Sulu,Talipao,0,0,0,1003.9774780273438,0,0,1505966.2170410156,4015909.912109375,10039774.780273438,0,0,0,0.256917804479599,0,0.256917804479599,0,0,0
1490,PHL.73.17_1,Sulu,Tapul,0,0,0,1659.9326171875,0,0,2489898.92578125,6639730.46875,16599326.171875,0,0,0,1.2902896404266357,0,1.2902896404266357,0,0,0
1491,PHL.73.18_1,Sulu,Tongkil,0,0,0,7127.173828125,0,0,10690760.7421875,28508695.3125,71271738.28125,0,0,0,6.530784606933594,0,6.530784606933594,0,0,0
1492,PHL.74.1_1,Surigao del Norte,Alegria,0,0,0,0,0,0,0,0,0,0,0,0,0,0,0,0,0,0
1493,PHL.74.2_1,Surigao del Norte,Bacuag,80.79509970092775,60.81090325927734,19.98419644165041,260.61199951171875,0.07668179699742413,307.20608111087705,390917.9992675781,1042447.998046875,2606119.9951171875,7.858581126641821e-4,2.9469679224906827e-4,1.1787871689962731e-4,0.5002618432044983,0.007379990071058273,0.4709777235984802,0,0.029284119606018066,0.007379990071058273
1494,PHL.74.3_1,Surigao del Norte,Burgos,0,0,0,0,0,0,0,0,0,0,0,0,0,0,0,0,0,0
1495,PHL.74.4_1,Surigao del Norte,Claver,292291.40290625003,165192.43828124998,127098.96462500005,272.356689453125,466.6636420063951,1953822.6092653265,408535.0341796875,1089426.7578125,2723566.89453125,4.782509321846726,1.7934409956925224,0.7173763982770089,4.429795265197754,1.0527162551879883,4.429795265197754,1.0527162551879883,0,0
1496,PHL.74.5_1,Surigao del Norte,Dapa,21024723.523999996,20040756.203999996,983967.3200000003,842.5321044921875,1167.8692298533347,15125989.43875315,1263798.1567382812,3370128.41796875,8425321.044921875,11.968675027815836,4.488253135430939,1.7953012541723754,20.40224266052246,21.853181838989258,20.40224266052246,21.853181838989258,0,0
1497,PHL.74.6_1,Surigao del Norte,Del Carmen,0,0,0,3851.01220703125,0,0,5776518.310546875,15404048.828125,38510122.0703125,0,0,0,4.3769683837890625,0,4.3769683837890625,0,0,0
1498,PHL.74.7_1,Surigao del Norte,General Luna,0,0,0,235.0321502685547,0,0,352548.22540283203,940128.60107421875,2350321.502685547,0,0,0,0,0,0,0,0,0
1499,PHL.74.8_1,Surigao del Norte,Gigaquit,593176.458,336033.57625000004,257142.88174999994,619.7799072265625,414.8938659542581,3952916.3566133967,929669.86083984375,2479119.62890625,6197799.072265625,4.251957090490615,1.5944839089339804,0.6377935635735922,9.493433952331543,2.2547576427459717,8.808717727661133,2.082199811935425,0.6847162246704102,0.17255783081054688
1500,PHL.74.10_1,Surigao del Norte,Mainit,0,0,0,0,0,0,0,0,0,0,0,0,0,0,0,0,0,0
1501,PHL.74.9_1,Surigao del Norte,Mainit Lake,0,0,0,0,0,0,0,0,0,0,0,0,0,0,0,0,0,0
1502,PHL.74.11_1,Surigao del Norte,Malimono,0,0,0,0,0,0,0,0,0,0,0,0,0,0,0,0,0,0
1503,PHL.74.12_1,Surigao del Norte,Pilar,148727.75856249998,104807.78756249999,43919.97099999999,1091.192138671875,40.24953025546573,675157.6032996139,1636788.2080078125,4364768.5546875,10911921.38671875,0.4124892884714571,0.15468348317679642,0.061873393270718564,4.488401412963867,1.1504676342010498,4.488401412963867,1.1504676342010498,0,0
1504,PHL.74.13_1,Surigao del Norte,Placer,0,0,0,0,0,0,0,0,0,0,0,0,0,0,0,0,0,0
1505,PHL.74.14_1,Surigao del Norte,San Benito,0,0,0,1112.3809814453125,0,0,1668571.4721679688,4449523.92578125,11123809.814453125,0,0,0,0,0,0,0,0,0
1506,PHL.74.15_1,Surigao del Norte,San Francisco,0,0,0,0,0,0,0,0,0,0,0,0,0,0,0,0,0,0
1507,PHL.74.16_1,Surigao del Norte,San Isidro,0,0,0,0,0,0,0,0,0,0,0,0,0,0,0,0,0,0
1508,PHL.74.17_1,Surigao del Norte,Santa Monica,0,0,0,34.343692779541016,0,0,51515.53916931152,137374.77111816406,343436.92779541016,0,0,0,0,0,0,0,0,0
1509,PHL.74.18_1,Surigao del Norte,Sison,0,0,0,0,0,0,0,0,0,0,0,0,0,0,0,0,0,0
1510,PHL.74.19_1,Surigao del Norte,Socorro,0,0,0,125.03587341308594,0,0,187553.8101196289,500143.49365234375,1250358.7341308594,0,0,0,0,0,0,0,0,0
1511,PHL.74.20_1,Surigao del Norte,Surigao City,3471011.1855,2750599.0365,720412.1490000002,2161.338134765625,333.3176504925369,11074500.47967392,3242007.2021484375,8645352.5390625,21613381.34765625,3.4159395057281143,1.2809773146480428,0.5123909258592171,80.47796630859375,16.732969284057617,79.7900390625,16.732969284057617,0.68792724609375,0
1512,PHL.74.21_1,Surigao del Norte,Tagana-An,1243899.6557499997,875852.6271249999,368047.0286249998,1776.087646484375,207.22346070787654,5657784.9231275525,2664131.4697265625,7104350.5859375,17760876.46484375,2.1236883342353403,0.7963831253382526,0.31855325013530106,29.493534088134766,3.387666702270508,29.493534088134766,3.387666702270508,0,0
1513,PHL.74.22_1,Surigao del Norte,Tubod,0,0,0,0,0,0,0,0,0,0,0,0,0,0,0,0,0,0
1514,PHL.75.1_1,Surigao del Sur,Barobo,0,0,0,0,0,0,0,0,0,0,0,0,0.7070806622505188,0,0.7070806622505188,0,0,0
1515,PHL.75.2_1,Surigao del Sur,Bayabas,617267.3113749999,557871.731375,59395.57999999996,222.72998046875,266.67079068115584,913055.6447633007,334094.970703125,890919.921875,2227299.8046875,2.73292244669746,1.0248459175115476,0.40993836700461905,5.4989914894104,3.8079075813293457,3.9804818630218506,3.8079075813293457,1.5185096263885498,0
1516,PHL.75.3_1,Surigao del Sur,Bislig City,5503894.276000001,5212678.242,291216.0340000009,1453.6253662109375,200.33774916785688,4476704.220908059,2180438.0493164062,5814501.46484375,14536253.662109375,2.0531214919458773,0.7699205594797041,0.3079682237918816,63.14773178100586,48.60326385498047,62.03519058227539,48.60326385498047,1.1125411987304688,0
1517,PHL.75.4_1,Surigao del Sur,Cagwait,0,0,0,0,0,0,0,0,0,0,0,0,0,0,0,0,0,0
1518,PHL.75.5_1,Surigao del Sur,Cantilan,0,0,0,697.127197265625,0,0,1045690.7958984375,2788508.7890625,6971271.97265625,0,0,0,0,0,0,0,0,0
1519,PHL.75.6_1,Surigao del Sur,Carmen,0,0,0,312.0207824707031,0,0,468031.1737060547,1248083.1298828125,3120207.8247070312,0,0,0,0,0,0,0,0,0
1520,PHL.75.7_1,Surigao del Sur,Carrascal,0,0,0,347.4772033691406,0,0,521215.80505371094,1389908.8134765625,3474772.0336914062,0,0,0,0,0,0,0,0,0
1521,PHL.75.8_1,Surigao del Sur,Cortes,88.9959739074707,60.24857191467284,28.74740199279786,92.76091003417969,0.30990858091199497,441.918029284399,139141.36505126953,371043.64013671875,927609.1003417969,0.003176036321920265,0.0011910136207200993,4.764054482880397e-4,6.604466915130615,0.003282038262113929,6.604466915130615,0.003282038262113929,0,0
1522,PHL.75.9_1,Surigao del Sur,Hinatuan,4267235.2754999995,3601677.7474999996,665557.5279999999,2418.276611328125,275.21976802913116,10231250.504753197,3627414.9169921875,9673106.4453125,24182766.11328125,2.8205349371052475,1.0577006014144679,0.42308024056578714,66.95771789550781,21.769672393798828,66.95771789550781,21.769672393798828,0,0
1523,PHL.75.10_1,Surigao del Sur,Lanuza,0,0,0,199.21946716308594,0,0,298829.2007446289,796877.86865234375,1992194.6716308594,0,0,0,0,0,0,0,0,0
1524,PHL.75.11_1,Surigao del Sur,Lianga,0,0,0,364.38458251953125,0,0,546576.8737792969,1457538.330078125,3643845.8251953125,0,0,0,0,0,0,0,0,0
1525,PHL.75.12_1,Surigao del Sur,Lingig,0,0,0,535.81072998046875,0,0,803716.0949707031,2143242.919921875,5358107.2998046875,0,0,0,5.489109516143799,0,5.489109516143799,0,0,0
1526,PHL.75.13_1,Surigao del Sur,Madrid,0,0,0,53.84292984008789,0,0,80764.39476013184,215371.71936035156,538429.2984008789,0,0,0,0,0,0,0,0,0
1527,PHL.75.14_1,Surigao del Sur,Marihatag,0.442208984375,0.3545812873840332,0.08762769699096679,326.1329345703125,2.6868705273945504e-4,1.3470524805921649,489199.40185546875,1304531.73828125,3261329.345703125,2.7535857065298375e-6,1.0325946399486892e-6,4.1303785597947565e-7,9.839778900146484,0,9.839778900146484,0,0,0
1528,PHL.75.15_1,Surigao del Sur,San Agustin,0.4611886291503906,0.36979993438720704,0.09138869476318356,986.60772705078125,9.262921043236442e-5,1.4048682346577828,1479911.5905761719,3946430.908203125,9866077.2705078125,9.492920006868974e-7,3.5598450025758654e-7,1.423938001030346e-7,1.4161523580551147,0,1.4161523580551147,0,0,0
1529,PHL.75.16_1,Surigao del Sur,San Miguel,0,0,0,0,0,0,0,0,0,0,0,0,0,0,0,0,0,0
1530,PHL.75.17_1,Surigao del Sur,Tagbina,0,0,0,0,0,0,0,0,0,0,0,0,0,0,0,0,0,0
1531,PHL.75.18_1,Surigao del Sur,Tago,1915171.2394999997,1803383.1420000002,111788.09749999945,125.45683288574219,891.0482986750405,1718457.0542071445,188185.24932861328,501827.33154296875,1254568.3288574219,9.131730889312884,3.4243990834923315,1.3697596333969326,24.582393646240234,12.790099143981934,24.582393646240234,12.790099143981934,0,0
1532,PHL.75.19_1,Surigao del Sur,Tandag City,0,0,0,0,0,0,0,0,0,0,0,0,0,0,0,0,0,0
1533,PHL.76.1_1,Tarlac,Anao,0,0,0,0,0,0,0,0,0,0,0,0,0,0,0,0,0,0
1534,PHL.76.2_1,Tarlac,Bamban,0,0,0,0,0,0,0,0,0,0,0,0,0,0,0,0,0,0
1535,PHL.76.3_1,Tarlac,Camiling,0,0,0,0,0,0,0,0,0,0,0,0,0,0,0,0,0,0
1536,PHL.76.4_1,Tarlac,Capas,0,0,0,0,0,0,0,0,0,0,0,0,0,0,0,0,0,0
1537,PHL.76.5_1,Tarlac,Concepcion,0,0,0,0,0,0,0,0,0,0,0,0,0,0,0,0,0,0
1538,PHL.76.6_1,Tarlac,Gerona,0,0,0,0,0,0,0,0,0,0,0,0,0,0,0,0,0,0
1539,PHL.76.7_1,Tarlac,La Paz,0,0,0,0,0,0,0,0,0,0,0,0,0,0,0,0,0,0
1540,PHL.76.8_1,Tarlac,Mayantoc,0,0,0,0,0,0,0,0,0,0,0,0,0,0,0,0,0,0
1541,PHL.76.9_1,Tarlac,Moncada,0,0,0,0,0,0,0,0,0,0,0,0,0,0,0,0,0,0
1542,PHL.76.10_1,Tarlac,Paniqui,0,0,0,0,0,0,0,0,0,0,0,0,0,0,0,0,0,0
1543,PHL.76.11_1,Tarlac,Pura,0,0,0,0,0,0,0,0,0,0,0,0,0,0,0,0,0,0
1544,PHL.76.12_1,Tarlac,Ramos,0,0,0,0,0,0,0,0,0,0,0,0,0,0,0,0,0,0
1545,PHL.76.13_1,Tarlac,San Clemente,0,0,0,0,0,0,0,0,0,0,0,0,0,0,0,0,0,0
1546,PHL.76.14_1,Tarlac,San Jose,0,0,0,0,0,0,0,0,0,0,0,0,0,0,0,0,0,0
1547,PHL.76.15_1,Tarlac,San Manuel,0,0,0,0,0,0,0,0,0,0,0,0,0,0,0,0,0,0
1548,PHL.76.16_1,Tarlac,Santa Ignacia,0,0,0,0,0,0,0,0,0,0,0,0,0,0,0,0,0,0
1549,PHL.76.17_1,Tarlac,Tarlac City,0,0,0,0,0,0,0,0,0,0,0,0,0,0,0,0,0,0
1550,PHL.76.18_1,Tarlac,Victoria,0,0,0,0,0,0,0,0,0,0,0,0,0,0,0,0,0,0
1551,PHL.77.1_1,Tawi-Tawi,Bongao,0,0,0,287.0452880859375,0,0,430567.93212890625,1148181.15234375,2870452.880859375,0,0,0,0,0,0,0,0,0
1552,PHL.77.2_1,Tawi-Tawi,Languyan,214.38331835937498,171.90357055664063,42.47974780273435,1610.3404541015625,0.02637935828696209,653.0178427318673,2415510.6811523438,6441361.81640625,16103404.541015625,2.703435955912803e-4,1.0137884834673012e-4,4.0551539338692046e-5,6.919493198394775,0,6.919493198394775,0,0,0
1553,PHL.77.3_1,Tawi-Tawi,Mapun,0,0,0,0,0,0,0,0,0,0,0,0,0,0,0,0,0,0
1554,PHL.77.4_1,Tawi-Tawi,Panglima Sugala,0,0,0,1658.988037109375,0,0,2488482.0556640625,6635952.1484375,16589880.37109375,0,0,0,0.0929546058177948,0,0.0929546058177948,0,0,0
1555,PHL.77.5_1,Tawi-Tawi,Sapa-Sapa,0,0,0,585.55169677734375,0,0,878327.5451660156,2342206.787109375,5855516.9677734375,0,0,0,0.18703880906105042,0,0,0,0.18703880906105042,0
1556,PHL.77.6_1,Tawi-Tawi,Sibutu,0,0,0,0,0,0,0,0,0,0,0,0,0,0,0,0,0,0
1557,PHL.77.7_1,Tawi-Tawi,Simunul,0,0,0,0,0,0,0,0,0,0,0,0,0,0,0,0,0,0
1558,PHL.77.8_1,Tawi-Tawi,Sitangkai,1769.277109619141,1769.277109619141,0,0,0,0,0,0,0,0,0,0,0.38189905881881714,0,0.38189905881881714,0,0,0
1559,PHL.77.9_1,Tawi-Tawi,South Ubian,0,0,0,0,0,0,0,0,0,0,0,0,0.1836385577917099,0,0.1836385577917099,0,0,0
1560,PHL.77.10_1,Tawi-Tawi,Tandubas,0,0,0,3212.47119140625,0,0,4818706.787109375,12849884.765625,32124711.9140625,0,0,0,0.5140898823738098,0,0.4017186164855957,0,0.11237126588821411,0
1561,PHL.77.11_1,Tawi-Tawi,Turtle Islands,0,0,0,0,0,0,0,0,0,0,0,0,0,0,0,0,0,0
1562,PHL.78.1_1,Zambales,Botolan,242961.3615,242961.3615,0,0,0,0,0,0,0,0,0,0,2.5866453647613525,2.702514410018921,2.5866453647613525,2.702514410018921,0,0
1563,PHL.78.2_1,Zambales,Cabangan,160900.80928125,160900.80928125,0,0,0,0,0,0,0,0,0,0,5.742852687835693,9.784159660339355,5.742852687835693,9.784159660339355,0,0
1564,PHL.78.3_1,Zambales,Candelaria,6302.2874609375,6302.2874609375,0,0,0,0,0,0,0,0,0,0,0,0,0,0,0,0
1565,PHL.78.4_1,Zambales,Castillejos,0,0,0,0,0,0,0,0,0,0,0,0,0,0,0,0,0,0
1566,PHL.78.5_1,Zambales,Iba,0,0,0,119.7120590209961,0,0,179568.08853149414,478848.2360839844,1197120.590209961,0,0,0,0,0,0,0,0,0
1567,PHL.78.6_1,Zambales,Masinloc,0,0,0,86.22265625,0,0,129333.984375,344890.625,862226.5625,0,0,0,0,0,0,0,0,0
1568,PHL.78.7_1,Zambales,Olongapo City,0,0,0,120.11715698242188,0,0,180175.7354736328,480468.6279296875,1201171.5698242188,0,0,0,0,0,0,0,0,0
1569,PHL.78.8_1,Zambales,Palauig,0,0,0,119.57791137695312,0,0,179366.8670654297,478311.6455078125,1195779.1137695312,0,0,0,0,0,0,0,0,0
1570,PHL.78.9_1,Zambales,San Antonio,0,0,0,0,0,0,0,0,0,0,0,0,0.19735583662986755,0,0.19735583662986755,0,0,0
1571,PHL.78.10_1,Zambales,San Felipe,0,0,0,0,0,0,0,0,0,0,0,0,0,0,0,0,0,0
1572,PHL.78.11_1,Zambales,San Marcelino,0,0,0,0,0,0,0,0,0,0,0,0,0,0,0,0,0,0
1573,PHL.78.12_1,Zambales,San Narciso,721950.702125,721950.702125,0,0,0,0,0,0,0,0,0,0,6.840646743774414,18.57065200805664,6.840646743774414,18.57065200805664,0,0
1574,PHL.78.13_1,Zambales,Santa Cruz,368321.03412499995,368321.03412499995,0,0,0,0,0,0,0,0,0,0,15.051058769226074,8.039129257202148,15.051058769226074,8.039129257202148,0,0
1575,PHL.78.14_1,Zambales,Subic,0,0,0,0,0,0,0,0,0,0,0,0,0,0,0,0,0,0
1576,PHL.79.1_1,Zamboanga del Norte,Bacungan,0,0,0,0,0,0,0,0,0,0,0,0,0,0,0,0,0,0
1577,PHL.79.2_1,Zamboanga del Norte,Baliguian,0,0,0,0,0,0,0,0,0,0,0,0,0,0,0,0,0,0
1578,PHL.79.3_1,Zamboanga del Norte,Dapitan City,5471844.5370000005,3881969.4489999996,1589875.088000001,377.0732116699219,4216.356502651077,24440276.929141045,565609.8175048828,1508292.8466796875,3770732.1166992188,43.21048923258843,16.20393346222066,6.481573384888264,40.41447830200195,38.70120620727539,40.41447830200195,38.70120620727539,0,0
1579,PHL.79.4_1,Zamboanga del Norte,Dipolog City,394521.67624999996,344149.58800000005,50372.08824999991,274.46331787109375,183.52940072544777,774342.4597449437,411694.9768066406,1097853.271484375,2744633.1787109375,1.8808644830967332,0.7053241811612749,0.28212967246451,11.113847732543945,10.434048652648926,0,10.432802200317383,11.113847732543945,0.0012464523315429688
1580,PHL.79.5_1,Zamboanga del Norte,Godod,0,0,0,0,0,0,0,0,0,0,0,0,0,0,0,0,0,0
1581,PHL.79.6_1,Zamboanga del Norte,Gutalac,0,0,0,41.964351654052734,0,0,62946.5274810791,167857.40661621094,419643.51654052734,0,0,0,0,0,0,0,0,0
1582,PHL.79.7_1,Zamboanga del Norte,Jose Dalman,0,0,0,52.59382629394531,0,0,78890.73944091797,210375.30517578125,525938.2629394531,0,0,0,0,0,0,0,0,0
1583,PHL.79.8_1,Zamboanga del Norte,Kalawit,0,0,0,0,0,0,0,0,0,0,0,0,0,0,0,0,0,0
1584,PHL.79.9_1,Zamboanga del Norte,Katipunan,2.5238302431106567,1.926815909385681,0.5970143337249758,0,597014333.7249758,9.177573607534272,0,0,0,9177573607.534271,9177573607.534271,9177573607.534271,1.7827394008636475,2.0001355733256787e-4,0,0,1.7827394008636475,2.0001355733256787e-4
1585,PHL.79.10_1,Zamboanga del Norte,La Libertad,0,0,0,0,0,0,0,0,0,0,0,0,0,0,0,0,0,0
1586,PHL.79.11_1,Zamboanga del Norte,Labason,49561.86953124999,45561.6659375,4000.2035937499895,63.48374557495117,63.01146155636338,61492.933842482416,95225.61836242676,253934.9822998047,634837.4557495117,0.6457604046050042,0.24216015172687655,0.09686406069075063,9.422149658203125,1.3968309164047241,9.422149658203125,1.3968309164047241,0,0
1587,PHL.79.12_1,Zamboanga del Norte,Liloy,0,0,0,172.50697326660156,0,0,258760.45989990234,690027.89306640625,1725069.7326660156,0,0,0,0,0,0,0,0,0
1588,PHL.79.13_1,Zamboanga del Norte,Manukan,0,0,0,0,0,0,0,0,0,0,0,0,0,0,0,0,0,0
1589,PHL.79.14_1,Zamboanga del Norte,Mutia,0,0,0,0,0,0,0,0,0,0,0,0,0,0,0,0,0,0
1590,PHL.79.15_1,Zamboanga del Norte,Pinan,0,0,0,0,0,0,0,0,0,0,0,0,0,0,0,0,0,0
1591,PHL.79.16_1,Zamboanga del Norte,Polanco,0,0,0,0,0,0,0,0,0,0,0,0,0,0,0,0,0,0
1592,PHL.79.17_1,Zamboanga del Norte,Pres. Manuel A. Roxas,0,0,0,0,0,0,0,0,0,0,0,0,0,0,0,0,0,0
1593,PHL.79.18_1,Zamboanga del Norte,Rizal,0,0,0,0,0,0,0,0,0,0,0,0,0,0,0,0,0,0
1594,PHL.79.19_1,Zamboanga del Norte,Salug,0,0,0,0.22983688116073608,0,0,344.7553217411041,919.3475246429443,2298.368811607361,0,0,0,0,0,0,0,0,0
1595,PHL.79.20_1,Zamboanga del Norte,Sergio Osmena Sr.,0,0,0,0,0,0,0,0,0,0,0,0,0,0,0,0,0,0
1596,PHL.79.21_1,Zamboanga del Norte,Siayan,0,0,0,0,0,0,0,0,0,0,0,0,0,0,0,0,0,0
1597,PHL.79.22_1,Zamboanga del Norte,Sibuco,0,0,0,0,0,0,0,0,0,0,0,0,0,0,0,0,0,0
1598,PHL.79.23_1,Zamboanga del Norte,Sibutad,0,0,0,77.717803955078125,0,0,116576.70593261719,310871.2158203125,777178.03955078125,0,0,0,0,0,0,0,0,0
1599,PHL.79.24_1,Zamboanga del Norte,Sindangan,0,0,0,0,0,0,0,0,0,0,0,0,0,0,0,0,0,0
1600,PHL.79.25_1,Zamboanga del Norte,Siocon,14838.465234375,14838.465234375,0,0,0,0,0,0,0,0,0,0,3.977006435394287,1.459236979484558,3.977006435394287,1.459236979484558,0,0
1601,PHL.79.26_1,Zamboanga del Norte,Sirawai,0,0,0,0,0,0,0,0,0,0,0,0,3.385760545730591,0,3.385760545730591,0,0,0
1602,PHL.79.27_1,Zamboanga del Norte,Tampilisan,0,0,0,0,0,0,0,0,0,0,0,0,0,0,0,0,0,0
1603,PHL.80.1_1,Zamboanga del Sur,Aurora,0,0,0,658.14215087890625,0,0,987213.2263183594,2632568.603515625,6581421.5087890625,0,0,0,17.94532585144043,0,15.511211395263672,0,2.434114456176758,0
1604,PHL.80.2_1,Zamboanga del Sur,Bayog,0,0,0,0,0,0,0,0,0,0,0,0,0,0,0,0,0,0
1605,PHL.80.3_1,Zamboanga del Sur,Dimataling,0,0,0,333.6390075683594,0,0,500458.51135253906,1334556.0302734375,3336390.0756835938,0,0,0,5.225892066955566,0,5.225892066955566,0,0,0
1606,PHL.80.4_1,Zamboanga del Sur,Dinas,5600.487994140624,3764.6016181640625,1835.8863759765618,1631.3353271484375,1.1253887201631796,28222.073405621093,2447002.9907226562,6525341.30859375,16313353.271484375,0.011533321991276548,0.004324995746728706,0.001729998298691482,13.207906723022461,0.01865551993250847,11.679945945739746,0.01865551993250847,1.5279607772827148,0
1607,PHL.80.5_1,Zamboanga del Sur,Dumalinao,0,0,0,0,0,0,0,0,0,0,0,0,6.957136631011963,0,6.957136631011963,0,0,0
1608,PHL.80.6_1,Zamboanga del Sur,Dumingag,0,0,0,0,0,0,0,0,0,0,0,0,0,0,0,0,0,0
1609,PHL.80.7_1,Zamboanga del Sur,Guipos,0,0,0,0,0,0,0,0,0,0,0,0,0,0,0,0,0,0
1610,PHL.80.8_1,Zamboanga del Sur,Josefina,0,0,0,0,0,0,0,0,0,0,0,0,0,0,0,0,0,0
1611,PHL.80.9_1,Zamboanga del Sur,Kumalarang,0,0,0,488.10589599609375,0,0,732158.8439941406,1952423.583984375,4881058.9599609375,0,0,0,12.815986633300781,0,12.815986633300781,0,0,0
1612,PHL.80.10_1,Zamboanga del Sur,Labangan,626465.9835,626141.3615,324.6219999999739,0,324621999999.9739,4990.235797248357,0,0,0,4990235797248.356,4990235797248.356,4990235797248.356,40.357208251953125,5.211913108825684,40.357208251953125,5.211913108825684,0,0
1613,PHL.80.12_1,Zamboanga del Sur,Lakewood,0,0,0,0,0,0,0,0,0,0,0,0,0,0,0,0,0,0
1614,PHL.80.11_1,Zamboanga del Sur,Lakewood Lake,0,0,0,0,0,0,0,0,0,0,0,0,0,0,0,0,0,0
1615,PHL.80.13_1,Zamboanga del Sur,Lapuyan,0,0,0,327.16424560546875,0,0,490746.3684082031,1308656.982421875,3271642.4560546875,0,0,0,0.4519817531108856,0,0.4519817531108856,0,0,0
1616,PHL.80.14_1,Zamboanga del Sur,Mahayag,0,0,0,0,0,0,0,0,0,0,0,0,0,0,0,0,0,0
1617,PHL.80.15_1,Zamboanga del Sur,Margosatubig,0,0,0,67.6042709350586,0,0,101406.40640258789,270417.0837402344,676042.7093505859,0,0,0,1.0832265615463257,0,1.0832265615463257,0,0,0
1618,PHL.80.16_1,Zamboanga del Sur,Midsalip,0,0,0,0,0,0,0,0,0,0,0,0,0,0,0,0,0,0
1619,PHL.80.17_1,Zamboanga del Sur,Molave,0,0,0,0,0,0,0,0,0,0,0,0,0,0,0,0,0,0
1620,PHL.80.18_1,Zamboanga del Sur,Pagadian City,13659453.940000001,13659453.940000001,0,0,0,0,0,0,0,0,0,0,68.12608337402344,31.904829025268555,68.12608337402344,31.904829025268555,0,0
1621,PHL.80.19_1,Zamboanga del Sur,Pitogo,7808.4978613281255,7700.969674804687,107.52818652343831,122.7098617553711,0.8762799092529474,1652.9717813410778,184064.79263305664,490839.4470214844,1227098.617553711,0.008980379993888177,0.0033676424977080663,0.0013470569990832266,14.678404808044434,0.11524026840925217,10.91495132446289,0.11524026840925217,3.763453483581543,0
1622,PHL.80.20_1,Zamboanga del Sur,Ramon Magsaysay,0,0,0,0,0,0,0,0,0,0,0,0,0,0,0,0,0,0
1623,PHL.80.21_1,Zamboanga del Sur,San Miguel,0,0,0,0,0,0,0,0,0,0,0,0,0,0,0,0,0,0
1624,PHL.80.22_1,Zamboanga del Sur,San Pablo,0,0,0,76.7628173828125,0,0,115144.22607421875,307051.26953125,767628.173828125,0,0,0,1.8900686502456665,0,1.8900686502456665,0,0,0
1625,PHL.80.23_1,Zamboanga del Sur,Sominot,0,0,0,0,0,0,0,0,0,0,0,0,0,0,0,0,0,0
1626,PHL.80.24_1,Zamboanga del Sur,Tabina,0,0,0,0,0,0,0,0,0,0,0,0,0,0,0,0,0,0
1627,PHL.80.25_1,Zamboanga del Sur,Tambulig,0,0,0,1033.7506103515625,0,0,1550625.9155273438,4135002.44140625,10337506.103515625,0,0,0,15.62999439239502,0,15.62999439239502,0,0,0
1628,PHL.80.26_1,Zamboanga del Sur,Tigbao,0,0,0,0,0,0,0,0,0,0,0,0,0,0,0,0,0,0
1629,PHL.80.27_1,Zamboanga del Sur,Tukuran,0,0,0,92.3778305053711,0,0,138566.74575805664,369511.3220214844,923778.3050537109,0,0,0,11.379326820373535,0,11.379326820373535,0,0,0
1630,PHL.80.28_1,Zamboanga del Sur,Vincenzo A. Sagun,0,0,0,113.86817169189453,0,0,170802.2575378418,455472.6867675781,1138681.7169189453,0,0,0,28.58836555480957,0,28.58836555480957,0,0,0
1631,PHL.80.29_1,Zamboanga del Sur,Zamboanga City,103962322.28799999,88452362.896,15509959.39199999,3543.124267578125,4377.481064925138,238426091.18246123,5314686.4013671875,14172497.0703125,35431242.67578125,44.86174219444572,16.823153322917143,6.7292613291668575,808.8739013671875,594.44085693359375,808.8739013671875,594.44085693359375,0,0
1632,PHL.81.1_1,Zamboanga Sibugay,Alicia,0,0,0,1331.705810546875,0,0,1997558.7158203125,5326823.2421875,13317058.10546875,0,0,0,9.626079559326172,0,9.626079559326172,0,0,0
1633,PHL.81.2_1,Zamboanga Sibugay,Buug,0,0,0,0,0,0,0,0,0,0,0,0,0,0,0,0,0,0
1634,PHL.81.3_1,Zamboanga Sibugay,Diplahan,0,0,0,0,0,0,0,0,0,0,0,0,0,0,0,0,0,0
1635,PHL.81.4_1,Zamboanga Sibugay,Imelda,0,0,0,0,0,0,0,0,0,0,0,0,0,0,0,0,0,0
1636,PHL.81.5_1,Zamboanga Sibugay,Ipil,10342.89981640625,8903.642972656251,1439.2568437499995,289.9848937988281,4.963213169126177,22124.90534565282,434977.3406982422,1159939.5751953125,2899848.9379882812,0.050864500918914715,0.01907418784459302,0.007629675137837208,40.237220764160156,0,40.237220764160156,0,0,0
1637,PHL.81.6_1,Zamboanga Sibugay,Kabasalan,509094.35775,336294.096375,172800.261375,626.19110107421875,275.95451464986405,2656363.5554197403,939286.6516113281,2504764.404296875,6261911.0107421875,2.828064841401504,1.060524315525564,0.42420972621022557,35.01192092895508,6.923834800720215,32.086666107177734,6.923834800720215,2.9252548217773438,0
1638,PHL.81.7_1,Zamboanga Sibugay,Mabuhay,0,0,0,1410.8994140625,0,0,2116349.12109375,5643597.65625,14108994.140625,0,0,0,16.93352699279785,0,12.528926849365234,0,4.404600143432617,0
1639,PHL.81.8_1,Zamboanga Sibugay,Malangas,1853.8040676269534,1385.7219526367187,468.0821149902347,363.3079528808594,1.2883893987967123,7195.56938924712,544961.9293212891,1453231.8115234375,3633079.5288085938,0.01320380195770498,0.004951425734139368,0.001980570293655747,3.1150598526000977,0.029752666130661964,3.1150598526000977,0.029752666130661964,0,0
1640,PHL.81.9_1,Zamboanga Sibugay,Naga,834.0325859374999,622.5126103515623,211.51997558593757,782.74981689453125,0.2702267966348666,3251.580465902277,1174124.7253417969,3130999.267578125,7827498.1689453125,0.002769365464947275,0.0010385120493552281,4.154048197420913e-4,9.660839080810547,0.029271434992551804,9.660839080810547,0.029271434992551804,0,0
1641,PHL.81.10_1,Zamboanga Sibugay,Olutanga,0,0,0,1147.572509765625,0,0,1721358.7646484375,4590290.0390625,11475725.09765625,0,0,0,14.344701766967773,0,14.344701766967773,0,0,0
1642,PHL.81.11_1,Zamboanga Sibugay,Payao,0,0,0,3117.759765625,0,0,4676639.6484375,12471039.0625,31177597.65625,0,0,0,36.81675338745117,0,36.81675338745117,0,0,0
1643,PHL.81.12_1,Zamboanga Sibugay,Roseller Lim,1016935.62175,853613.0559999999,163322.56575000018,288.1543273925781,566.7885234549728,2510668.1435767286,432231.4910888672,1152617.3095703125,2881543.2739257812,5.808619212940533,2.1782322048526996,0.8712928819410799,21.101818084716797,12.142794609069824,19.639493942260742,12.142794609069824,1.4623241424560547,0
1644,PHL.81.13_1,Zamboanga Sibugay,Siay,189.40325537109373,123.11211706542969,66.29113830566405,2043.013427734375,0.03244772521107628,1019.057277120137,3064520.1416015625,8172053.7109375,20430134.27734375,3.325340444940143e-4,1.2470026668525536e-4,4.9880106674102145e-5,32.87238311767578,0,32.87238311767578,0,0,0
1645,PHL.81.14_1,Zamboanga Sibugay,Talusan,0,0,0,418.1918640136719,0,0,627287.7960205078,1672767.4560546875,4181918.6401367188,0,0,0,12.666404724121094,0,10.973733901977539,0,1.6926708221435547,0
1646,PHL.81.15_1,Zamboanga Sibugay,Titay,0,0,0,0,0,0,0,0,0,0,0,0,0,0,0,0,0,0
1647,PHL.81.16_1,Zamboanga Sibugay,Tungawan,362776.72662499995,275100.79618750006,87675.93043749989,1119.551513671875,78.31344012920204,1347793.9468868528,1679327.2705078125,4478206.0546875,11195515.13671875,0.8025796820885859,0.3009673807832197,0.12038695231328789,6.870656490325928,3.958674192428589,6.870656490325928,3.958674192428589,0,0
