poly_id,GID_2,NAME_1,NAME_2,EAD_nomang_usd,EAD_with_usd,EAD_avoided_usd,mangrove_ha,NPV_benefits_usd,NPV_cost_low,NPV_cost_mid,NPV_cost_high,BCR_low,BCR_mid,BCR_high,pop_exposed_nomang,ntl_exposed_nomang,pop_exposed_with,ntl_exposed_with,pop_avoided,ntl_avoided
1,PHL.1.1_1,Abra,Bangued,0,0,0,0,0,0,0,0,NA,NA,NA,0,0,0,0,0,0
2,PHL.1.2_1,Abra,Boliney,0,0,0,0,0,0,0,0,NA,NA,NA,0,0,0,0,0,0
3,PHL.1.3_1,Abra,Bucay,0,0,0,0,0,0,0,0,NA,NA,NA,0,0,0,0,0,0
4,PHL.1.4_1,Abra,Bucloc,0,0,0,0,0,0,0,0,NA,NA,NA,0,0,0,0,0,0
5,PHL.1.5_1,Abra,Daguioman,0,0,0,0,0,0,0,0,NA,NA,NA,0,0,0,0,0,0
6,PHL.1.6_1,Abra,Danglas,0,0,0,0,0,0,0,0,NA,NA,NA,0,0,0,0,0,0
7,PHL.1.7_1,Abra,Dolores,0,0,0,0,0,0,0,0,NA,NA,NA,0,0,0,0,0,0
8,PHL.1.8_1,Abra,La Paz,0,0,0,0,0,0,0,0,NA,NA,NA,0,0,0,0,0,0
9,PHL.1.9_1,Abra,Lacub,0,0,0,0,0,0,0,0,NA,NA,NA,0,0,0,0,0,0
10,PHL.1.10_1,Abra,Lagangilang,0,0,0,0,0,0,0,0,NA,NA,NA,0,0,0,0,0,0
11,PHL.1.11_1,Abra,Lagayan,0,0,0,0,0,0,0,0,NA,NA,NA,0,0,0,0,0,0
12,PHL.1.12_1,Abra,Langiden,0,0,0,0,0,0,0,0,NA,NA,NA,0,0,0,0,0,0
13,PHL.1.13_1,Abra,Licuan-Baay,0,0,0,0,0,0,0,0,NA,NA,NA,0,0,0,0,0,0
14,PHL.1.14_1,Abra,Luba,0,0,0,0,0,0,0,0,NA,NA,NA,0,0,0,0,0,0
15,PHL.1.15_1,Abra,Malibcong,0,0,0,0,0,0,0,0,NA,NA,NA,0,0,0,0,0,0
16,PHL.1.16_1,Abra,Manabo,0,0,0,0,0,0,0,0,NA,NA,NA,0,0,0,0,0,0
17,PHL.1.17_1,Abra,Peñarrubia,0,0,0,0,0,0,0,0,NA,NA,NA,0,0,0,0,0,0
18,PHL.1.18_1,Abra,Pidigan,0,0,0,0,0,0,0,0,NA,NA,NA,0,0,0,0,0,0
19,PHL.1.19_1,Abra,Pilar,0,0,0,0,0,0,0,0,NA,NA,NA,0,0,0,0,0,0
20,PHL.1.20_1,Abra,Sallapadan,0,0,0,0,0,0,0,0,NA,NA,NA,0,0,0,0,0,0
21,PHL.1.21_1,Abra,San Isidro,0,0,0,0,0,0,0,0,NA,NA,NA,0,0,0,0,0,0
22,PHL.1.22_1,Abra,San Juan,0,0,0,0,0,0,0,0,NA,NA,NA,0,0,0,0,0,0
23,PHL.1.23_1,Abra,San Quintin,0,0,0,0,0,0,0,0,NA,NA,NA,0,0,0,0,0,0
24,PHL.1.24_1,Abra,Tayum,0,0,0,0,0,0,0,0,NA,NA,NA,0,0,0,0,0,0
25,PHL.1.25_1,Abra,Tineg,0,0,0,0,0,0,0,0,NA,NA,NA,0,0,0,0,0,0
26,PHL.1.26_1,Abra,Tubo,0,0,0,0,0,0,0,0,NA,NA,NA,0,0,0,0,0,0
27,PHL.1.27_1,Abra,Villaviciosa,0,0,0,0,0,0,0,0,NA,NA,NA,0,0,0,0,0,0
28,PHL.2.1_1,Agusan del Norte,Buenavista,2811859.7819999997,2811859.7819999997,0,0,0,0,0,0,NA,NA,NA,0,4.647570610046387,0,4.647570610046387,0,0
29,PHL.2.2_1,Agusan del Norte,Butuan City,2708.82727734375,2685.348984375,23.47829296875034,0,360.9189088569221,0,0,0,NA,NA,NA,0,0,0,0,0,0
30,PHL.2.3_1,Agusan del Norte,Cabadbaran City,0,0,0,194.544189453125,0,291816.2841796875,778176.7578125,1945441.89453125,0,0,0,0,0,0,0,0,0
31,PHL.2.4_1,Agusan del Norte,Carmen,0,0,0,0,0,0,0,0,NA,NA,NA,0,0,0,0,0,0
32,PHL.2.5_1,Agusan del Norte,Jabonga,0,0,0,0,0,0,0,0,NA,NA,NA,0,0,0,0,0,0
33,PHL.2.6_1,Agusan del Norte,Kitcharao,0,0,0,0,0,0,0,0,NA,NA,NA,0,0,0,0,0,0
34,PHL.2.7_1,Agusan del Norte,Las Nieves,0,0,0,0,0,0,0,0,NA,NA,NA,0,0,0,0,0,0
35,PHL.2.8_1,Agusan del Norte,Magallanes,537117.98975,473312.07224999997,63805.91749999998,432.62921142578125,980853.3419940758,648943.8171386719,1730516.845703125,4326292.1142578125,1.511461109713414,0.5667979161425303,0.2267191664570121,42.21872329711914,4.971495628356934,42.21872329711914,4.971495628356934,0,0
36,PHL.2.9_1,Agusan del Norte,Mainit Lake,0,0,0,0,0,0,0,0,NA,NA,NA,0,0,0,0,0,0
37,PHL.2.10_1,Agusan del Norte,Nasipit,0,0,0,0,0,0,0,0,NA,NA,NA,0,0,0,0,0,0
38,PHL.2.11_1,Agusan del Norte,Remedios T. Romualdez,0,0,0,0,0,0,0,0,NA,NA,NA,0,0,0,0,0,0
39,PHL.2.12_1,Agusan del Norte,Santiago,0,0,0,0,0,0,0,0,NA,NA,NA,0,0,0,0,0,0
40,PHL.2.13_1,Agusan del Norte,Tubay,0,0,0,0,0,0,0,0,NA,NA,NA,0,0,0,0,0,0
41,PHL.3.1_1,Agusan del Sur,Bayugan City,0,0,0,0,0,0,0,0,NA,NA,NA,0,0,0,0,0,0
42,PHL.3.2_1,Agusan del Sur,Bunawan,0,0,0,0,0,0,0,0,NA,NA,NA,0,0,0,0,0,0
43,PHL.3.3_1,Agusan del Sur,Esperanza,0,0,0,0,0,0,0,0,NA,NA,NA,0,0,0,0,0,0
44,PHL.3.4_1,Agusan del Sur,La Paz,0,0,0,0,0,0,0,0,NA,NA,NA,0,0,0,0,0,0
45,PHL.3.5_1,Agusan del Sur,Loreto,0,0,0,0,0,0,0,0,NA,NA,NA,0,0,0,0,0,0
46,PHL.3.6_1,Agusan del Sur,Prosperidad,0,0,0,0,0,0,0,0,NA,NA,NA,0,0,0,0,0,0
47,PHL.3.7_1,Agusan del Sur,Rosario,0,0,0,0,0,0,0,0,NA,NA,NA,0,0,0,0,0,0
48,PHL.3.8_1,Agusan del Sur,San Francisco,0,0,0,0,0,0,0,0,NA,NA,NA,0,0,0,0,0,0
49,PHL.3.9_1,Agusan del Sur,San Luis,0,0,0,0,0,0,0,0,NA,NA,NA,0,0,0,0,0,0
50,PHL.3.10_1,Agusan del Sur,Santa Josefa,0,0,0,0,0,0,0,0,NA,NA,NA,0,0,0,0,0,0
51,PHL.3.11_1,Agusan del Sur,Sibagat,0,0,0,0,0,0,0,0,NA,NA,NA,0,0,0,0,0,0
52,PHL.3.12_1,Agusan del Sur,Talacogon,0,0,0,0,0,0,0,0,NA,NA,NA,0,0,0,0,0,0
53,PHL.3.13_1,Agusan del Sur,Trento,0,0,0,0,0,0,0,0,NA,NA,NA,0,0,0,0,0,0
54,PHL.3.14_1,Agusan del Sur,Veruela,0,0,0,0,0,0,0,0,NA,NA,NA,0,0,0,0,0,0
55,PHL.4.1_1,Aklan,Altavas,367907.93825000006,367907.93825000006,0,0,0,0,0,0,NA,NA,NA,2.3314507007598877,0.37825581431388855,2.3314507007598877,0.37825581431388855,0,0
56,PHL.4.2_1,Aklan,Balete,0,0,0,0,0,0,0,0,NA,NA,NA,0.49555543065071106,0,0.49555543065071106,0,0,0
57,PHL.4.3_1,Aklan,Banga,0,0,0,0,0,0,0,0,NA,NA,NA,0,0,0,0,0,0
58,PHL.4.4_1,Aklan,Batan,1506.2065595703125,1506.2065595703125,0,84.94524383544922,0,127417.86575317383,339780.9753417969,849452.4383544922,0,0,0,18.8080997467041,0,18.8080997467041,0,0,0
59,PHL.4.5_1,Aklan,Buruanga,0,0,0,0,0,0,0,0,NA,NA,NA,0,0,0,0,0,0
60,PHL.4.6_1,Aklan,Ibajay,3818947.623,3673273.1929999995,145674.43000000063,123.25585174560547,2239373.0410440806,184883.7776184082,493023.4069824219,1232558.5174560547,12.112328457859865,4.54212317169745,1.81684926867898,51.488590240478516,10.802248001098633,51.488590240478516,10.802248001098633,0,0
61,PHL.4.7_1,Aklan,Kalibo,4851328.314,4749759.674000001,101568.63999999966,103.36384582519531,1561358.9442670874,155045.76873779297,413455.38330078125,1033638.4582519531,10.070309928338602,3.776366223126976,1.5105464892507903,21.563365936279297,15.465787887573242,21.563365936279297,15.465787887573242,0,0
62,PHL.4.8_1,Aklan,Lezo,0,0,0,0,0,0,0,0,NA,NA,NA,0,0,0,0,0,0
63,PHL.4.9_1,Aklan,Libacao,0,0,0,0,0,0,0,0,NA,NA,NA,0,0,0,0,0,0
64,PHL.4.10_1,Aklan,Madalag,0,0,0,0,0,0,0,0,NA,NA,NA,0,0,0,0,0,0
65,PHL.4.11_1,Aklan,Makato,579534.7226249999,579496.3725000002,38.350124999764375,0,589.5354184337127,0,0,0,NA,NA,NA,22.991207122802734,3.0191354751586914,22.991207122802734,3.0191354751586914,0,0
66,PHL.4.12_1,Aklan,Malay,0,0,0,0,0,0,0,0,NA,NA,NA,0,0,0,0,0,0
67,PHL.4.13_1,Aklan,Malinao,0,0,0,0,0,0,0,0,NA,NA,NA,0,0,0,0,0,0
68,PHL.4.14_1,Aklan,Nabas,1120992.2592500001,899038.564125,221953.6951250001,89.49565124511719,3411972.308544746,134243.47686767578,357982.60498046875,894956.5124511719,25.416298714521062,9.531112017945398,3.8124448071781596,11.829557418823242,4.281950950622559,11.829557418823242,4.281950950622559,0,0
69,PHL.4.15_1,Aklan,New Washington,3110806.3745000004,3104764.5015,6041.8730000006035,161.91026306152344,92878.39680315492,242865.39459228516,647641.05224609375,1619102.6306152344,0.38242746340653544,0.1434102987774508,0.05736411951098031,62.06100845336914,16.752975463867188,62.06100845336914,16.752975463867188,0,0
70,PHL.4.16_1,Aklan,Numancia,529071.0676249999,525825.1037499999,3245.963875000016,0,49898.42070346856,0,0,0,NA,NA,NA,28.517349243164062,2.214259624481201,28.517349243164062,2.214259624481201,0,0
71,PHL.4.17_1,Aklan,Tangalan,253.67111376953125,253.67111376953125,0,0,0,0,0,0,NA,NA,NA,2.221675395965576,0,2.221675395965576,0,0,0
72,PHL.5.1_1,Albay,Bacacay,1271922.7412500002,1271922.7412500002,0,164.96511840820312,0,247447.6776123047,659860.4736328125,1649651.1840820312,0,0,0,20.119972229003906,12.77717399597168,20.119972229003906,12.77717399597168,0,0
73,PHL.5.2_1,Albay,Bato Lake,0,0,0,0,0,0,0,0,NA,NA,NA,0,0,0,0,0,0
74,PHL.5.3_1,Albay,Camalig,0,0,0,0,0,0,0,0,NA,NA,NA,0,0,0,0,0,0
75,PHL.5.4_1,Albay,Daraga,0,0,0,0,0,0,0,0,NA,NA,NA,0,0,0,0,0,0
76,PHL.5.5_1,Albay,Guinobatan,0,0,0,0,0,0,0,0,NA,NA,NA,0,0,0,0,0,0
77,PHL.5.6_1,Albay,Jovellar,0,0,0,0,0,0,0,0,NA,NA,NA,0,0,0,0,0,0
78,PHL.5.7_1,Albay,Legazpi City,0,0,0,0,0,0,0,0,NA,NA,NA,0,0,0,0,0,0
79,PHL.5.8_1,Albay,Libon,101492.58196875002,101492.58196875002,0,0,0,0,0,0,NA,NA,NA,2.248544454574585,0.3391042947769165,2.248544454574585,0.3391042947769165,0,0
80,PHL.5.9_1,Albay,Ligao City,0,0,0,0,0,0,0,0,NA,NA,NA,0.27830156683921814,0,0.27830156683921814,0,0,0
81,PHL.5.10_1,Albay,Malilipot,279534.819125,279506.815375,28.00374999997439,0,430.48627544367633,0,0,0,NA,NA,NA,0,0,0,0,0,0
82,PHL.5.11_1,Albay,Malinao,2544530.413999999,2256253.807,288276.6069999989,95.89026641845703,4431518.023303431,143835.39962768555,383561.0656738281,958902.6641845703,30.809647936282087,11.553617976105784,4.621447190442313,49.35060119628906,18.46590232849121,49.35060119628906,18.46590232849121,0,0
83,PHL.5.12_1,Albay,Manito,44357.2461171875,35371.492453125,8985.753664062497,163.8086395263672,138133.05814043368,245712.95928955078,655234.55810546875,1638086.3952636719,0.5621724574065148,0.21081467152744304,0.08432586861097721,8.189180374145508,0.5993332266807556,8.189180374145508,0.5993332266807556,0,0
84,PHL.5.13_1,Albay,Oas,0,0,0,0,0,0,0,0,NA,NA,NA,7.6017279624938965,0,7.6017279624938965,0,0,0
85,PHL.5.14_1,Albay,Pio Duran,862367.2143749999,792781.0739999999,69586.14037499996,119.12407684326172,1069709.535064481,178686.11526489258,476496.3073730469,1191240.7684326172,5.986528575422293,2.2449482157833596,0.8979792863133439,3.881202220916748,2.5284385681152344,3.881202220916748,2.5284385681152344,0,0
86,PHL.5.15_1,Albay,Polangui,0,0,0,0,0,0,0,0,NA,NA,NA,0,0,0,0,0,0
87,PHL.5.16_1,Albay,Rapu-Rapu,0,0,0,470.30303955078125,0,705454.5593261719,1881212.158203125,4703030.3955078125,0,0,0,0,0,0,0,0,0
88,PHL.5.17_1,Albay,Santo Domingo,0,0,0,0,0,0,0,0,NA,NA,NA,0,0,0,0,0,0
89,PHL.5.18_1,Albay,Tabaco City,2054537.6559999997,1996079.834,58457.821999999695,0,898640.005833229,0,0,0,NA,NA,NA,15.586641311645508,5.663290500640869,15.586641311645508,5.663290500640869,0,0
90,PHL.5.19_1,Albay,Tiwi,0,0,0,0,0,0,0,0,NA,NA,NA,0,0,0,0,0,0
91,PHL.6.1_1,Antique,Anini-Y,0,0,0,0,0,0,0,0,NA,NA,NA,0,0,0,0,0,0
92,PHL.6.2_1,Antique,Barbaza,6728.049421875,6728.049421875,0,0,0,0,0,0,NA,NA,NA,0,0,0,0,0,0
93,PHL.6.3_1,Antique,Belison,21542.050937499997,21542.050937499997,0,0,0,0,0,0,NA,NA,NA,0,0,0,0,0,0
94,PHL.6.4_1,Antique,Bugasong,635.5619879150391,635.5619879150391,0,0,0,0,0,0,NA,NA,NA,3.8629376888275146,0.004616750404238701,3.8629376888275146,0.004616750404238701,0,0
95,PHL.6.5_1,Antique,Caluya,62731098.128,62549613.408,181484.7199999988,509.5337829589844,2789864.9703275245,764300.6744384766,2038135.1318359375,5095337.829589844,3.6502191658763197,1.3688321872036198,0.547532874881448,1.177512288093567,124.23831939697266,1.177512288093567,124.23831939697266,0,0
96,PHL.6.6_1,Antique,Culasi,1475347.2465,1475347.2465,0,0,0,0,0,0,NA,NA,NA,20.007911682128906,8.659537315368652,20.007911682128906,8.659537315368652,0,0
97,PHL.6.7_1,Antique,Hamtic,8700097.548,8564016.885,136080.66300000064,86.96334075927734,2091893.3276732562,130445.01113891602,347853.3630371094,869633.4075927734,16.03659127634645,6.013721728629919,2.4054886914519678,35.19169616699219,28.998872756958008,35.19169616699219,28.998872756958008,0,0
98,PHL.6.8_1,Antique,Laua-An,69037.764734375,69037.764734375,0,0,0,0,0,0,NA,NA,NA,7.2120819091796875,0.5014933347702026,7.2120819091796875,0.5014933347702026,0,0
99,PHL.6.9_1,Antique,Libertad,0,0,0,0,0,0,0,0,NA,NA,NA,11.270821571350098,0,11.270821571350098,0,0,0
100,PHL.6.10_1,Antique,Pandan,2177568.28775,2177568.28775,0,0,0,0,0,0,NA,NA,NA,40.236263275146484,15.358905792236328,40.236263275146484,15.358905792236328,0,0
101,PHL.6.11_1,Antique,Patnongon,99624.011890625,99624.011890625,0,0,0,0,0,0,NA,NA,NA,9.704582214355469,0.24088098108768463,9.704582214355469,0.24088098108768463,0,0
102,PHL.6.12_1,Antique,San Jose,620412.6466249999,619809.53225,603.1143749998882,37.21210861206055,9271.346193294828,55818.16291809082,148848.4344482422,372121.08612060547,0.1660990922775418,0.06228715960407817,0.024914863841631267,0,1.2785440683364868,0,1.2785440683364868,0,0
103,PHL.6.13_1,Antique,San Remigio,0,0,0,0,0,0,0,0,NA,NA,NA,0,0,0,0,0,0
104,PHL.6.14_1,Antique,Sebaste,3032.05603125,3032.05603125,0,0,0,0,0,0,NA,NA,NA,0,0,0,0,0,0
105,PHL.6.15_1,Antique,Sibalom,0,0,0,0,0,0,0,0,NA,NA,NA,0,0,0,0,0,0
106,PHL.6.16_1,Antique,Tibiao,0,0,0,0,0,0,0,0,NA,NA,NA,0,0,0,0,0,0
107,PHL.6.17_1,Antique,Tobias Fornier,196105.87962499997,196105.87962499997,0,0,0,0,0,0,NA,NA,NA,3.6244277954101562,0,3.6244277954101562,0,0,0
108,PHL.6.18_1,Antique,Valderrama,0,0,0,0,0,0,0,0,NA,NA,NA,0,0,0,0,0,0
109,PHL.7.1_1,Apayao,Calanasan,0,0,0,0,0,0,0,0,NA,NA,NA,0,0,0,0,0,0
110,PHL.7.2_1,Apayao,Conner,0,0,0,0,0,0,0,0,NA,NA,NA,0,0,0,0,0,0
111,PHL.7.3_1,Apayao,Flora,0,0,0,0,0,0,0,0,NA,NA,NA,0,0,0,0,0,0
112,PHL.7.4_1,Apayao,Kabugao,0,0,0,0,0,0,0,0,NA,NA,NA,0,0,0,0,0,0
113,PHL.7.5_1,Apayao,Luna,0,0,0,0,0,0,0,0,NA,NA,NA,0,0,0,0,0,0
114,PHL.7.6_1,Apayao,Pudtol,0,0,0,0,0,0,0,0,NA,NA,NA,0,0,0,0,0,0
115,PHL.7.7_1,Apayao,Santa Marcela,0,0,0,0,0,0,0,0,NA,NA,NA,0,0,0,0,0,0
116,PHL.8.1_1,Aurora,Baler,0,0,0,0,0,0,0,0,NA,NA,NA,0,0,0,0,0,0
117,PHL.8.2_1,Aurora,Casiguran,416248.49775000004,401869.97443750006,14378.52331249998,285.5545654296875,221033.145460299,428331.84814453125,1142218.26171875,2855545.654296875,0.5160324790644943,0.1935121796491854,0.07740487185967417,7.8921661376953125,2.0873985290527344,7.8921661376953125,2.0873985290527344,0,0
118,PHL.8.3_1,Aurora,Dilasag,105701.59649999999,84918.0756171875,20783.52088281249,196.16114807128906,319493.6569372316,294241.7221069336,784644.59228515625,1961611.4807128906,1.0858203746548252,0.40718264049555947,0.1628730561982238,4.579244613647461,0.6781864166259766,4.579244613647461,0.6781864166259766,0,0
119,PHL.8.4_1,Aurora,Dinalungan,81586.313453125,81586.313453125,0,0,0,0,0,0,NA,NA,NA,4.248902320861816,1.447520136833191,4.248902320861816,1.447520136833191,0,0
120,PHL.8.5_1,Aurora,Dingalan,0,0,0,0,0,0,0,0,NA,NA,NA,2.3405940532684326,0,2.3405940532684326,0,0,0
121,PHL.8.6_1,Aurora,Dipaculao,0,0,0,0,0,0,0,0,NA,NA,NA,4.184776306152344,0,4.184776306152344,0,0,0
122,PHL.8.7_1,Aurora,Maria Aurora,0,0,0,0,0,0,0,0,NA,NA,NA,0,0,0,0,0,0
123,PHL.8.8_1,Aurora,San Luis,0,0,0,0,0,0,0,0,NA,NA,NA,0,0,0,0,0,0
124,PHL.9.1_1,Basilan,Akbar,0,0,0,0,0,0,0,0,NA,NA,NA,0,0,0,0,0,0
125,PHL.9.2_1,Basilan,Al-Barka,0,0,0,362.49798583984375,0,543746.9787597656,1449991.943359375,3624979.8583984375,0,0,0,2.7080295085906982,0,2.7080295085906982,0,0,0
126,PHL.9.3_1,Basilan,Hadji Mohammad Ajul,0,0,0,167.74237060546875,0,251613.55590820312,670969.482421875,1677423.7060546875,0,0,0,0,0,0,0,0,0
127,PHL.9.4_1,Basilan,Isabela City,336350.9665625,267599.13421875006,68751.83234374993,741.14434814453125,1056884.175712755,1111716.5222167969,2964577.392578125,7411443.4814453125,0.9506777623537478,0.3565041608826554,0.14260166435306215,40.382537841796875,1.7411420345306396,40.382537841796875,1.7411420345306396,0,0
128,PHL.9.5_1,Basilan,Lamitan City,0,0,0,13.162796020507812,0,19744.19403076172,52651.18408203125,131627.96020507812,0,0,0,0,0,0,0,0,0
129,PHL.9.6_1,Basilan,Lantawan,0,0,0,2099.48974609375,0,3149234.619140625,8397958.984375,20994897.4609375,0,0,0,3.4175963401794434,0,3.4175963401794434,0,0,0
130,PHL.9.7_1,Basilan,Maluso,1165353.1875,1086314.486,79038.70149999997,486.1144714355469,1215018.56803716,729171.7071533203,1944457.8857421875,4861144.714355469,1.6662996604470315,0.6248623726676369,0.24994494906705472,44.79907989501953,9.045114517211914,44.79907989501953,9.045114517211914,0,0
131,PHL.9.8_1,Basilan,Sumisip,0,0,0,1383.167724609375,0,2074751.5869140625,5532670.8984375,13831677.24609375,0,0,0,7.557360649108887,0,7.2434492111206055,0,0.31391143798828125,0
132,PHL.9.9_1,Basilan,Tipo-Tipo,0,0,0,78.51343536376953,0,117770.1530456543,314053.7414550781,785134.3536376953,0,0,0,0.14566758275032043,0,0.14566758275032043,0,0,0
133,PHL.9.10_1,Basilan,Tuburan,0,0,0,57.87796401977539,0,86816.94602966309,231511.85607910156,578779.6401977539,0,0,0,0,0,0,0,0,0
134,PHL.9.11_1,Basilan,Ungkaya Pukan,0,0,0,0,0,0,0,0,NA,NA,NA,0.9543459415435791,0,0.9543459415435791,0,0,0
135,PHL.10.1_1,Bataan,Abucay,886426.05275,885263.0757500001,1162.9769999999553,0,17877.806977890425,0,0,0,NA,NA,NA,4.019914627075195,14.488900184631348,4.019914627075195,14.488900184631348,0,0
136,PHL.10.2_1,Bataan,Bagac,0,0,0,0,0,0,0,0,NA,NA,NA,0,0,0,0,0,0
137,PHL.10.3_1,Bataan,Balanga City,1023635.9050000003,1000282.6135,23353.291500000283,51.556819915771484,358997.3299002734,77335.22987365723,206227.27966308594,515568.19915771484,4.642093008409859,1.7407848781536968,0.6963139512614788,0,0,0,0,0,0
138,PHL.10.4_1,Bataan,Dinalupihan,0,0,0,0,0,0,0,0,NA,NA,NA,0,0,0,0,0,0
139,PHL.10.5_1,Bataan,Hermosa,422166.93474999996,422161.26350000006,5.6712499998975545,0,87.18101288463441,0,0,0,NA,NA,NA,0,3.7164676189422607,0,3.7164676189422607,0,0
140,PHL.10.6_1,Bataan,Limay,0,0,0,0,0,0,0,0,NA,NA,NA,0,0,0,0,0,0
141,PHL.10.7_1,Bataan,Mariveles,0,0,0,0,0,0,0,0,NA,NA,NA,0,0,0,0,0,0
142,PHL.10.8_1,Bataan,Morong,21480.09721875,21480.09721875,0,0.15537185966968536,0,233.05778950452805,621.4874386787415,1553.7185966968536,0,0,0,0,0,0,0,0,0
143,PHL.10.9_1,Bataan,Orani,15736749.758,15736430.178,319.5800000000745,0,4912.727899172361,0,0,0,NA,NA,NA,206.61961364746094,95.95178985595703,206.61961364746094,95.95178985595703,0,0
144,PHL.10.10_1,Bataan,Orion,12146250.164,12145838.026,412.1380000002682,0,6335.571221321559,0,0,0,NA,NA,NA,100.36979675292969,57.4389533996582,100.36979675292969,57.4389533996582,0,0
145,PHL.10.11_1,Bataan,Pilar,13464096.457999999,13321257.544,142838.91399999894,0,2195784.210198112,0,0,0,NA,NA,NA,31.478439331054688,42.665130615234375,31.478439331054688,42.665130615234375,0,0
146,PHL.10.12_1,Bataan,Samal,19425570.639999993,19424345.794000003,1224.8459999896586,0,18828.885150314352,0,0,0,NA,NA,NA,82.52915954589844,72.15991973876953,82.52915954589844,72.15991973876953,0,0
147,PHL.11.1_1,Batanes,Basco,0,0,0,0,0,0,0,0,NA,NA,NA,0,0,0,0,0,0
148,PHL.11.2_1,Batanes,Itbayat,0,0,0,0,0,0,0,0,NA,NA,NA,0.15070685744285583,0,0.15070685744285583,0,0,0
149,PHL.11.3_1,Batanes,Ivana,0,0,0,0,0,0,0,0,NA,NA,NA,0,0,0,0,0,0
150,PHL.11.4_1,Batanes,Mahatao,0,0,0,0,0,0,0,0,NA,NA,NA,0,0,0,0,0,0
151,PHL.11.5_1,Batanes,Sabtang,0,0,0,0,0,0,0,0,NA,NA,NA,0,0,0,0,0,0
152,PHL.11.6_1,Batanes,Uyugan,0,0,0,0,0,0,0,0,NA,NA,NA,0,0,0,0,0,0
153,PHL.12.1_1,Batangas,Agoncillo,0,0,0,0,0,0,0,0,NA,NA,NA,0,0,0,0,0,0
154,PHL.12.2_1,Batangas,Alitagtag,0,0,0,0,0,0,0,0,NA,NA,NA,0,0,0,0,0,0
155,PHL.12.3_1,Batangas,Balayan,0,0,0,0,0,0,0,0,NA,NA,NA,0,0,0,0,0,0
156,PHL.12.4_1,Batangas,Balete,0,0,0,0,0,0,0,0,NA,NA,NA,0,0,0,0,0,0
157,PHL.12.5_1,Batangas,Batangas City,0,0,0,0,0,0,0,0,NA,NA,NA,0,0,0,0,0,0
158,PHL.12.6_1,Batangas,Bauan,0,0,0,0,0,0,0,0,NA,NA,NA,0,0,0,0,0,0
159,PHL.12.7_1,Batangas,Calaca,0,0,0,0,0,0,0,0,NA,NA,NA,0,0,0,0,0,0
160,PHL.12.8_1,Batangas,Calatagan,0,0,0,0,0,0,0,0,NA,NA,NA,0,0,0,0,0,0
161,PHL.12.9_1,Batangas,Cuenca,0,0,0,0,0,0,0,0,NA,NA,NA,0,0,0,0,0,0
162,PHL.12.10_1,Batangas,Ibaan,0,0,0,0,0,0,0,0,NA,NA,NA,0,0,0,0,0,0
163,PHL.12.11_1,Batangas,Laurel,0,0,0,0,0,0,0,0,NA,NA,NA,0,0,0,0,0,0
164,PHL.12.12_1,Batangas,Lemery,0,0,0,0,0,0,0,0,NA,NA,NA,0,0,0,0,0,0
165,PHL.12.13_1,Batangas,Lian,981830.4552499999,922840.681625,58989.773624999914,76.4329833984375,906817.4061372157,114649.47509765625,305731.93359375,764329.833984375,7.909477172615102,2.966053939730663,1.1864215758922652,0,2.200900077819824,0,2.200900077819824,0,0
166,PHL.12.14_1,Batangas,Lipa City,0,0,0,0,0,0,0,0,NA,NA,NA,0,0,0,0,0,0
167,PHL.12.15_1,Batangas,Lobo,0,0,0,0,0,0,0,0,NA,NA,NA,0,0,0,0,0,0
168,PHL.12.16_1,Batangas,Mabini,0,0,0,0,0,0,0,0,NA,NA,NA,0,0,0,0,0,0
169,PHL.12.17_1,Batangas,Malvar,0,0,0,0,0,0,0,0,NA,NA,NA,0,0,0,0,0,0
170,PHL.12.18_1,Batangas,Mataas Na Kahoy,0,0,0,0,0,0,0,0,NA,NA,NA,0,0,0,0,0,0
171,PHL.12.19_1,Batangas,Nasugbu,145771.96105468748,144719.6585390625,1052.3025156249641,0,16176.468886910365,0,0,0,NA,NA,NA,0,0,0,0,0,0
172,PHL.12.20_1,Batangas,Padre Garcia,0,0,0,0,0,0,0,0,NA,NA,NA,0,0,0,0,0,0
173,PHL.12.21_1,Batangas,Rosario,0,0,0,0,0,0,0,0,NA,NA,NA,0,0,0,0,0,0
174,PHL.12.22_1,Batangas,San Jose,0,0,0,0,0,0,0,0,NA,NA,NA,0,0,0,0,0,0
175,PHL.12.23_1,Batangas,San Juan,29259.48284375,28798.704703124997,460.7781406250033,196.06422424316406,7083.289401015993,294096.3363647461,784256.89697265625,1960642.2424316406,0.024084929069742335,0.009031848401153375,0.0036127393604613502,3.957549571990967,0.16139979660511017,3.957549571990967,0.16139979660511017,0,0
176,PHL.12.24_1,Batangas,San Luis,0,0,0,0,0,0,0,0,NA,NA,NA,0,0,0,0,0,0
177,PHL.12.25_1,Batangas,San Nicolas,0,0,0,0,0,0,0,0,NA,NA,NA,0,0,0,0,0,0
178,PHL.12.26_1,Batangas,San Pascual,0,0,0,0,0,0,0,0,NA,NA,NA,0,0,0,0,0,0
179,PHL.12.27_1,Batangas,Santa Teresita,0,0,0,0,0,0,0,0,NA,NA,NA,0,0,0,0,0,0
180,PHL.12.28_1,Batangas,Santo Tomas,0,0,0,0,0,0,0,0,NA,NA,NA,0,0,0,0,0,0
181,PHL.12.30_1,Batangas,Taal,0,0,0,0,0,0,0,0,NA,NA,NA,0,0,0,0,0,0
182,PHL.12.29_1,Batangas,Taal lake,0,0,0,0,0,0,0,0,NA,NA,NA,0,0,0,0,0,0
183,PHL.12.31_1,Batangas,Talisay,0,0,0,0,0,0,0,0,NA,NA,NA,0,0,0,0,0,0
184,PHL.12.32_1,Batangas,Tanauan City,0,0,0,0,0,0,0,0,NA,NA,NA,0,0,0,0,0,0
185,PHL.12.33_1,Batangas,Taysan,0,0,0,0,0,0,0,0,NA,NA,NA,0,0,0,0,0,0
186,PHL.12.34_1,Batangas,Tingloy,0,0,0,0,0,0,0,0,NA,NA,NA,0,0,0,0,0,0
187,PHL.12.35_1,Batangas,Tuy,0,0,0,0,0,0,0,0,NA,NA,NA,0,0,0,0,0,0
188,PHL.13.1_1,Benguet,Atok,0,0,0,0,0,0,0,0,NA,NA,NA,0,0,0,0,0,0
189,PHL.13.2_1,Benguet,Baguio City,0,0,0,0,0,0,0,0,NA,NA,NA,0,0,0,0,0,0
190,PHL.13.3_1,Benguet,Bakun,0,0,0,0,0,0,0,0,NA,NA,NA,0,0,0,0,0,0
191,PHL.13.4_1,Benguet,Bokod,0,0,0,0,0,0,0,0,NA,NA,NA,0,0,0,0,0,0
192,PHL.13.5_1,Benguet,Buguias,0,0,0,0,0,0,0,0,NA,NA,NA,0,0,0,0,0,0
193,PHL.13.6_1,Benguet,Itogon,0,0,0,0,0,0,0,0,NA,NA,NA,0,0,0,0,0,0
194,PHL.13.7_1,Benguet,Kabayan,0,0,0,0,0,0,0,0,NA,NA,NA,0,0,0,0,0,0
195,PHL.13.8_1,Benguet,Kapangan,0,0,0,0,0,0,0,0,NA,NA,NA,0,0,0,0,0,0
196,PHL.13.9_1,Benguet,Kibungan,0,0,0,0,0,0,0,0,NA,NA,NA,0,0,0,0,0,0
197,PHL.13.10_1,Benguet,La Trinidad,0,0,0,0,0,0,0,0,NA,NA,NA,0,0,0,0,0,0
198,PHL.13.11_1,Benguet,Mankayan,0,0,0,0,0,0,0,0,NA,NA,NA,0,0,0,0,0,0
199,PHL.13.12_1,Benguet,Sablan,0,0,0,0,0,0,0,0,NA,NA,NA,0,0,0,0,0,0
200,PHL.13.13_1,Benguet,Tuba,0,0,0,0,0,0,0,0,NA,NA,NA,0,0,0,0,0,0
201,PHL.13.14_1,Benguet,Tublay,0,0,0,0,0,0,0,0,NA,NA,NA,0,0,0,0,0,0
202,PHL.14.1_1,Biliran,Almeria,0,0,0,0,0,0,0,0,NA,NA,NA,0,0,0,0,0,0
203,PHL.14.2_1,Biliran,Biliran,0,0,0,0,0,0,0,0,NA,NA,NA,5.971850395202637,0,5.971850395202637,0,0,0
204,PHL.14.3_1,Biliran,Cabucgayan,0,0,0,0,0,0,0,0,NA,NA,NA,0,0,0,0,0,0
205,PHL.14.4_1,Biliran,Caibiran,0,0,0,0,0,0,0,0,NA,NA,NA,0,0,0,0,0,0
206,PHL.14.5_1,Biliran,Culaba,209.15939331054688,209.15939331054688,0,0,0,0,0,0,NA,NA,NA,0,0,0,0,0,0
207,PHL.14.6_1,Biliran,Kawayan,0,0,0,0,0,0,0,0,NA,NA,NA,0,0,0,0,0,0
208,PHL.14.7_1,Biliran,Maripipi,0,0,0,0,0,0,0,0,NA,NA,NA,0,0,0,0,0,0
209,PHL.14.8_1,Biliran,Naval,7204.1855,6681.8994999999995,522.2860000000001,97.35685729980469,8028.815957026527,146035.28594970703,389427.42919921875,973568.5729980469,0.0549786026357463,0.02061697598840486,0.008246790395361945,0.4501844346523285,0,0.4501844346523285,0,0,0
210,PHL.15.1_1,Bohol,Albuquerque,0,0,0,36.00406265258789,0,54006.093978881836,144016.25061035156,360040.6265258789,0,0,0,0,0,0,0,0,0
211,PHL.15.2_1,Bohol,Alicia,0,0,0,0,0,0,0,0,NA,NA,NA,0,0,0,0,0,0
212,PHL.15.3_1,Bohol,Anda,491205.74075,490456.753,748.9877499999711,112.3188247680664,11513.777506609717,168478.2371520996,449275.2990722656,1123188.247680664,0.0683398503049106,0.02562744386434148,0.010250977545736591,5.937514781951904,3.885493755340576,5.937514781951904,3.885493755340576,0,0
213,PHL.15.4_1,Bohol,Antequera,0,0,0,0,0,0,0,0,NA,NA,NA,0,0,0,0,0,0
214,PHL.15.5_1,Bohol,Baclayon,0,0,0,81.56084442138672,0,122341.26663208008,326243.3776855469,815608.4442138672,0,0,0,0,0,0,0,0,0
215,PHL.15.6_1,Bohol,Balilihan,0,0,0,0,0,0,0,0,NA,NA,NA,0,0,0,0,0,0
216,PHL.15.7_1,Bohol,Batuan,0,0,0,0,0,0,0,0,NA,NA,NA,0,0,0,0,0,0
217,PHL.15.8_1,Bohol,Bien Unido,2742010.469,2736277.9109999994,5732.558000000659,190.0335235595703,88123.46711377552,285050.28533935547,760134.09423828125,1900335.2355957031,0.30915060130132327,0.11593147548799623,0.046372590195198495,58.3862190246582,16.926328659057617,58.3862190246582,16.926328659057617,0,0
218,PHL.15.9_1,Bohol,Bilar,0,0,0,0,0,0,0,0,NA,NA,NA,0,0,0,0,0,0
219,PHL.15.10_1,Bohol,Buenavista,0,0,0,314.7937927246094,0,472190.68908691406,1259175.1708984375,3147937.9272460938,0,0,0,1.1763337850570679,0,1.1763337850570679,0,0,0
220,PHL.15.11_1,Bohol,Calape,4.896313836798072e-5,3.672235133126378e-5,1.2240787036716938e-5,383.0690002441406,1.8817089925243332e-4,574603.5003662109,1532276.0009765625,3830690.0024414062,3.2747955613306696e-10,1.228048335499001e-10,4.912193341996004e-11,0,0,0,0,0,0
221,PHL.15.12_1,Bohol,Candijay,5005.445939453125,4543.345087890625,462.1008515624999,975.07550048828125,7103.622710125382,1462613.2507324219,3900302.001953125,9750755.0048828125,0.004856801828212724,0.0018213006855797714,7.285202742319086e-4,1.6380757093429565,0.05129195377230644,1.6380757093429565,0.05129195377230644,0,0
222,PHL.15.13_1,Bohol,Carmen,0,0,0,0,0,0,0,0,NA,NA,NA,0,0,0,0,0,0
223,PHL.15.14_1,Bohol,Catigbian,0,0,0,0,0,0,0,0,NA,NA,NA,0,0,0,0,0,0
224,PHL.15.15_1,Bohol,Clarin,307991.2751249999,293487.76493750006,14503.510187499865,135.67083740234375,222954.50007523788,203506.25610351562,542683.349609375,1356708.3740234375,1.0955658285110885,0.4108371856916582,0.1643348742766633,0,0,0,0,0,0
225,PHL.15.16_1,Bohol,Corella,0,0,0,0,0,0,0,0,NA,NA,NA,0,0,0,0,0,0
226,PHL.15.17_1,Bohol,Cortes,0,0,0,140.4765167236328,0,210714.77508544922,561906.06689453125,1404765.1672363281,0,0,0,0,0,0,0,0,0
227,PHL.15.18_1,Bohol,Dagohoy,0,0,0,0,0,0,0,0,NA,NA,NA,0,0,0,0,0,0
228,PHL.15.19_1,Bohol,Danao,0,0,0,0,0,0,0,0,NA,NA,NA,0,0,0,0,0,0
229,PHL.15.20_1,Bohol,Dauis,0,0,0,97.262664794921875,0,145893.9971923828,389050.6591796875,972626.64794921875,0,0,0,0,0,0,0,0,0
230,PHL.15.21_1,Bohol,Dimiao,0,0,0,0,0,0,0,0,NA,NA,NA,0,0,0,0,0,0
231,PHL.15.22_1,Bohol,Duero,0,0,0,0,0,0,0,0,NA,NA,NA,0,0,0,0,0,0
232,PHL.15.23_1,Bohol,Garcia Hernandez,0,0,0,0,0,0,0,0,NA,NA,NA,0,0,0,0,0,0
233,PHL.15.24_1,Bohol,Guindulman,0,0,0,0,0,0,0,0,NA,NA,NA,0,0,0,0,0,0
234,PHL.15.25_1,Bohol,Inabanga,0,0,0,798.74383544921875,0,1198115.7531738281,3194975.341796875,7987438.3544921875,0,0,0,8.47069263458252,0,8.47069263458252,0,0,0
235,PHL.15.26_1,Bohol,Jagna,0,0,0,0,0,0,0,0,NA,NA,NA,0,0,0,0,0,0
236,PHL.15.27_1,Bohol,Jetafe,2267991.5372499996,2149511.65075,118479.88649999956,705.82855224609375,1821326.2528918793,1058742.8283691406,2823314.208984375,7058285.5224609375,1.720272576200022,0.6451022160750083,0.2580408864300033,26.920629501342773,13.416607856750488,26.920629501342773,13.416607856750488,0,0
237,PHL.15.28_1,Bohol,Lila,0,0,0,0,0,0,0,0,NA,NA,NA,0,0,0,0,0,0
238,PHL.15.29_1,Bohol,Loay,0,0,0,276.3160400390625,0,414474.06005859375,1105264.16015625,2763160.400390625,0,0,0,0,0,0,0,0,0
239,PHL.15.30_1,Bohol,Loboc,0,0,0,78.92794036865234,0,118391.91055297852,315711.7614746094,789279.4036865234,0,0,0,0,0,0,0,0,0
240,PHL.15.31_1,Bohol,Loon,1975.1865000000003,1835.40196875,139.78453125000033,262.88494873046875,2148.8308609564024,394327.4230957031,1051539.794921875,2628849.4873046875,0.005449356892520463,0.0020435088346951735,8.174035338780693e-4,0,0,0,0,0,0
241,PHL.15.32_1,Bohol,Mabini,0,0,0,701.20037841796875,0,1051800.5676269531,2804801.513671875,7012003.7841796875,0,0,0,0.07911602407693863,0,0.07873042672872543,0,3.855973482131958e-4,0
242,PHL.15.33_1,Bohol,Maribojoc,0,0,0,73.46691131591797,0,110200.36697387695,293867.6452636719,734669.1131591797,0,0,0,0,0,0,0,0,0
243,PHL.15.34_1,Bohol,Panglao,0,0,0,0,0,0,0,0,NA,NA,NA,0,0,0,0,0,0
244,PHL.15.35_1,Bohol,Pilar,0,0,0,0,0,0,0,0,NA,NA,NA,0,0,0,0,0,0
245,PHL.15.36_1,Bohol,Pres. Carlos P. Garcia,0,0,0,499.71026611328125,0,749565.3991699219,1998841.064453125,4997102.6611328125,0,0,0,1.3601288795471191,0,1.3601288795471191,0,0,0
246,PHL.15.37_1,Bohol,Sagbayan,0,0,0,0,0,0,0,0,NA,NA,NA,0,0,0,0,0,0
247,PHL.15.38_1,Bohol,San Isidro,0,0,0,0,0,0,0,0,NA,NA,NA,0,0,0,0,0,0
248,PHL.15.39_1,Bohol,San Miguel,0,0,0,0,0,0,0,0,NA,NA,NA,0,0,0,0,0,0
249,PHL.15.40_1,Bohol,Sevilla,0,0,0,0,0,0,0,0,NA,NA,NA,0,0,0,0,0,0
250,PHL.15.41_1,Bohol,Sierra Bullones,0,0,0,0,0,0,0,0,NA,NA,NA,0,0,0,0,0,0
251,PHL.15.42_1,Bohol,Sikatuna,0,0,0,0,0,0,0,0,NA,NA,NA,0,0,0,0,0,0
252,PHL.15.43_1,Bohol,Tagbilaran City,0,0,0,3.3318190574645996,0,4997.728586196899,13327.276229858398,33318.190574645996,0,0,0,0,0,0,0,0,0
253,PHL.15.44_1,Bohol,Talibon,113850.079921875,112506.015640625,1344.064281250001,411.6911926269531,20661.56234049811,617536.7889404297,1646764.7705078125,4116911.9262695312,0.033458026648014345,0.01254675999300538,0.005018703997202153,16.339725494384766,0.27190205454826355,16.339725494384766,0.27190205454826355,0,0
254,PHL.15.45_1,Bohol,Trinidad,0,0,0,308.1652526855469,0,462247.8790283203,1232661.0107421875,3081652.5268554688,0,0,0,4.387727737426758,0,4.387727737426758,0,0,0
255,PHL.15.46_1,Bohol,Tubigon,0,0,0,75.23066711425781,0,112846.00067138672,300922.66845703125,752306.6711425781,0,0,0,0,0,0,0,0,0
256,PHL.15.47_1,Bohol,Ubay,4877037.971,4695814.486999999,181223.4840000011,1073.1749267578125,2785849.132711101,1609762.3901367188,4292699.70703125,10731749.267578125,1.7305964841646573,0.6489736815617465,0.2595894726246986,68.39244842529297,33.701698303222656,66.7713851928711,33.701698303222656,1.621063232421875,0
257,PHL.15.48_1,Bohol,Valencia,0,0,0,0,0,0,0,0,NA,NA,NA,0,0,0,0,0,0
258,PHL.16.1_1,Bukidnon,Baungon,0,0,0,0,0,0,0,0,NA,NA,NA,0,0,0,0,0,0
259,PHL.16.2_1,Bukidnon,Cabanglasan,0,0,0,0,0,0,0,0,NA,NA,NA,0,0,0,0,0,0
260,PHL.16.3_1,Bukidnon,Damulog,0,0,0,0,0,0,0,0,NA,NA,NA,0,0,0,0,0,0
261,PHL.16.4_1,Bukidnon,Dangcagan,0,0,0,0,0,0,0,0,NA,NA,NA,0,0,0,0,0,0
262,PHL.16.5_1,Bukidnon,Don Carlos,0,0,0,0,0,0,0,0,NA,NA,NA,0,0,0,0,0,0
263,PHL.16.6_1,Bukidnon,Impasug-Ong,0,0,0,0,0,0,0,0,NA,NA,NA,0,0,0,0,0,0
264,PHL.16.7_1,Bukidnon,Kadingilan,0,0,0,0,0,0,0,0,NA,NA,NA,0,0,0,0,0,0
265,PHL.16.8_1,Bukidnon,Kalilangan,0,0,0,0,0,0,0,0,NA,NA,NA,0,0,0,0,0,0
266,PHL.16.9_1,Bukidnon,Kibawe,0,0,0,0,0,0,0,0,NA,NA,NA,0,0,0,0,0,0
267,PHL.16.10_1,Bukidnon,Kitaotao,0,0,0,0,0,0,0,0,NA,NA,NA,0,0,0,0,0,0
268,PHL.16.11_1,Bukidnon,Lantapan,0,0,0,0,0,0,0,0,NA,NA,NA,0,0,0,0,0,0
269,PHL.16.12_1,Bukidnon,Libona,0,0,0,0,0,0,0,0,NA,NA,NA,0,0,0,0,0,0
270,PHL.16.13_1,Bukidnon,Malaybalay City,0,0,0,0,0,0,0,0,NA,NA,NA,0,0,0,0,0,0
271,PHL.16.14_1,Bukidnon,Malitbog,0,0,0,0,0,0,0,0,NA,NA,NA,0,0,0,0,0,0
272,PHL.16.15_1,Bukidnon,Manolo Fortich,0,0,0,0,0,0,0,0,NA,NA,NA,0,0,0,0,0,0
273,PHL.16.16_1,Bukidnon,Maramag,0,0,0,0,0,0,0,0,NA,NA,NA,0,0,0,0,0,0
274,PHL.16.17_1,Bukidnon,Pangantucan,0,0,0,0,0,0,0,0,NA,NA,NA,0,0,0,0,0,0
275,PHL.16.18_1,Bukidnon,Quezon,0,0,0,0,0,0,0,0,NA,NA,NA,0,0,0,0,0,0
276,PHL.16.19_1,Bukidnon,San Fernando,0,0,0,0,0,0,0,0,NA,NA,NA,0,0,0,0,0,0
277,PHL.16.20_1,Bukidnon,Sumilao,0,0,0,0,0,0,0,0,NA,NA,NA,0,0,0,0,0,0
278,PHL.16.21_1,Bukidnon,Talakag,0,0,0,0,0,0,0,0,NA,NA,NA,0,0,0,0,0,0
279,PHL.16.22_1,Bukidnon,Valencia City,0,0,0,0,0,0,0,0,NA,NA,NA,0,0,0,0,0,0
280,PHL.17.1_1,Bulacan,Angat,0,0,0,0,0,0,0,0,NA,NA,NA,0,0,0,0,0,0
281,PHL.17.2_1,Bulacan,Balagtas,3588521.4395,3588521.4395,0,0,0,0,0,0,NA,NA,NA,51.59088897705078,34.794952392578125,51.59088897705078,34.794952392578125,0,0
282,PHL.17.3_1,Bulacan,Baliuag,0,0,0,0,0,0,0,0,NA,NA,NA,0,0,0,0,0,0
283,PHL.17.4_1,Bulacan,Bocaue,17179129.338,17178894.258,235.07999999821186,0,3613.7557873721275,0,0,0,NA,NA,NA,51.772743225097656,131.86386108398438,51.772743225097656,131.86386108398438,0,0
284,PHL.17.5_1,Bulacan,Bulacan,12825141.274000002,12824700.126,441.14800000190735,0,6781.526025636627,0,0,0,NA,NA,NA,98.709930419921875,79.42832946777344,98.709930419921875,79.42832946777344,0,0
285,PHL.17.6_1,Bulacan,Bustos,0,0,0,0,0,0,0,0,NA,NA,NA,0,0,0,0,0,0
286,PHL.17.7_1,Bulacan,Calumpit,389273.40150000004,389253.441625,19.959875000058673,0,306.8322009411049,0,0,0,NA,NA,NA,0.4849419891834259,0.8358711004257202,0.4849419891834259,0.8358711004257202,0,0
287,PHL.17.8_1,Bulacan,Doña Remedios Trinidad,0,0,0,0,0,0,0,0,NA,NA,NA,0,0,0,0,0,0
288,PHL.17.9_1,Bulacan,Guiguinto,610394.60975,610394.60975,0,0,0,0,0,0,NA,NA,NA,9.5238800048828125,5.86534309387207,9.5238800048828125,5.86534309387207,0,0
289,PHL.17.10_1,Bulacan,Hagonoy,6004183.7870000005,5998202.848,5980.939000000246,0,91941.69187227734,0,0,0,NA,NA,NA,74.5477066040039,31.833545684814453,74.5477066040039,31.833545684814453,0,0
290,PHL.17.11_1,Bulacan,Malolos City,14992018.365999999,14865664.81,126353.555999998,0,1942363.8516824665,0,0,0,NA,NA,NA,129.76402282714844,66.866607666015625,129.76402282714844,66.866607666015625,0,0
291,PHL.17.12_1,Bulacan,Marilao,4455138.035,4454734.902,403.13300000038,0,6197.142299826197,0,0,0,NA,NA,NA,1.5303571224212646,2.6772069931030273,1.5303571224212646,2.6772069931030273,0,0
292,PHL.17.13_1,Bulacan,Meycauayan City,26842000.023999996,26836765.435999997,5234.587999999523,0,80468.4476759012,0,0,0,NA,NA,NA,91.481170654296875,150.56683349609375,91.481170654296875,150.56683349609375,0,0
293,PHL.17.14_1,Bulacan,Norzagaray,0,0,0,0,0,0,0,0,NA,NA,NA,0,0,0,0,0,0
294,PHL.17.15_1,Bulacan,Obando,853873.6062500002,850336.39925,3537.2070000001695,70.077728271484375,54375.54137944974,105116.59240722656,280310.9130859375,700777.28271484375,0.5172879003611187,0.19398296263541953,0.0775931850541678,0.09007920324802399,0.07357776165008545,0.09007920324802399,0.07357776165008545,0,0
295,PHL.17.16_1,Bulacan,Pandi,0,0,0,0,0,0,0,0,NA,NA,NA,0,0,0,0,0,0
296,PHL.17.17_1,Bulacan,Paombong,9805872.497999998,9298351.952000001,507520.54599999636,120.27252197265625,7801834.738521779,180408.78295898438,481090.087890625,1202725.2197265625,43.24531550271315,16.21699331351743,6.486797325406973,103.01004028320312,55.6761589050293,103.01004028320312,55.6761589050293,0,0
297,PHL.17.18_1,Bulacan,Plaridel,0,0,0,0,0,0,0,0,NA,NA,NA,0,0,0,0,0,0
298,PHL.17.19_1,Bulacan,Pulilan,0,0,0,0,0,0,0,0,NA,NA,NA,0,0,0,0,0,0
299,PHL.17.20_1,Bulacan,San Ildefonso,0,0,0,0,0,0,0,0,NA,NA,NA,0,0,0,0,0,0
300,PHL.17.21_1,Bulacan,San Jose del Monte City,0,0,0,0,0,0,0,0,NA,NA,NA,0,0,0,0,0,0
301,PHL.17.22_1,Bulacan,San Miguel,0,0,0,0,0,0,0,0,NA,NA,NA,0,0,0,0,0,0
302,PHL.17.23_1,Bulacan,San Rafael,0,0,0,0,0,0,0,0,NA,NA,NA,0,0,0,0,0,0
303,PHL.17.24_1,Bulacan,Santa Maria,0,0,0,0,0,0,0,0,NA,NA,NA,0,0,0,0,0,0
304,PHL.18.1_1,Cagayan,Abulug,415384.175,413353.641625,2030.533374999999,412.0136413574219,31214.274865638596,618020.4620361328,1648054.5654296875,4120136.4135742188,0.05050686309446764,0.018940073660425365,0.007576029464170146,21.277183532714844,2.058229446411133,21.277183532714844,2.058229446411133,0,0
305,PHL.18.2_1,Cagayan,Alcala,0,0,0,0,0,0,0,0,NA,NA,NA,0,0,0,0,0,0
306,PHL.18.3_1,Cagayan,Allacapan,0,0,0,0,0,0,0,0,NA,NA,NA,0,0,0,0,0,0
307,PHL.18.4_1,Cagayan,Amulung,0,0,0,0,0,0,0,0,NA,NA,NA,0,0,0,0,0,0
308,PHL.18.5_1,Cagayan,Aparri,6958296.194999998,6949759.5430000005,8536.651999997906,1455.664794921875,131229.26480350917,2183497.1923828125,5822659.1796875,14556647.94921875,0.06010049624121612,0.022537686090456043,0.009015074436182418,118.1788558959961,40.78231430053711,118.1788558959961,40.78231430053711,0,0
309,PHL.18.6_1,Cagayan,Baggao,0,0,0,0,0,0,0,0,NA,NA,NA,0,0,0,0,0,0
310,PHL.18.7_1,Cagayan,Ballesteros,0,0,0,28.19283103942871,0,42289.24655914307,112771.32415771484,281928.3103942871,0,0,0,0,0,0,0,0,0
311,PHL.18.8_1,Cagayan,Buguey,0,0,0,648.2598876953125,0,972389.83154296875,2593039.55078125,6482598.876953125,0,0,0,14.968660354614258,0,14.968660354614258,0,0,0
312,PHL.18.9_1,Cagayan,Calayan,0,0,0,0,0,0,0,0,NA,NA,NA,3.127927780151367,0,3.127927780151367,0,0,0
313,PHL.18.10_1,Cagayan,Camalaniugan,305412.2426875,305393.301125,18.94156250002561,0,291.178241904284,0,0,0,NA,NA,NA,5.395114421844482,1.0686661005020142,5.395114421844482,1.0686661005020142,0,0
314,PHL.18.11_1,Cagayan,Claveria,0,0,0,0,0,0,0,0,NA,NA,NA,0,0,0,0,0,0
315,PHL.18.12_1,Cagayan,Enrile,0,0,0,0,0,0,0,0,NA,NA,NA,0,0,0,0,0,0
316,PHL.18.13_1,Cagayan,Gattaran,0,0,0,0,0,0,0,0,NA,NA,NA,0,0,0,0,0,0
317,PHL.18.14_1,Cagayan,Gonzaga,0,0,0,0,0,0,0,0,NA,NA,NA,0,0,0,0,0,0
318,PHL.18.15_1,Cagayan,Iguig,0,0,0,0,0,0,0,0,NA,NA,NA,0,0,0,0,0,0
319,PHL.18.16_1,Cagayan,Lal-Lo,0,0,0,0,0,0,0,0,NA,NA,NA,0,0,0,0,0,0
320,PHL.18.17_1,Cagayan,Lasam,0,0,0,0,0,0,0,0,NA,NA,NA,0,0,0,0,0,0
321,PHL.18.18_1,Cagayan,Pamplona,0,0,0,708.0064697265625,0,1062009.7045898438,2832025.87890625,7080064.697265625,0,0,0,10.324174880981445,0,10.324174880981445,0,0,0
322,PHL.18.19_1,Cagayan,Peñablanca,0,0,0,0,0,0,0,0,NA,NA,NA,0,0,0,0,0,0
323,PHL.18.20_1,Cagayan,Piat,0,0,0,0,0,0,0,0,NA,NA,NA,0,0,0,0,0,0
324,PHL.18.21_1,Cagayan,Rizal,0,0,0,0,0,0,0,0,NA,NA,NA,0,0,0,0,0,0
325,PHL.18.22_1,Cagayan,Sanchez-Mira,876792.646875,876792.646875,0,0,0,0,0,0,NA,NA,NA,3.4886391162872314,5.528421401977539,3.4886391162872314,5.528421401977539,0,0
326,PHL.18.23_1,Cagayan,Santa Ana,0,0,0,505.85394287109375,0,758780.9143066406,2023415.771484375,5058539.4287109375,0,0,0,0,0,0,0,0,0
327,PHL.18.24_1,Cagayan,Santa Praxedes,0,0,0,0,0,0,0,0,NA,NA,NA,0,0,0,0,0,0
328,PHL.18.25_1,Cagayan,Santa Teresita,0,0,0,188.64149475097656,0,282962.24212646484,754565.97900390625,1886414.9475097656,0,0,0,0,0,0,0,0,0
329,PHL.18.26_1,Cagayan,Santo Niño,0,0,0,0,0,0,0,0,NA,NA,NA,0,0,0,0,0,0
330,PHL.18.27_1,Cagayan,Solana,0,0,0,0,0,0,0,0,NA,NA,NA,0,0,0,0,0,0
331,PHL.18.28_1,Cagayan,Tuao,0,0,0,0,0,0,0,0,NA,NA,NA,0,0,0,0,0,0
332,PHL.18.29_1,Cagayan,Tuguegarao City,0,0,0,0,0,0,0,0,NA,NA,NA,0,0,0,0,0,0
333,PHL.19.1_1,Camarines Norte,Basud,8308.9225703125,6231.6915859374985,2077.230984375001,156.0220184326172,31932.131578828314,234033.02764892578,624088.07373046875,1560220.1843261719,0.13644284270308155,0.05116606601365558,0.020466426405462233,0,0,0,0,0,0
334,PHL.19.2_1,Camarines Norte,Capalonga,3743065.716499999,3589992.9175,153072.79899999918,864.43133544921875,2353104.1061753663,1296647.0031738281,3457725.341796875,8644313.3544921875,1.814760764044206,0.6805352865165772,0.2722141146066309,12.058684349060059,19.031661987304688,12.058684349060059,19.031661987304688,0,0
335,PHL.19.3_1,Camarines Norte,Daet,6234387.919000001,5615270.838,619117.0810000002,110.52237701416016,9517347.007579153,165783.56552124023,442089.5080566406,1105223.7701416016,57.40826587759562,21.528099704098356,8.611239881639342,40.143455505371094,25.912208557128906,40.143455505371094,25.912208557128906,0,0
336,PHL.19.4_1,Camarines Norte,Jose Panganiban,0,0,0,576.017578125,0,864026.3671875,2304070.3125,5760175.78125,0,0,0,0,0,0,0,0,0
337,PHL.19.5_1,Camarines Norte,Labo,0,0,0,0,0,0,0,0,NA,NA,NA,0,0,0,0,0,0
338,PHL.19.6_1,Camarines Norte,Mercedes,3694007.501,3550613.625,143393.87600000016,134.98599243164062,2204315.336364912,202478.98864746094,539943.9697265625,1349859.9243164062,10.88663742884886,4.082489035818323,1.6329956143273292,41.049808502197266,9.634577751159668,41.049808502197266,9.634577751159668,0,0
339,PHL.19.7_1,Camarines Norte,Paracale,0,0,0,655.1806640625,0,982770.99609375,2620722.65625,6551806.640625,0,0,0,0,0,0,0,0,0
340,PHL.19.8_1,Camarines Norte,San Lorenzo Ruiz,0,0,0,0,0,0,0,0,NA,NA,NA,0,0,0,0,0,0
341,PHL.19.9_1,Camarines Norte,San Vicente,0,0,0,0,0,0,0,0,NA,NA,NA,0,0,0,0,0,0
342,PHL.19.10_1,Camarines Norte,Santa Elena,0,0,0,1094.38818359375,0,1641582.275390625,4377552.734375,10943881.8359375,0,0,0,39.07082748413086,0,39.07082748413086,0,0,0
343,PHL.19.11_1,Camarines Norte,Talisay,22962.844328125,20362.51846484375,2600.3258632812503,0.30392417311668396,39973.38198722784,455.88625967502594,1215.6966924667358,3039.2417311668396,87.68279617754322,32.881048566578706,13.152419426631482,0.033588897436857224,0.035232916474342346,0.033588897436857224,0.035232916474342346,0,0
344,PHL.19.12_1,Camarines Norte,Vinzons,0,0,0,1199.1767578125,0,1798765.13671875,4796707.03125,11991767.578125,0,0,0,0,0,0,0,0,0
345,PHL.20.1_1,Camarines Sur,Baao,0,0,0,0,0,0,0,0,NA,NA,NA,0,0,0,0,0,0
346,PHL.20.2_1,Camarines Sur,Balatan,0,0,0,0,0,0,0,0,NA,NA,NA,0,0,0,0,0,0
347,PHL.20.4_1,Camarines Sur,Bato,0,0,0,0,0,0,0,0,NA,NA,NA,0,0,0,0,0,0
348,PHL.20.3_1,Camarines Sur,Bato Lake,0,0,0,0,0,0,0,0,NA,NA,NA,0,0,0,0,0,0
349,PHL.20.5_1,Camarines Sur,Bombon,202842.10881250002,199149.32384375003,3692.7849687499984,197.73516845703125,56767.156084918395,296602.7526855469,790940.673828125,1977351.6845703125,0.19139119772466157,0.07177169914674808,0.028708679658699235,4.425138473510742,1.7131959199905396,4.425138473510742,1.7131959199905396,0,0
350,PHL.20.7_1,Camarines Sur,Buhi,0,0,0,0,0,0,0,0,NA,NA,NA,0,0,0,0,0,0
351,PHL.20.6_1,Camarines Sur,Buhi Lake,0,0,0,0,0,0,0,0,NA,NA,NA,0,0,0,0,0,0
352,PHL.20.8_1,Camarines Sur,Bula,0,0,0,0,0,0,0,0,NA,NA,NA,0,0,0,0,0,0
353,PHL.20.9_1,Camarines Sur,Cabusao,4961309.637999999,4744061.765,217247.87299999967,103.39649200439453,3339632.2883869554,155094.7380065918,413585.9680175781,1033964.9200439453,21.532853604904474,8.074820101839178,3.2299280407356714,89.40263366699219,23.501798629760742,89.40263366699219,23.501798629760742,0,0
354,PHL.20.10_1,Camarines Sur,Calabanga,9978918.076000001,9762299.502,216618.57400000095,1254.552490234375,3329958.420328209,1881828.7353515625,5018209.9609375,12545524.90234375,1.7695331980920717,0.6635749492845269,0.26542997971381077,185.19468688964844,58.10306930541992,185.19468688964844,58.10306930541992,0,0
355,PHL.20.11_1,Camarines Sur,Camaligan,0,0,0,0,0,0,0,0,NA,NA,NA,0,0,0,0,0,0
356,PHL.20.12_1,Camarines Sur,Canaman,0,0,0,87.31510925292969,0,130972.66387939453,349260.43701171875,873151.0925292969,0,0,0,0,0,0,0,0,0
357,PHL.20.13_1,Camarines Sur,Caramoan,396072.15568749997,388629.79899999994,7442.356687500025,573.18621826171875,114407.26370318806,859779.3273925781,2292744.873046875,5731862.1826171875,0.13306584615164785,0.049899692306867936,0.019959876922747175,4.559060573577881,1.2355791330337524,4.559060573577881,1.2355791330337524,0,0
358,PHL.20.14_1,Camarines Sur,Del Gallego,0,0,0,56.55532455444336,0,84832.98683166504,226221.29821777344,565553.2455444336,0,0,0,8.316904067993164,0,8.316904067993164,0,0,0
359,PHL.20.15_1,Camarines Sur,Gainza,0,0,0,0,0,0,0,0,NA,NA,NA,0,0,0,0,0,0
360,PHL.20.16_1,Camarines Sur,Garchitorena,0,0,0,859.18011474609375,0,1288770.1721191406,3436720.458984375,8591801.1474609375,0,0,0,0,0,0,0,0,0
361,PHL.20.17_1,Camarines Sur,Goa,0,0,0,0,0,0,0,0,NA,NA,NA,0,0,0,0,0,0
362,PHL.20.18_1,Camarines Sur,Iriga City,0,0,0,0,0,0,0,0,NA,NA,NA,0,0,0,0,0,0
363,PHL.20.19_1,Camarines Sur,Lagonoy,0,0,0,1105.174560546875,0,1657761.8408203125,4420698.2421875,11051745.60546875,0,0,0,0,0,0,0,0,0
364,PHL.20.20_1,Camarines Sur,Libmanan,486.5238283691406,386.66402850341797,99.85979986572261,76.31843566894531,1535.0898829901414,114477.65350341797,305273.74267578125,763184.3566894531,0.013409515621704353,0.005028568358139133,0.002011427343255653,16.093307495117188,0.006302196998149157,16.093307495117188,0.006302196998149157,0,0
365,PHL.20.21_1,Camarines Sur,Lupi,0,0,0,108.66399383544922,0,162995.99075317383,434655.9753417969,1086639.9383544922,0,0,0,0,0,0,0,0,0
366,PHL.20.22_1,Camarines Sur,Magarao,1.6000916442871094,1.5891374969482421,0.010954147338867237,286.0377502441406,0.16839209350799547,429056.62536621094,1144151.0009765625,2860377.5024414062,3.924705587852616e-7,1.4717645954447311e-7,5.887058381778925e-8,0,0,0,0,0,0
367,PHL.20.23_1,Camarines Sur,Milaor,0,0,0,0,0,0,0,0,NA,NA,NA,0,0,0,0,0,0
368,PHL.20.24_1,Camarines Sur,Minalabac,0,0,0,0,0,0,0,0,NA,NA,NA,0,0,0,0,0,0
369,PHL.20.25_1,Camarines Sur,Nabua,0,0,0,0,0,0,0,0,NA,NA,NA,0,0,0,0,0,0
370,PHL.20.26_1,Camarines Sur,Naga City,0,0,0,0,0,0,0,0,NA,NA,NA,0,0,0,0,0,0
371,PHL.20.27_1,Camarines Sur,Ocampo,0,0,0,0,0,0,0,0,NA,NA,NA,0,0,0,0,0,0
372,PHL.20.28_1,Camarines Sur,Pamplona,0,0,0,34.213008880615234,0,51319.51332092285,136852.03552246094,342130.08880615234,0,0,0,0,0,0,0,0,0
373,PHL.20.29_1,Camarines Sur,Pasacao,0,0,0,0,0,0,0,0,NA,NA,NA,0,0,0,0,0,0
374,PHL.20.30_1,Camarines Sur,Pili,0,0,0,0,0,0,0,0,NA,NA,NA,0,0,0,0,0,0
375,PHL.20.31_1,Camarines Sur,Presentacion,0,0,0,0,0,0,0,0,NA,NA,NA,0,0,0,0,0,0
376,PHL.20.32_1,Camarines Sur,Ragay,10384.403265625,8836.582328125,1547.8209375000006,364.0570068359375,23793.801560102627,546085.51025390625,1456228.02734375,3640570.068359375,0.043571567297289275,0.016339337736483477,0.006535735094593391,12.571636199951172,0.07855650782585144,12.571636199951172,0.07855650782585144,0,0
377,PHL.20.33_1,Camarines Sur,Sagnay,0,0,0,0,0,0,0,0,NA,NA,NA,0,0,0,0,0,0
378,PHL.20.34_1,Camarines Sur,San Fernando,0,0,0,0,0,0,0,0,NA,NA,NA,0,0,0,0,0,0
379,PHL.20.35_1,Camarines Sur,San Jose,1548.17978125,1517.0016406250002,31.17814062499974,38.9810791015625,479.2844398670746,58471.61865234375,155924.31640625,389810.791015625,0.008196873131164177,0.0030738274241865664,0.0012295309696746266,0,0,0,0,0,0
380,PHL.20.36_1,Camarines Sur,Sipocot,0,0,0,41.27345275878906,0,61910.179138183594,165093.81103515625,412734.5275878906,0,0,0,8.3983154296875,0,8.3983154296875,0,0,0
381,PHL.20.37_1,Camarines Sur,Siruma,0,0,0,452.8769226074219,0,679315.3839111328,1811507.6904296875,4528769.226074219,0,0,0,0,0,0,0,0,0
382,PHL.20.38_1,Camarines Sur,Tigaon,0,0,0,0,0,0,0,0,NA,NA,NA,0,0,0,0,0,0
383,PHL.20.39_1,Camarines Sur,Tinambac,533365.8768750001,507905.13093750004,25460.745937500033,982.654296875,391394.0700321252,1473981.4453125,3930617.1875,9826542.96875,0.26553527608968336,0.09957572853363127,0.039830291413452505,17.622526168823242,3.087222099304199,17.622526168823242,3.087222099304199,0,0
384,PHL.21.1_1,Camiguin,Catarman,0,0,0,0,0,0,0,0,NA,NA,NA,0,0,0,0,0,0
385,PHL.21.2_1,Camiguin,Guinsiliban,0,0,0,0,0,0,0,0,NA,NA,NA,0,0,0,0,0,0
386,PHL.21.3_1,Camiguin,Mahinog,0,0,0,0,0,0,0,0,NA,NA,NA,0,0,0,0,0,0
387,PHL.21.4_1,Camiguin,Mambajao,0,0,0,0,0,0,0,0,NA,NA,NA,0,0,0,0,0,0
388,PHL.21.5_1,Camiguin,Sagay,0,0,0,0,0,0,0,0,NA,NA,NA,0,0,0,0,0,0
389,PHL.22.1_1,Capiz,Cuartero,0,0,0,0,0,0,0,0,NA,NA,NA,0,0,0,0,0,0
390,PHL.22.2_1,Capiz,Dao,0,0,0,0,0,0,0,0,NA,NA,NA,0,0,0,0,0,0
391,PHL.22.3_1,Capiz,Dumalag,0,0,0,0,0,0,0,0,NA,NA,NA,0,0,0,0,0,0
392,PHL.22.4_1,Capiz,Dumarao,0,0,0,0,0,0,0,0,NA,NA,NA,0,0,0,0,0,0
393,PHL.22.5_1,Capiz,Ivisan,0,0,0,0,0,0,0,0,NA,NA,NA,7.319665431976318,0,7.319665431976318,0,0,0
394,PHL.22.6_1,Capiz,Jamindan,0,0,0,0,0,0,0,0,NA,NA,NA,0,0,0,0,0,0
395,PHL.22.7_1,Capiz,Ma-Ayon,0,0,0,0,0,0,0,0,NA,NA,NA,0,0,0,0,0,0
396,PHL.22.8_1,Capiz,Mambusao,0,0,0,0,0,0,0,0,NA,NA,NA,0,0,0,0,0,0
397,PHL.22.9_1,Capiz,Panay,4934033.943,4867734.272,66299.67100000009,1134.2685546875,1019188.4455459452,1701402.83203125,4537074.21875,11342685.546875,0.599028299682074,0.22463561238077778,0.08985424495231112,70.642974853515625,33.994667053222656,70.642974853515625,33.994667053222656,0,0
398,PHL.22.10_1,Capiz,Panitan,0,0,0,0,0,0,0,0,NA,NA,NA,0,0,0,0,0,0
399,PHL.22.11_1,Capiz,Pilar,2839.5181562500006,2839.186423828125,0.3317324218755857,0,5.099540409311675,0,0,0,NA,NA,NA,0.0024380653630942106,0.0013732204679399729,0.0024380653630942106,0.0013732204679399729,0,0
400,PHL.22.12_1,Capiz,Pontevedra,5118747.269000001,5041204.762000001,77542.50700000022,418.25421142578125,1192018.3913592224,627381.3171386719,1673016.845703125,4182542.1142578125,1.8999902591867381,0.7124963471950269,0.28499853887801074,66.48184967041016,30.90997886657715,66.48184967041016,30.90997886657715,0,0
401,PHL.22.13_1,Capiz,President Roxas,3643759.9900000007,3640564.423,3195.5670000007376,0,49123.69721063422,0,0,0,NA,NA,NA,37.27968978881836,32.46836471557617,37.27968978881836,32.46836471557617,0,0
402,PHL.22.14_1,Capiz,Roxas City,73081048.496,71556938.91999999,1524109.57600002,370.38360595703125,23429299.81666346,555575.4089355469,1481534.423828125,3703836.0595703125,42.17123263528305,15.814212238231143,6.325684895292457,343.87664794921875,311.8149108886719,329.3252258300781,299.1161193847656,14.551422119140625,12.69879150390625
403,PHL.22.15_1,Capiz,Sapi-An,65639.21739062501,65639.21739062501,0,0,0,0,0,0,NA,NA,NA,25.571847915649414,0.1037152037024498,25.571847915649414,0.1037152037024498,0,0
404,PHL.22.16_1,Capiz,Sigma,0,0,0,0,0,0,0,0,NA,NA,NA,0,0,0,0,0,0
405,PHL.22.17_1,Capiz,Tapaz,0,0,0,0,0,0,0,0,NA,NA,NA,0,0,0,0,0,0
406,PHL.23.1_1,Catanduanes,Bagamanoc,0,0,0,0,0,0,0,0,NA,NA,NA,0,0,0,0,0,0
407,PHL.23.2_1,Catanduanes,Baras,0,0,0,0,0,0,0,0,NA,NA,NA,0,0,0,0,0,0
408,PHL.23.3_1,Catanduanes,Bato,220029.32862499997,186562.94878125002,33466.37984374995,222.23976135253906,514460.2851951048,333359.6420288086,888959.04541015625,2222397.6135253906,1.5432590521879839,0.578722144570494,0.2314888578281976,15.503721237182617,1.5368436574935913,15.503721237182617,1.5368436574935913,0,0
409,PHL.23.4_1,Catanduanes,Caramoran,0,0,0,0,0,0,0,0,NA,NA,NA,0,0,0,0,0,0
410,PHL.23.5_1,Catanduanes,Gigmoto,0,0,0,0,0,0,0,0,NA,NA,NA,0,0,0,0,0,0
411,PHL.23.6_1,Catanduanes,Pandan,0,0,0,241.56243896484375,0,362343.6584472656,966249.755859375,2415624.3896484375,0,0,0,0,0,0,0,0,0
412,PHL.23.7_1,Catanduanes,Panganiban,890005.8861249998,698234.0475000001,191771.83862499974,576.3365478515625,2948003.1975980857,864504.82177734375,2305346.19140625,5763365.478515625,3.4100482997159665,1.2787681123934875,0.511507244957395,7.176673412322998,2.2533867359161377,7.176673412322998,2.2533867359161377,0,0
413,PHL.23.8_1,Catanduanes,San Andres,565192.4636249999,565192.4636249999,0,111.12712097167969,0,166690.68145751953,444508.48388671875,1111271.2097167969,0,0,0,17.578750610351562,1.27158522605896,17.578750610351562,1.27158522605896,0,0
414,PHL.23.9_1,Catanduanes,San Miguel,0,0,0,0,0,0,0,0,NA,NA,NA,0,0,0,0,0,0
415,PHL.23.10_1,Catanduanes,Viga,673.0023572998048,619.070169921875,53.93218737792972,126.75476837158203,829.0699092398929,190132.15255737305,507019.0734863281,1267547.6837158203,0.004360492941822232,0.0016351848531833367,6.540739412733347e-4,0,0,0,0,0,0
416,PHL.23.11_1,Catanduanes,Virac,633719.8987499999,633713.315375,6.5833749999292195,0,101.20260977801668,0,0,0,NA,NA,NA,18.263837814331055,5.861053943634033,18.263837814331055,5.861053943634033,0,0
417,PHL.24.1_1,Cavite,Alfonso,0,0,0,0,0,0,0,0,NA,NA,NA,0,0,0,0,0,0
418,PHL.24.2_1,Cavite,Amadeo,0,0,0,0,0,0,0,0,NA,NA,NA,0,0,0,0,0,0
419,PHL.24.3_1,Cavite,Bacoor,133090364.384,133090364.384,0,0,0,0,0,0,NA,NA,NA,1405.0765380859375,639.4642333984375,1405.0765380859375,639.4642333984375,0,0
420,PHL.24.4_1,Cavite,Carmona,0,0,0,0,0,0,0,0,NA,NA,NA,0,0,0,0,0,0
421,PHL.24.5_1,Cavite,Cavite City,11974278.513999999,11974278.513999999,0,0,0,0,0,0,NA,NA,NA,240.31837463378906,147.15684509277344,240.31837463378906,147.15684509277344,0,0
422,PHL.24.6_1,Cavite,Dasmariñas,0,0,0,0,0,0,0,0,NA,NA,NA,0,0,0,0,0,0
423,PHL.24.7_1,Cavite,General Emilio Aguinaldo,0,0,0,0,0,0,0,0,NA,NA,NA,0,0,0,0,0,0
424,PHL.24.8_1,Cavite,General Mariano Alvarez,0,0,0,0,0,0,0,0,NA,NA,NA,0,0,0,0,0,0
425,PHL.24.9_1,Cavite,General Trias,0,0,0,0,0,0,0,0,NA,NA,NA,0,0,0,0,0,0
426,PHL.24.10_1,Cavite,Imus,2887450.2254999997,2887450.2254999997,0,0,0,0,0,0,NA,NA,NA,44.418392181396484,44.55571365356445,44.418392181396484,44.55571365356445,0,0
427,PHL.24.11_1,Cavite,Indang,0,0,0,0,0,0,0,0,NA,NA,NA,0,0,0,0,0,0
428,PHL.24.12_1,Cavite,Kawit,30420866.416,30420866.416,0,0,0,0,0,0,NA,NA,NA,233.43850708007812,177.0079345703125,233.43850708007812,177.0079345703125,0,0
429,PHL.24.13_1,Cavite,Magallanes,0,0,0,0,0,0,0,0,NA,NA,NA,0,0,0,0,0,0
430,PHL.24.14_1,Cavite,Maragondon,0,0,0,0,0,0,0,0,NA,NA,NA,0,0,0,0,0,0
431,PHL.24.15_1,Cavite,Mendez,0,0,0,0,0,0,0,0,NA,NA,NA,0,0,0,0,0,0
432,PHL.24.16_1,Cavite,Naic,1859831.2624999997,1859831.2624999997,0,0,0,0,0,0,NA,NA,NA,68.71943664550781,28.442752838134766,68.71943664550781,28.442752838134766,0,0
433,PHL.24.17_1,Cavite,Noveleta,14724376.1,14724376.1,0,0,0,0,0,0,NA,NA,NA,177.8873748779297,116.64187622070312,177.8873748779297,116.64187622070312,0,0
434,PHL.24.18_1,Cavite,Rosario,0,0,0,0,0,0,0,0,NA,NA,NA,0,0,0,0,0,0
435,PHL.24.19_1,Cavite,Silang,0,0,0,0,0,0,0,0,NA,NA,NA,0,0,0,0,0,0
436,PHL.24.20_1,Cavite,Tagaytay City,0,0,0,0,0,0,0,0,NA,NA,NA,0,0,0,0,0,0
437,PHL.24.21_1,Cavite,Tanza,0,0,0,0,0,0,0,0,NA,NA,NA,0,0,0,0,0,0
438,PHL.24.22_1,Cavite,Ternate,598944.4173750001,598944.4173750001,0,0,0,0,0,0,NA,NA,NA,4.350661277770996,7.214603424072266,4.350661277770996,7.214603424072266,0,0
439,PHL.24.23_1,Cavite,Trece Martires City,0,0,0,0,0,0,0,0,NA,NA,NA,0,0,0,0,0,0
440,PHL.25.1_1,Cebu,Alcantara,0,0,0,0,0,0,0,0,NA,NA,NA,0,0,0,0,0,0
441,PHL.25.2_1,Cebu,Alcoy,0,0,0,0,0,0,0,0,NA,NA,NA,0,0,0,0,0,0
442,PHL.25.3_1,Cebu,Alegria,0,0,0,0,0,0,0,0,NA,NA,NA,0,0,0,0,0,0
443,PHL.25.4_1,Cebu,Aloguinsan,0,0,0,0,0,0,0,0,NA,NA,NA,0,0,0,0,0,0
444,PHL.25.5_1,Cebu,Argao,0,0,0,0,0,0,0,0,NA,NA,NA,0,0,0,0,0,0
445,PHL.25.6_1,Cebu,Asturias,7051836.721,6997772.506999999,54064.21400000062,80.58885955810547,831099.4820219226,120883.2893371582,322355.4382324219,805888.5955810547,6.875222262556779,2.578208348458792,1.0312833393835168,56.604976654052734,42.655582427978516,47.08678436279297,39.8823127746582,9.518192291259766,2.7732696533203125
446,PHL.25.7_1,Cebu,Badian,0,0,0,0,0,0,0,0,NA,NA,NA,0,0,0,0,0,0
447,PHL.25.8_1,Cebu,Balamban,34766452.71199999,34766452.71199999,0,0,0,0,0,0,NA,NA,NA,102.9914321899414,137.6494598388672,102.9914321899414,137.6494598388672,0,0
448,PHL.25.9_1,Cebu,Bantayan,2929666.9450000003,2927903.2330000005,1763.711999999825,0,27112.576345522877,0,0,0,NA,NA,NA,41.562862396240234,19.113752365112305,41.562862396240234,19.113752365112305,0,0
449,PHL.25.10_1,Cebu,Barili,0,0,0,0,0,0,0,0,NA,NA,NA,0,0,0,0,0,0
450,PHL.25.11_1,Cebu,Bogo City,3695291.4609999997,3099018.2739999997,596273.1869999999,210.3682403564453,9166180.365800846,315552.36053466797,841472.96142578125,2103682.403564453,29.04804879377161,10.893018297664353,4.357207319065742,17.88842010498047,31.499685287475586,14.928648948669434,28.016252517700195,2.959771156311035,3.4834327697753906
451,PHL.25.12_1,Cebu,Boljoon,0,0,0,0,0,0,0,0,NA,NA,NA,0,0,0,0,0,0
452,PHL.25.13_1,Cebu,Borbon,0,0,0,0,0,0,0,0,NA,NA,NA,0,0,0,0,0,0
453,PHL.25.14_1,Cebu,Carcar,0,0,0,72.5452651977539,0,108817.89779663086,290181.0607910156,725452.6519775391,0,0,0,0,0,0,0,0,0
454,PHL.25.15_1,Cebu,Carmen,128922.1715,128922.1715,0,0,0,0,0,0,NA,NA,NA,0,0,0,0,0,0
455,PHL.25.16_1,Cebu,Catmon,0,0,0,0,0,0,0,0,NA,NA,NA,0,0,0,0,0,0
456,PHL.25.17_1,Cebu,Cebu City,103741620.576,100051645.472,3689975.104000002,119.62799072265625,56723961.57665691,179441.98608398438,478511.962890625,1196279.9072265625,316.11309490359935,118.54241058884976,47.4169642355399,622.1136474609375,396.3819274902344,622.1136474609375,396.3819274902344,0,0
457,PHL.25.18_1,Cebu,Compostela,0,0,0,0,0,0,0,0,NA,NA,NA,0,0,0,0,0,0
458,PHL.25.19_1,Cebu,Consolacion,657302.431,657302.431,0,0,0,0,0,0,NA,NA,NA,0,0,0,0,0,0
459,PHL.25.20_1,Cebu,Cordoba,6654560.93,5950021.894,704539.0359999994,60.37064743041992,10830491.82743723,90555.97114562988,241482.5897216797,603706.4743041992,119.59997436303675,44.84999038613878,17.93999615445551,109.96451568603516,39.0191650390625,109.96451568603516,39.0191650390625,0,0
460,PHL.25.21_1,Cebu,Daanbantayan,0,0,0,68.44895935058594,0,102673.4390258789,273795.83740234375,684489.5935058594,0,0,0,0,0,0,0,0,0
461,PHL.25.22_1,Cebu,Dalaguete,0,0,0,90.749176025390625,0,136123.76403808594,362996.7041015625,907491.76025390625,0,0,0,0,0,0,0,0,0
462,PHL.25.23_1,Cebu,Danao City,0,0,0,0,0,0,0,0,NA,NA,NA,0,0,0,0,0,0
463,PHL.25.24_1,Cebu,Danao Lake,0,0,0,0,0,0,0,0,NA,NA,NA,0,0,0,0,0,0
464,PHL.25.25_1,Cebu,Dumanjug,0,0,0,0,0,0,0,0,NA,NA,NA,0,0,0,0,0,0
465,PHL.25.26_1,Cebu,Ginatilan,0,0,0,0,0,0,0,0,NA,NA,NA,0,0,0,0,0,0
466,PHL.25.27_1,Cebu,Lapu-Lapu City,83053884.36799999,82805503.83999999,248380.52799999714,0,3818217.5027112556,0,0,0,NA,NA,NA,156.2745819091797,226.08114624023438,156.2745819091797,226.08114624023438,0,0
467,PHL.25.28_1,Cebu,Liloan,0,0,0,0,0,0,0,0,NA,NA,NA,0,0,0,0,0,0
468,PHL.25.29_1,Cebu,Madridejos,284762.90499999997,272133.8341875,12629.070812499966,101.85469818115234,194139.7725801911,152782.04727172852,407418.7927246094,1018546.9818115234,1.270697546256245,0.47651157984609194,0.19060463193843677,22.78645896911621,3.4563822746276855,22.78645896911621,3.4563822746276855,0,0
469,PHL.25.30_1,Cebu,Malabuyoc,0,0,0,0,0,0,0,0,NA,NA,NA,0,0,0,0,0,0
470,PHL.25.31_1,Cebu,Mandaue City,205576397.69600004,205566415.20000002,9982.496000021696,0,153455.43088638727,0,0,0,NA,NA,NA,511.8843688964844,1060.747314453125,511.8843688964844,1060.747314453125,0,0
471,PHL.25.32_1,Cebu,Medellin,665056.7305000001,635930.5225000001,29126.207999999984,60.858642578125,447741.20607880264,91287.9638671875,243434.5703125,608586.42578125,4.904712375118912,1.8392671406695922,0.7357068562678368,11.034847259521484,10.15792179107666,8.803720474243164,7.5320515632629395,2.2311267852783203,2.6258702278137207
472,PHL.25.33_1,Cebu,Minglanilla,0,0,0,0,0,0,0,0,NA,NA,NA,0,0,0,0,0,0
473,PHL.25.34_1,Cebu,Moalboal,19375.39134375,19075.888875,299.50246875000084,94.1920394897461,4604.087033289893,141288.05923461914,376768.1579589844,941920.3948974609,0.03258652612422448,0.012219947296584181,0.004887978918633673,0,0,0,0,0,0
474,PHL.25.35_1,Cebu,Naga City,0,0,0,0,0,0,0,0,NA,NA,NA,0,0,0,0,0,0
475,PHL.25.36_1,Cebu,Oslob,0,0,0,0,0,0,0,0,NA,NA,NA,0,0,0,0,0,0
476,PHL.25.37_1,Cebu,Pilar,0,0,0,0,0,0,0,0,NA,NA,NA,0,0,0,0,0,0
477,PHL.25.38_1,Cebu,Pinamungahan,5363607.933,4620827.427999998,742780.5050000018,124.50350189208984,11418356.936835824,186755.25283813477,498014.0075683594,1245035.0189208984,61.14075381179445,22.92778267942292,9.171113071769167,17.16873550415039,17.746501922607422,17.16873550415039,17.746501922607422,0,0
478,PHL.25.39_1,Cebu,Poro,0,0,0,384.0029602050781,0,576004.4403076172,1536011.8408203125,3840029.6020507812,0,0,0,0,0,0,0,0,0
479,PHL.25.40_1,Cebu,Ronda,0,0,0,0,0,0,0,0,NA,NA,NA,0,0,0,0,0,0
480,PHL.25.41_1,Cebu,Samboan,0,0,0,0,0,0,0,0,NA,NA,NA,0,0,0,0,0,0
481,PHL.25.42_1,Cebu,San Fernando,0,0,0,0,0,0,0,0,NA,NA,NA,0,0,0,0,0,0
482,PHL.25.43_1,Cebu,San Francisco,0,0,0,0,0,0,0,0,NA,NA,NA,0,0,0,0,0,0
483,PHL.25.44_1,Cebu,San Remigio,15846.276929687501,15053.606226562499,792.6707031250025,0,12185.291564233881,0,0,0,NA,NA,NA,0,0,0,0,0,0
484,PHL.25.45_1,Cebu,Santa Fe,0,0,0,0,0,0,0,0,NA,NA,NA,0,0,0,0,0,0
485,PHL.25.46_1,Cebu,Santander,0,0,0,0,0,0,0,0,NA,NA,NA,0,0,0,0,0,0
486,PHL.25.47_1,Cebu,Sibonga,0,0,0,79.52045440673828,0,119280.68161010742,318081.8176269531,795204.5440673828,0,0,0,0,0,0,0,0,0
487,PHL.25.48_1,Cebu,Sogod,0,0,0,0,0,0,0,0,NA,NA,NA,0,0,0,0,0,0
488,PHL.25.49_1,Cebu,Tabogon,0,0,0,0,0,0,0,0,NA,NA,NA,0,0,0,0,0,0
489,PHL.25.50_1,Cebu,Tabuelan,0,0,0,0,0,0,0,0,NA,NA,NA,0,0,0,0,0,0
490,PHL.25.51_1,Cebu,Talisay City,24709844.644,23108766.071999997,1601078.5720000044,4.914654731750488,24612501.93826156,7371.982097625732,19658.618927001953,49146.54731750488,3338.6545995802703,1251.9954748426014,500.79818993704055,157.52125549316406,131.87893676757812,157.52125549316406,131.87893676757812,0,0
491,PHL.25.52_1,Cebu,Toledo City,0,0,0,0,0,0,0,0,NA,NA,NA,0,0,0,0,0,0
492,PHL.25.53_1,Cebu,Tuburan,0,0,0,0,0,0,0,0,NA,NA,NA,0,0,0,0,0,0
493,PHL.25.54_1,Cebu,Tudela,0,0,0,17.01270866394043,0,25519.062995910645,68050.83465576172,170127.0866394043,0,0,0,0,0,0,0,0,0
494,PHL.26.1_1,Compostela Valley,Compostela,0,0,0,0,0,0,0,0,NA,NA,NA,0,0,0,0,0,0
495,PHL.26.2_1,Compostela Valley,Laak,0,0,0,0,0,0,0,0,NA,NA,NA,0,0,0,0,0,0
496,PHL.26.3_1,Compostela Valley,Mabini,16562.482824218747,16562.482824218747,0,0,0,0,0,0,NA,NA,NA,1.8295574188232422,0.411509245634079,1.8295574188232422,0.411509245634079,0,0
497,PHL.26.4_1,Compostela Valley,Maco,1178188.6669999997,1178188.6669999997,0,0,0,0,0,0,NA,NA,NA,15.49901294708252,9.661462783813477,15.49901294708252,9.661462783813477,0,0
498,PHL.26.5_1,Compostela Valley,Maragusan,0,0,0,0,0,0,0,0,NA,NA,NA,0,0,0,0,0,0
499,PHL.26.6_1,Compostela Valley,Mawab,0,0,0,0,0,0,0,0,NA,NA,NA,0,0,0,0,0,0
500,PHL.26.7_1,Compostela Valley,Monkayo,0,0,0,0,0,0,0,0,NA,NA,NA,0,0,0,0,0,0
501,PHL.26.8_1,Compostela Valley,Montevista,0,0,0,0,0,0,0,0,NA,NA,NA,0,0,0,0,0,0
502,PHL.26.9_1,Compostela Valley,Nabunturan,0,0,0,0,0,0,0,0,NA,NA,NA,0,0,0,0,0,0
503,PHL.26.10_1,Compostela Valley,New Bataan,0,0,0,0,0,0,0,0,NA,NA,NA,0,0,0,0,0,0
504,PHL.26.11_1,Compostela Valley,Pantukan,88685.952453125,88685.952453125,0,0,0,0,0,0,NA,NA,NA,14.985097885131836,1.3584728240966797,14.985097885131836,1.3584728240966797,0,0
505,PHL.27.1_1,Davao del Norte,Asuncion,0,0,0,0,0,0,0,0,NA,NA,NA,0,0,0,0,0,0
506,PHL.27.2_1,Davao del Norte,Braulio E. Dujali,0,0,0,0,0,0,0,0,NA,NA,NA,0,0,0,0,0,0
507,PHL.27.3_1,Davao del Norte,Carmen,15576536.842,15576536.842,0,0,0,0,0,0,NA,NA,NA,59.1337890625,46.83604049682617,59.1337890625,46.83604049682617,0,0
508,PHL.27.4_1,Davao del Norte,Kapalong,0,0,0,0,0,0,0,0,NA,NA,NA,0,0,0,0,0,0
509,PHL.27.5_1,Davao del Norte,New Corella,0,0,0,0,0,0,0,0,NA,NA,NA,0,0,0,0,0,0
510,PHL.27.6_1,Davao del Norte,Panabo City,53137023.06399999,53137023.06399999,0,0,0,0,0,0,NA,NA,NA,119.56158447265625,187.7903289794922,119.56158447265625,187.7903289794922,0,0
511,PHL.27.7_1,Davao del Norte,Samal City,1747454.98675,1747454.98675,0,0,0,0,0,0,NA,NA,NA,0,23.41602325439453,0,23.41602325439453,0,0
512,PHL.27.8_1,Davao del Norte,San Isidro,0,0,0,0,0,0,0,0,NA,NA,NA,0,0,0,0,0,0
513,PHL.27.9_1,Davao del Norte,Santo Tomas,0,0,0,0,0,0,0,0,NA,NA,NA,0,0,0,0,0,0
514,PHL.27.10_1,Davao del Norte,Tagum City,4454465.611499999,4454465.611499999,0,0,0,0,0,0,NA,NA,NA,49.22726058959961,10.287843704223633,49.22726058959961,10.287843704223633,0,0
515,PHL.27.11_1,Davao del Norte,Talaingod,0,0,0,0,0,0,0,0,NA,NA,NA,0,0,0,0,0,0
516,PHL.28.1_1,Davao del Sur,Bansalan,0,0,0,0,0,0,0,0,NA,NA,NA,0,0,0,0,0,0
517,PHL.28.2_1,Davao del Sur,Davao City,2413900942.592,2413900942.592,0,0,0,0,0,0,NA,NA,NA,2659.24072265625,5657.37109375,2659.24072265625,5657.37109375,0,0
518,PHL.28.3_1,Davao del Sur,Digos City,267572.435375,267572.435375,0,0,0,0,0,0,NA,NA,NA,0,0,0,0,0,0
519,PHL.28.4_1,Davao del Sur,Don Marcelino,0,0,0,0,0,0,0,0,NA,NA,NA,0,0,0,0,0,0
520,PHL.28.5_1,Davao del Sur,Hagonoy,4423629.458000001,4423629.458000001,0,0,0,0,0,0,NA,NA,NA,15.490954399108887,12.23461627960205,15.490954399108887,12.23461627960205,0,0
521,PHL.28.6_1,Davao del Sur,Jose Abad Santos,0,0,0,0,0,0,0,0,NA,NA,NA,0,0,0,0,0,0
522,PHL.28.7_1,Davao del Sur,Kiblawan,0,0,0,0,0,0,0,0,NA,NA,NA,0,0,0,0,0,0
523,PHL.28.8_1,Davao del Sur,Magsaysay,0,0,0,0,0,0,0,0,NA,NA,NA,0,0,0,0,0,0
524,PHL.28.9_1,Davao del Sur,Malalag,116222.66595312502,116222.66595312502,0,0,0,0,0,0,NA,NA,NA,0.8304966688156128,1.2943391799926758,0.8304966688156128,1.2943391799926758,0,0
525,PHL.28.10_1,Davao del Sur,Malita,0,0,0,0,0,0,0,0,NA,NA,NA,0,0,0,0,0,0
526,PHL.28.11_1,Davao del Sur,Matanao,0,0,0,0,0,0,0,0,NA,NA,NA,0,0,0,0,0,0
527,PHL.28.12_1,Davao del Sur,Padada,1995054.0854999998,1995054.0854999998,0,0,0,0,0,0,NA,NA,NA,15.127358436584473,3.8132543563842773,15.127358436584473,3.8132543563842773,0,0
528,PHL.28.13_1,Davao del Sur,Santa Cruz,11295222.941999998,11295222.941999998,0,0,0,0,0,0,NA,NA,NA,7.391296863555908,44.947139739990234,7.391296863555908,44.947139739990234,0,0
529,PHL.28.14_1,Davao del Sur,Santa Maria,0,0,0,0,0,0,0,0,NA,NA,NA,0,0,0,0,0,0
530,PHL.28.15_1,Davao del Sur,Sarangani,0,0,0,0,0,0,0,0,NA,NA,NA,0,0,0,0,0,0
531,PHL.28.16_1,Davao del Sur,Sulop,532766.964875,532766.964875,0,0,0,0,0,0,NA,NA,NA,6.352122783660889,5.820225715637207,6.352122783660889,5.820225715637207,0,0
532,PHL.29.1_1,Davao Oriental,Baganga,0,0,0,1492.10986328125,0,2238164.794921875,5968439.453125,14921098.6328125,0,0,0,8.079648971557617,0,8.079648971557617,0,0,0
533,PHL.29.2_1,Davao Oriental,Banaybanay,156380.018875,156380.018875,0,0,0,0,0,0,NA,NA,NA,47.29766845703125,0.31965234875679016,47.29766845703125,0.31965234875679016,0,0
534,PHL.29.3_1,Davao Oriental,Boston,0,0,0,0,0,0,0,0,NA,NA,NA,0,0,0,0,0,0
535,PHL.29.4_1,Davao Oriental,Caraga,0,0,0,0,0,0,0,0,NA,NA,NA,0,0,0,0,0,0
536,PHL.29.5_1,Davao Oriental,Cateel,12855979.401999999,12855979.401999999,0,33.65709686279297,0,50485.64529418945,134628.38745117188,336570.9686279297,0,0,0,67.41153717041016,53.714698791503906,67.41153717041016,53.714698791503906,0,0
537,PHL.29.6_1,Davao Oriental,Governor Generoso,51362.993765625,51362.993765625,0,0,0,0,0,0,NA,NA,NA,6.636197090148926,0.19900943338871002,6.636197090148926,0.19900943338871002,0,0
538,PHL.29.7_1,Davao Oriental,Lupon,14712612.992,14712612.992,0,0,0,0,0,0,NA,NA,NA,35.48912048339844,51.00742721557617,35.48912048339844,51.00742721557617,0,0
539,PHL.29.8_1,Davao Oriental,Manay,0,0,0,0,0,0,0,0,NA,NA,NA,0,0,0,0,0,0
540,PHL.29.9_1,Davao Oriental,Mati City,1180840.3080000002,1180840.3080000002,0,0,0,0,0,0,NA,NA,NA,9.295537948608398,5.172372341156006,9.295537948608398,5.172372341156006,0,0
541,PHL.29.10_1,Davao Oriental,San Isidro,0,0,0,0,0,0,0,0,NA,NA,NA,0,0,0,0,0,0
542,PHL.29.11_1,Davao Oriental,Tarragona,0,0,0,0,0,0,0,0,NA,NA,NA,5.241169452667236,0,5.241169452667236,0,0,0
543,PHL.30.1_1,Dinagat Islands,Basilisa,0,0,0,47.30140686035156,0,70952.11029052734,189205.62744140625,473014.0686035156,0,0,0,0,0,0,0,0,0
544,PHL.30.2_1,Dinagat Islands,Cagdianao,0,0,0,451.0888977050781,0,676633.3465576172,1804355.5908203125,4510888.977050781,0,0,0,3.832606077194214,0,3.832606077194214,0,0,0
545,PHL.30.3_1,Dinagat Islands,Dinagat,19188.4220390625,18346.89420703125,841.52783203125,83.9463119506836,12936.345385659271,125919.46792602539,335785.2478027344,839463.1195068359,0.10273507026934912,0.03852565135100592,0.015410260540402369,1.2130142450332642,0.129392609000206,1.2130142450332642,0.129392609000206,0,0
546,PHL.30.4_1,Dinagat Islands,Libjo,0,0,0,815.16888427734375,0,1222753.3264160156,3260675.537109375,8151688.8427734375,0,0,0,0,0,0,0,0,0
547,PHL.30.5_1,Dinagat Islands,Loreto,0,0,0,185.29244995117188,0,277938.6749267578,741169.7998046875,1852924.4995117188,0,0,0,0.2078787088394165,0,0.2078787088394165,0,0,0
548,PHL.30.6_1,Dinagat Islands,San Jose,5363005.638,5269122.1965000015,93883.4414999988,124.88298797607422,1443218.6066939505,187324.48196411133,499531.9519042969,1248829.8797607422,7.704377941215662,2.8891417279558733,1.1556566911823494,67.86841583251953,19.21260643005371,67.86841583251953,19.21260643005371,0,0
549,PHL.30.7_1,Dinagat Islands,Tubajon,0,0,0,442.29736328125,0,663446.044921875,1769189.453125,4422973.6328125,0,0,0,0,0,0,0,0,0
550,PHL.31.1_1,Eastern Samar,Arteche,257371.30615625,240771.25840624995,16600.047750000056,625.1251220703125,255183.42108079238,937687.68310546875,2500500.48828125,6251251.220703125,0.27214116776672004,0.10205293791252001,0.040821175165008,6.5533623695373535,0.939297080039978,6.5533623695373535,0.939297080039978,0,0
551,PHL.31.2_1,Eastern Samar,Balangiga,0,0,0,222.9738006591797,0,334460.70098876953,891895.20263671875,2229738.006591797,0,0,0,0,0,0,0,0,0
552,PHL.31.3_1,Eastern Samar,Balangkayan,0,0,0,73.78973388671875,0,110684.60083007812,295158.935546875,737897.3388671875,0,0,0,0,0,0,0,0,0
553,PHL.31.4_1,Eastern Samar,Borongan City,66455.824109375,62460.855140625,3994.9689687499995,448.0063781738281,61412.46482602597,672009.5672607422,1792025.5126953125,4480063.781738281,0.09138629540105596,0.03426986077539598,0.013707944310158393,0,0,0,0,0,0
554,PHL.31.5_1,Eastern Samar,Can-Avid,150980.98225,149937.67975,1043.3024999999907,130.8583526611328,16038.11658747428,196287.52899169922,523433.41064453125,1308583.5266113281,0.08170726214680972,0.030640223305053643,0.012256089322021458,0,0,0,0,0,0
555,PHL.31.6_1,Eastern Samar,Dolores,322510.0065000001,319032.101,3477.9055000000517,370.293212890625,53463.93197487724,555439.8193359375,1481172.8515625,3702932.12890625,0.09625512992352017,0.03609567372132007,0.014438269488528027,0,0,0,0,0,0
556,PHL.31.7_1,Eastern Samar,General Macarthur,1936478.37875,1860336.8082499998,76141.57050000015,148.5345916748047,1170482.5636211988,222801.88751220703,594138.36669921875,1485345.9167480469,5.253467897829499,1.9700504616860621,0.7880201846744248,17.399250030517578,9.31277847290039,17.399250030517578,9.31277847290039,0,0
557,PHL.31.8_1,Eastern Samar,Giporlos,7099.828976562501,6495.682634765625,604.1463417968762,686.94989013671875,9287.210052342894,1030424.8352050781,2747799.560546875,6869498.9013671875,0.009012991278004793,0.003379871729251797,0.0013519486917007188,0,0,0,0,0,0
558,PHL.31.9_1,Eastern Samar,Guiuan,4791440.619999999,4791431.663999999,8.956000000238419,0,137.67567140042772,0,0,0,NA,NA,NA,15.8888521194458,20.61569595336914,15.8888521194458,20.61569595336914,0,0
559,PHL.31.10_1,Eastern Samar,Hernani,0,0,0,87.224639892578125,0,130836.95983886719,348898.5595703125,872246.39892578125,0,0,0,0,0,0,0,0,0
560,PHL.31.11_1,Eastern Samar,Jipapad,0,0,0,0,0,0,0,0,NA,NA,NA,0,0,0,0,0,0
561,PHL.31.12_1,Eastern Samar,Lawaan,0,0,0,122.43235778808594,0,183648.5366821289,489729.43115234375,1224323.5778808594,0,0,0,0,0,0,0,0,0
562,PHL.31.13_1,Eastern Samar,Llorente,0,0,0,74.13275146484375,0,111199.12719726562,296531.005859375,741327.5146484375,0,0,0,0,0,0,0,0,0
563,PHL.31.14_1,Eastern Samar,Maslog,0,0,0,0,0,0,0,0,NA,NA,NA,0,0,0,0,0,0
564,PHL.31.15_1,Eastern Samar,Maydolong,0,0,0,40.026702880859375,0,60040.05432128906,160106.8115234375,400267.02880859375,0,0,0,0,0,0,0,0,0
565,PHL.31.16_1,Eastern Samar,Mercedes,168423.23586508178,157822.31033686065,10600.925528221123,0.11160308122634888,162962.2085222112,167.40462183952332,446.4123249053955,1116.0308122634888,973.4630187118091,365.0486320169284,146.01945280677137,2.1754238605499268,1.8066954612731934,2.1754238605499268,1.8066954612731934,0,0
566,PHL.31.17_1,Eastern Samar,Oras,0,0,0,376.6305847167969,0,564945.8770751953,1506522.3388671875,3766305.8471679688,0,0,0,0,0,0,0,0,0
567,PHL.31.18_1,Eastern Samar,Quinapondan,1214.5299443359377,1013.0346015625,201.49534277343764,470.2436218261719,3097.477288929639,705365.4327392578,1880974.4873046875,4702436.218261719,0.004391308597163194,0.0016467407239361975,6.58696289574479e-4,0,0,0,0,0,0
568,PHL.31.19_1,Eastern Samar,Salcedo,7964.80602734375,7486.152830078126,478.65319726562484,856.82891845703125,7358.0728338267045,1285243.3776855469,3427315.673828125,8568289.1845703125,0.00572504240175666,0.002146890900658747,8.587563602634988e-4,2.79054856300354,0.04975990206003189,2.2263591289520264,0.04975990206003189,0.5641894340515137,0
569,PHL.31.20_1,Eastern Samar,San Julian,0,0,0,37.406517028808594,0,56109.77554321289,149626.06811523438,374065.17028808594,0,0,0,0,0,0,0,0,0
570,PHL.31.21_1,Eastern Samar,San Policarpo,66887.30090625,64358.02291406251,2529.277992187497,496.2726135253906,38881.20206827483,744408.9202880859,1985090.4541015625,4962726.135253906,0.05223097280084691,0.019586614800317592,0.007834645920127037,1.523889183998108,0.5592290163040161,1.523889183998108,0.5592290163040161,0,0
571,PHL.31.22_1,Eastern Samar,Sulat,0,0,0,85.87586212158203,0,128813.79318237305,343503.4484863281,858758.6212158203,0,0,0,0,0,0,0,0,0
572,PHL.31.23_1,Eastern Samar,Taft,8246.2291328125,8088.2915566406255,157.93757617187384,98.91371154785156,2427.887655006707,148370.56732177734,395654.84619140625,989137.1154785156,0.016363674405458377,0.006136377902046891,0.0024545511608187564,1.1132704019546509,0.05742208659648895,1.1132704019546509,0.05742208659648895,0,0
573,PHL.32.1_1,Guimaras,Buenavista,0,0,0,0,0,0,0,0,NA,NA,NA,15.794912338256836,0,15.794912338256836,0,0,0
574,PHL.32.2_1,Guimaras,Jordan,0,0,0,0,0,0,0,0,NA,NA,NA,0,0,0,0,0,0
575,PHL.32.3_1,Guimaras,Nueva Valencia,0,0,0,92.28050231933594,0,138420.7534790039,369122.00927734375,922805.0231933594,0,0,0,0,0,0,0,0,0
576,PHL.32.4_1,Guimaras,San Lorenzo,3634282.8619999997,3634282.8619999997,0,0,0,0,0,0,NA,NA,NA,22.100664138793945,18.316312789916992,22.100664138793945,18.316312789916992,0,0
577,PHL.32.5_1,Guimaras,Sibunag,0,0,0,65.49958801269531,0,98249.38201904297,261998.35205078125,654995.8801269531,0,0,0,4.816112995147705,0,4.816112995147705,0,0,0
578,PHL.33.1_1,Ifugao,Aguinaldo,0,0,0,0,0,0,0,0,NA,NA,NA,0,0,0,0,0,0
579,PHL.33.2_1,Ifugao,Alfonso Lista,0,0,0,0,0,0,0,0,NA,NA,NA,0,0,0,0,0,0
580,PHL.33.3_1,Ifugao,Asipulo,0,0,0,0,0,0,0,0,NA,NA,NA,0,0,0,0,0,0
581,PHL.33.4_1,Ifugao,Banaue,0,0,0,0,0,0,0,0,NA,NA,NA,0,0,0,0,0,0
582,PHL.33.5_1,Ifugao,Hingyon,0,0,0,0,0,0,0,0,NA,NA,NA,0,0,0,0,0,0
583,PHL.33.6_1,Ifugao,Hungduan,0,0,0,0,0,0,0,0,NA,NA,NA,0,0,0,0,0,0
584,PHL.33.7_1,Ifugao,Kiangan,0,0,0,0,0,0,0,0,NA,NA,NA,0,0,0,0,0,0
585,PHL.33.8_1,Ifugao,Lagawe,0,0,0,0,0,0,0,0,NA,NA,NA,0,0,0,0,0,0
586,PHL.33.9_1,Ifugao,Lamut,0,0,0,0,0,0,0,0,NA,NA,NA,0,0,0,0,0,0
587,PHL.33.10_1,Ifugao,Mayoyao,0,0,0,0,0,0,0,0,NA,NA,NA,0,0,0,0,0,0
588,PHL.33.11_1,Ifugao,Tinoc,0,0,0,0,0,0,0,0,NA,NA,NA,0,0,0,0,0,0
589,PHL.34.1_1,Ilocos Norte,Adams,0,0,0,0,0,0,0,0,NA,NA,NA,0,0,0,0,0,0
590,PHL.34.2_1,Ilocos Norte,Bacarra,491483.2100625,491483.2100625,0,0,0,0,0,0,NA,NA,NA,0,1.2583329677581787,0,1.2583329677581787,0,0
591,PHL.34.3_1,Ilocos Norte,Badoc,0,0,0,0,0,0,0,0,NA,NA,NA,0,0,0,0,0,0
592,PHL.34.4_1,Ilocos Norte,Bangui,502421.86762499996,502421.8269375,0.04068749997531995,0,0.6254666007769023,0,0,0,NA,NA,NA,3.255657196044922,2.1352291107177734,3.255657196044922,2.1352291107177734,0,0
593,PHL.34.5_1,Ilocos Norte,Banna,0,0,0,0,0,0,0,0,NA,NA,NA,0,0,0,0,0,0
594,PHL.34.6_1,Ilocos Norte,Batac City,0,0,0,0,0,0,0,0,NA,NA,NA,0,0,0,0,0,0
595,PHL.34.7_1,Ilocos Norte,Burgos,1477230.15525,1477230.15525,0,0,0,0,0,0,NA,NA,NA,3.5285096168518066,7.2504191398620605,3.5285096168518066,7.2504191398620605,0,0
596,PHL.34.8_1,Ilocos Norte,Carasi,0,0,0,0,0,0,0,0,NA,NA,NA,0,0,0,0,0,0
597,PHL.34.9_1,Ilocos Norte,Currimao,0,0,0,0,0,0,0,0,NA,NA,NA,0,0,0,0,0,0
598,PHL.34.10_1,Ilocos Norte,Dingras,0,0,0,0,0,0,0,0,NA,NA,NA,0,0,0,0,0,0
599,PHL.34.11_1,Ilocos Norte,Dumalneg,0,0,0,0,0,0,0,0,NA,NA,NA,0,0,0,0,0,0
600,PHL.34.12_1,Ilocos Norte,Laoag City,102122.26209374997,102122.26209374997,0,0,0,0,0,0,NA,NA,NA,0,0,0,0,0,0
601,PHL.34.13_1,Ilocos Norte,Marcos,0,0,0,0,0,0,0,0,NA,NA,NA,0,0,0,0,0,0
602,PHL.34.14_1,Ilocos Norte,Nueva Era,0,0,0,0,0,0,0,0,NA,NA,NA,0,0,0,0,0,0
603,PHL.34.15_1,Ilocos Norte,Pagudpud,0,0,0,99.31809997558594,0,148977.1499633789,397272.39990234375,993180.9997558594,0,0,0,0,0,0,0,0,0
604,PHL.34.17_1,Ilocos Norte,Paoay,0,0,0,0,0,0,0,0,NA,NA,NA,0,0,0,0,0,0
605,PHL.34.16_1,Ilocos Norte,Paoay Lake,0,0,0,0,0,0,0,0,NA,NA,NA,0,0,0,0,0,0
606,PHL.34.18_1,Ilocos Norte,Pasuquin,80159.842,80159.842,0,0,0,0,0,0,NA,NA,NA,5.227673053741455,0.0999801829457283,5.227673053741455,0.0999801829457283,0,0
607,PHL.34.19_1,Ilocos Norte,Piddig,0,0,0,0,0,0,0,0,NA,NA,NA,0,0,0,0,0,0
608,PHL.34.20_1,Ilocos Norte,Pinili,0,0,0,0,0,0,0,0,NA,NA,NA,0,0,0,0,0,0
609,PHL.34.21_1,Ilocos Norte,San Nicolas,0,0,0,0,0,0,0,0,NA,NA,NA,0,0,0,0,0,0
610,PHL.34.22_1,Ilocos Norte,Sarrat,0,0,0,0,0,0,0,0,NA,NA,NA,0,0,0,0,0,0
611,PHL.34.23_1,Ilocos Norte,Solsona,0,0,0,0,0,0,0,0,NA,NA,NA,0,0,0,0,0,0
612,PHL.34.24_1,Ilocos Norte,Vintar,0,0,0,0,0,0,0,0,NA,NA,NA,0,0,0,0,0,0
613,PHL.35.1_1,Ilocos Sur,Alilem,0,0,0,0,0,0,0,0,NA,NA,NA,0,0,0,0,0,0
614,PHL.35.2_1,Ilocos Sur,Banayoyo,0,0,0,0,0,0,0,0,NA,NA,NA,0,0,0,0,0,0
615,PHL.35.3_1,Ilocos Sur,Bantay,0,0,0,0,0,0,0,0,NA,NA,NA,0,0,0,0,0,0
616,PHL.35.4_1,Ilocos Sur,Burgos,0,0,0,0,0,0,0,0,NA,NA,NA,0,0,0,0,0,0
617,PHL.35.5_1,Ilocos Sur,Cabugao,0,0,0,0,0,0,0,0,NA,NA,NA,0,0,0,0,0,0
618,PHL.35.6_1,Ilocos Sur,Candon City,5703831.3950000005,5703831.3950000005,0,0,0,0,0,0,NA,NA,NA,27.674638748168945,25.242998123168945,27.674638748168945,25.242998123168945,0,0
619,PHL.35.7_1,Ilocos Sur,Caoayan,1789279.2074999998,1789279.2074999998,0,0,0,0,0,0,NA,NA,NA,25.632129669189453,7.5584797859191895,25.632129669189453,7.5584797859191895,0,0
620,PHL.35.8_1,Ilocos Sur,Cervantes,0,0,0,0,0,0,0,0,NA,NA,NA,0,0,0,0,0,0
621,PHL.35.9_1,Ilocos Sur,Galimuyod,0,0,0,0,0,0,0,0,NA,NA,NA,0,0,0,0,0,0
622,PHL.35.10_1,Ilocos Sur,Gregorio Del Pilar,0,0,0,0,0,0,0,0,NA,NA,NA,0,0,0,0,0,0
623,PHL.35.11_1,Ilocos Sur,Lidlidda,0,0,0,0,0,0,0,0,NA,NA,NA,0,0,0,0,0,0
624,PHL.35.12_1,Ilocos Sur,Magsingal,0,0,0,0,0,0,0,0,NA,NA,NA,0,0,0,0,0,0
625,PHL.35.13_1,Ilocos Sur,Nagbukel,0,0,0,0,0,0,0,0,NA,NA,NA,0,0,0,0,0,0
626,PHL.35.14_1,Ilocos Sur,Narvacan,9350788.494000003,9350788.494000003,0,0,0,0,0,0,NA,NA,NA,60.43019104003906,62.62821578979492,60.43019104003906,62.62821578979492,0,0
627,PHL.35.15_1,Ilocos Sur,Quirino,0,0,0,0,0,0,0,0,NA,NA,NA,0,0,0,0,0,0
628,PHL.35.16_1,Ilocos Sur,Salcedo,0,0,0,0,0,0,0,0,NA,NA,NA,0,0,0,0,0,0
629,PHL.35.17_1,Ilocos Sur,San Emilio,0,0,0,0,0,0,0,0,NA,NA,NA,0,0,0,0,0,0
630,PHL.35.18_1,Ilocos Sur,San Esteban,0,0,0,0,0,0,0,0,NA,NA,NA,0,0,0,0,0,0
631,PHL.35.19_1,Ilocos Sur,San Ildefonso,840.8222681884766,840.8222681884766,0,0,0,0,0,0,NA,NA,NA,0.004868027288466692,0.003776619676500559,0.004868027288466692,0.003776619676500559,0,0
632,PHL.35.20_1,Ilocos Sur,San Juan,296220.8595,296220.8595,0,0,0,0,0,0,NA,NA,NA,0,0.8660174012184143,0,0.8660174012184143,0,0
633,PHL.35.21_1,Ilocos Sur,San Vicente,2722899.8805,2722899.8805,0,0,0,0,0,0,NA,NA,NA,25.45865249633789,15.972975730895996,25.45865249633789,15.972975730895996,0,0
634,PHL.35.26_1,Ilocos Sur,Santa,14531178.574,14531178.574,0,0,0,0,0,0,NA,NA,NA,19.386316299438477,58.68144607543945,19.386316299438477,58.68144607543945,0,0
635,PHL.35.22_1,Ilocos Sur,Santa Catalina,3910262.3799999994,3910262.3799999994,0,0,0,0,0,0,NA,NA,NA,22.549266815185547,30.45438575744629,22.549266815185547,30.45438575744629,0,0
636,PHL.35.23_1,Ilocos Sur,Santa Cruz,182428.1928125,182428.1928125,0,0,0,0,0,0,NA,NA,NA,0,0.8795461654663086,0,0.8795461654663086,0,0
637,PHL.35.24_1,Ilocos Sur,Santa Lucia,1840423.4372500002,1840423.4372500002,0,0,0,0,0,0,NA,NA,NA,15.137521743774414,15.367045402526855,15.137521743774414,15.367045402526855,0,0
638,PHL.35.25_1,Ilocos Sur,Santa Maria,662795.06025,662795.06025,0,0,0,0,0,0,NA,NA,NA,8.306605339050293,3.5230085849761963,8.306605339050293,3.5230085849761963,0,0
639,PHL.35.27_1,Ilocos Sur,Santiago,0,0,0,0,0,0,0,0,NA,NA,NA,0,0,0,0,0,0
640,PHL.35.28_1,Ilocos Sur,Santo Domingo,11347.223908203126,11347.223908203126,0,0,0,0,0,0,NA,NA,NA,0.32849258184432983,0.06701565533876419,0.32849258184432983,0.06701565533876419,0,0
641,PHL.35.29_1,Ilocos Sur,Sigay,0,0,0,0,0,0,0,0,NA,NA,NA,0,0,0,0,0,0
642,PHL.35.30_1,Ilocos Sur,Sinait,0,0,0,0,0,0,0,0,NA,NA,NA,0,0,0,0,0,0
643,PHL.35.31_1,Ilocos Sur,Sugpon,0,0,0,0,0,0,0,0,NA,NA,NA,0,0,0,0,0,0
644,PHL.35.32_1,Ilocos Sur,Suyo,0,0,0,0,0,0,0,0,NA,NA,NA,0,0,0,0,0,0
645,PHL.35.33_1,Ilocos Sur,Tagudin,1196.0422119140624,1196.0422119140624,0,0,0,0,0,0,NA,NA,NA,0,0,0,0,0,0
646,PHL.35.34_1,Ilocos Sur,Vigan City,1411105.1379999998,1411105.1379999998,0,0,0,0,0,0,NA,NA,NA,4.057375907897949,7.590131759643555,4.057375907897949,7.590131759643555,0,0
647,PHL.36.1_1,Iloilo,Ajuy,4741723.0030000005,4639164.415499999,102558.5875000013,82.78644561767578,1576576.8637300476,124179.66842651367,331145.7824707031,827864.4561767578,12.695933913392796,4.760975217522299,1.9043900870089194,51.326053619384766,17.47800064086914,51.326053619384766,17.47800064086914,0,0
648,PHL.36.2_1,Iloilo,Alimodian,0,0,0,0,0,0,0,0,NA,NA,NA,0,0,0,0,0,0
649,PHL.36.3_1,Iloilo,Anilao,389221.02043750003,375720.14106249996,13500.879375000077,214.35606384277344,207541.60701204115,321534.09576416016,857424.25537109375,2143560.6384277344,0.6454730921111067,0.24205240954166501,0.09682096381666601,73.61959075927734,2.046809196472168,73.61959075927734,2.046809196472168,0,0
650,PHL.36.4_1,Iloilo,Badiangan,0,0,0,0,0,0,0,0,NA,NA,NA,0,0,0,0,0,0
651,PHL.36.5_1,Iloilo,Balasan,2233368.788,2233368.788,0,0,0,0,0,0,NA,NA,NA,19.582275390625,13.690072059631348,19.582275390625,13.690072059631348,0,0
652,PHL.36.6_1,Iloilo,Banate,18157017.362000003,17925250.124,231767.23800000176,123.9448471069336,3562830.5157909244,185917.2706604004,495779.3884277344,1239448.471069336,19.163526353067276,7.1863223824002285,2.8745289529600915,66.24398040771484,39.99037170410156,66.24398040771484,39.99037170410156,0,0
653,PHL.36.7_1,Iloilo,Barotac Nuevo,4641478.426999999,4583455.729499999,58022.69749999978,236.78640747070312,891951.0757663834,355179.6112060547,947145.6298828125,2367864.0747070312,2.511267673101103,0.9417253774129136,0.37669015096516545,62.26511001586914,19.308368682861328,62.26511001586914,19.308368682861328,0,0
654,PHL.36.8_1,Iloilo,Barotac Viejo,1202206.45025,1143538.735,58667.71524999989,111.11326599121094,901866.5795397303,166669.8989868164,444453.06396484375,1111132.6599121094,5.411094534898998,2.029160450587124,0.8116641802348498,32.83512496948242,12.02393913269043,32.83512496948242,12.02393913269043,0,0
655,PHL.36.9_1,Iloilo,Batad,0,0,0,0,0,0,0,0,NA,NA,NA,0,0,0,0,0,0
656,PHL.36.10_1,Iloilo,Bingawan,0,0,0,0,0,0,0,0,NA,NA,NA,0,0,0,0,0,0
657,PHL.36.11_1,Iloilo,Cabatuan,0,0,0,0,0,0,0,0,NA,NA,NA,0,0,0,0,0,0
658,PHL.36.12_1,Iloilo,Calinog,0,0,0,0,0,0,0,0,NA,NA,NA,0,0,0,0,0,0
659,PHL.36.13_1,Iloilo,Carles,347125.03881249996,347125.03881249996,0,0,0,0,0,0,NA,NA,NA,18.72105598449707,0.9932235479354858,18.72105598449707,0.9932235479354858,0,0
660,PHL.36.14_1,Iloilo,Concepcion,0,0,0,0,0,0,0,0,NA,NA,NA,3.2609574794769287,0,3.2609574794769287,0,0,0
661,PHL.36.15_1,Iloilo,Dingle,0,0,0,0,0,0,0,0,NA,NA,NA,0,0,0,0,0,0
662,PHL.36.16_1,Iloilo,Duenas,0,0,0,0,0,0,0,0,NA,NA,NA,0,0,0,0,0,0
663,PHL.36.17_1,Iloilo,Dumangas,22278853.236,22278477.295999996,375.9400000050664,7.488898754119873,5779.119239124214,11233.34813117981,29955.595016479492,74888.98754119873,0.5144609756269743,0.1929228658601154,0.07716914634404615,168.63623046875,72.73512268066406,168.63623046875,72.73512268066406,0,0
664,PHL.36.18_1,Iloilo,Estancia,2882770.749,2882770.749,0,0,0,0,0,0,NA,NA,NA,9.0966949462890625,15.823564529418945,9.0966949462890625,15.823564529418945,0,0
665,PHL.36.19_1,Iloilo,Guimbal,0,0,0,0,0,0,0,0,NA,NA,NA,0,0,0,0,0,0
666,PHL.36.20_1,Iloilo,Igbaras,0,0,0,0,0,0,0,0,NA,NA,NA,0,0,0,0,0,0
667,PHL.36.21_1,Iloilo,Iloilo City,593009784.192,567271961.7279999,25737822.464000106,100.04859924316406,395653415.3664464,150072.8988647461,400194.39697265625,1000485.9924316406,2636.408161363171,988.6530605111892,395.4612242044757,1333.572021484375,2780.78759765625,1333.572021484375,2780.78759765625,0,0
668,PHL.36.22_1,Iloilo,Janiuay,0,0,0,0,0,0,0,0,NA,NA,NA,0,0,0,0,0,0
669,PHL.36.23_1,Iloilo,Lambunao,0,0,0,0,0,0,0,0,NA,NA,NA,0,0,0,0,0,0
670,PHL.36.24_1,Iloilo,Leganes,29309440.335999995,29294143.947999995,15296.388000000268,0,235142.97541820232,0,0,0,NA,NA,NA,67.11307525634766,88.17927551269531,67.11307525634766,88.17927551269531,0,0
671,PHL.36.25_1,Iloilo,Lemery,0,0,0,0,0,0,0,0,NA,NA,NA,0,0,0,0,0,0
672,PHL.36.26_1,Iloilo,Leon,0,0,0,0,0,0,0,0,NA,NA,NA,0,0,0,0,0,0
673,PHL.36.27_1,Iloilo,Maasin,0,0,0,0,0,0,0,0,NA,NA,NA,0,0,0,0,0,0
674,PHL.36.28_1,Iloilo,Miagao,0,0,0,0,0,0,0,0,NA,NA,NA,0,0,0,0,0,0
675,PHL.36.29_1,Iloilo,Mina,0,0,0,0,0,0,0,0,NA,NA,NA,0,0,0,0,0,0
676,PHL.36.30_1,Iloilo,New Lucena,0,0,0,0,0,0,0,0,NA,NA,NA,0,0,0,0,0,0
677,PHL.36.31_1,Iloilo,Oton,1784920.2659999998,1784908.086,12.179999999934807,0,187.2364535064307,0,0,0,NA,NA,NA,28.429458618164062,17.913400650024414,28.429458618164062,17.913400650024414,0,0
678,PHL.36.32_1,Iloilo,Passi City,0,0,0,0,0,0,0,0,NA,NA,NA,0,0,0,0,0,0
679,PHL.36.33_1,Iloilo,Pavia,0,0,0,0,0,0,0,0,NA,NA,NA,0,0,0,0,0,0
680,PHL.36.34_1,Iloilo,Pototan,0,0,0,0,0,0,0,0,NA,NA,NA,0,0,0,0,0,0
681,PHL.36.35_1,Iloilo,San Dionisio,62166.58989062501,62166.58989062501,0,0,0,0,0,0,NA,NA,NA,14.838665962219238,0.5807499885559082,14.838665962219238,0.5807499885559082,0,0
682,PHL.36.36_1,Iloilo,San Enrique,0,0,0,0,0,0,0,0,NA,NA,NA,0,0,0,0,0,0
683,PHL.36.37_1,Iloilo,San Joaquin,0,0,0,0,0,0,0,0,NA,NA,NA,0,0,0,0,0,0
684,PHL.36.38_1,Iloilo,San Miguel,0,0,0,0,0,0,0,0,NA,NA,NA,0,0,0,0,0,0
685,PHL.36.39_1,Iloilo,San Rafael,0,0,0,0,0,0,0,0,NA,NA,NA,0,0,0,0,0,0
686,PHL.36.40_1,Iloilo,Santa Barbara,0,0,0,0,0,0,0,0,NA,NA,NA,0,0,0,0,0,0
687,PHL.36.41_1,Iloilo,Sara,0,0,0,0,0,0,0,0,NA,NA,NA,0.025323932990431786,0,0.025323932990431786,0,0,0
688,PHL.36.42_1,Iloilo,Tigbauan,6457.405000000001,6457.405000000001,0,0,0,0,0,0,NA,NA,NA,0,0,0,0,0,0
689,PHL.36.43_1,Iloilo,Tubungan,0,0,0,0,0,0,0,0,NA,NA,NA,0,0,0,0,0,0
690,PHL.36.44_1,Iloilo,Zarraga,3380363.9274999998,3380270.3880000007,93.53949999902397,0,1437.9313828141026,0,0,0,NA,NA,NA,24.457338333129883,8.2940216064453125,24.457338333129883,8.2940216064453125,0,0
691,PHL.37.1_1,Isabela,Alicia,0,0,0,0,0,0,0,0,NA,NA,NA,0,0,0,0,0,0
692,PHL.37.2_1,Isabela,Angadanan,0,0,0,0,0,0,0,0,NA,NA,NA,0,0,0,0,0,0
693,PHL.37.3_1,Isabela,Aurora,0,0,0,0,0,0,0,0,NA,NA,NA,0,0,0,0,0,0
694,PHL.37.4_1,Isabela,Benito Soliven,0,0,0,0,0,0,0,0,NA,NA,NA,0,0,0,0,0,0
695,PHL.37.5_1,Isabela,Burgos,0,0,0,0,0,0,0,0,NA,NA,NA,0,0,0,0,0,0
696,PHL.37.6_1,Isabela,Cabagan,0,0,0,0,0,0,0,0,NA,NA,NA,0,0,0,0,0,0
697,PHL.37.7_1,Isabela,Cabatuan,0,0,0,0,0,0,0,0,NA,NA,NA,0,0,0,0,0,0
698,PHL.37.8_1,Isabela,Cauayan City,0,0,0,0,0,0,0,0,NA,NA,NA,0,0,0,0,0,0
699,PHL.37.9_1,Isabela,Cordon,0,0,0,0,0,0,0,0,NA,NA,NA,0,0,0,0,0,0
700,PHL.37.10_1,Isabela,Delfin Albano,0,0,0,0,0,0,0,0,NA,NA,NA,0,0,0,0,0,0
701,PHL.37.11_1,Isabela,Dinapigue,0,0,0,0,0,0,0,0,NA,NA,NA,0,0,0,0,0,0
702,PHL.37.12_1,Isabela,Divilacan,0,0,0,138.15296936035156,0,207229.45404052734,552611.87744140625,1381529.6936035156,0,0,0,0,0,0,0,0,0
703,PHL.37.13_1,Isabela,Echague,0,0,0,0,0,0,0,0,NA,NA,NA,0,0,0,0,0,0
704,PHL.37.14_1,Isabela,Gamu,0,0,0,0,0,0,0,0,NA,NA,NA,0,0,0,0,0,0
705,PHL.37.15_1,Isabela,Ilagan,0,0,0,444.2869567871094,0,666430.4351806641,1777147.8271484375,4442869.567871094,0,0,0,0,0,0,0,0,0
706,PHL.37.16_1,Isabela,Jones,0,0,0,0,0,0,0,0,NA,NA,NA,0,0,0,0,0,0
707,PHL.37.17_1,Isabela,Luna,0,0,0,0,0,0,0,0,NA,NA,NA,0,0,0,0,0,0
708,PHL.37.18_1,Isabela,Maconacon,0,0,0,5.485485889948905e-4,0,0.8228228834923357,2.194194355979562,5.4854858899489045,0,0,0,0,0,0,0,0,0
709,PHL.37.19_1,Isabela,Mallig,0,0,0,0,0,0,0,0,NA,NA,NA,0,0,0,0,0,0
710,PHL.37.20_1,Isabela,Naguilian,0,0,0,0,0,0,0,0,NA,NA,NA,0,0,0,0,0,0
711,PHL.37.21_1,Isabela,Palanan,0,0,0,0,0,0,0,0,NA,NA,NA,0,0,0,0,0,0
712,PHL.37.22_1,Isabela,Quezon,0,0,0,0,0,0,0,0,NA,NA,NA,0,0,0,0,0,0
713,PHL.37.23_1,Isabela,Quirino,0,0,0,0,0,0,0,0,NA,NA,NA,0,0,0,0,0,0
714,PHL.37.24_1,Isabela,Ramon,0,0,0,0,0,0,0,0,NA,NA,NA,0,0,0,0,0,0
715,PHL.37.25_1,Isabela,Reina Mercedes,0,0,0,0,0,0,0,0,NA,NA,NA,0,0,0,0,0,0
716,PHL.37.26_1,Isabela,Roxas,0,0,0,0,0,0,0,0,NA,NA,NA,0,0,0,0,0,0
717,PHL.37.27_1,Isabela,San Agustin,0,0,0,0,0,0,0,0,NA,NA,NA,0,0,0,0,0,0
718,PHL.37.28_1,Isabela,San Guillermo,0,0,0,0,0,0,0,0,NA,NA,NA,0,0,0,0,0,0
719,PHL.37.29_1,Isabela,San Isidro,0,0,0,0,0,0,0,0,NA,NA,NA,0,0,0,0,0,0
720,PHL.37.30_1,Isabela,San Manuel,0,0,0,0,0,0,0,0,NA,NA,NA,0,0,0,0,0,0
721,PHL.37.31_1,Isabela,San Mariano,0,0,0,0,0,0,0,0,NA,NA,NA,0,0,0,0,0,0
722,PHL.37.32_1,Isabela,San Mateo,0,0,0,0,0,0,0,0,NA,NA,NA,0,0,0,0,0,0
723,PHL.37.33_1,Isabela,San Pablo,0,0,0,0,0,0,0,0,NA,NA,NA,0,0,0,0,0,0
724,PHL.37.34_1,Isabela,Santa Maria,0,0,0,0,0,0,0,0,NA,NA,NA,0,0,0,0,0,0
725,PHL.37.35_1,Isabela,Santiago City,0,0,0,0,0,0,0,0,NA,NA,NA,0,0,0,0,0,0
726,PHL.37.36_1,Isabela,Santo Tomas,0,0,0,0,0,0,0,0,NA,NA,NA,0,0,0,0,0,0
727,PHL.37.37_1,Isabela,Tumauini,0,0,0,0,0,0,0,0,NA,NA,NA,0,0,0,0,0,0
728,PHL.38.1_1,Kalinga,Balbalan,0,0,0,0,0,0,0,0,NA,NA,NA,0,0,0,0,0,0
729,PHL.38.2_1,Kalinga,Lubuagan,0,0,0,0,0,0,0,0,NA,NA,NA,0,0,0,0,0,0
730,PHL.38.3_1,Kalinga,Pasil,0,0,0,0,0,0,0,0,NA,NA,NA,0,0,0,0,0,0
731,PHL.38.4_1,Kalinga,Pinukpuk,0,0,0,0,0,0,0,0,NA,NA,NA,0,0,0,0,0,0
732,PHL.38.5_1,Kalinga,Rizal,0,0,0,0,0,0,0,0,NA,NA,NA,0,0,0,0,0,0
733,PHL.38.6_1,Kalinga,Tabuk City,0,0,0,0,0,0,0,0,NA,NA,NA,0,0,0,0,0,0
734,PHL.38.7_1,Kalinga,Tanudan,0,0,0,0,0,0,0,0,NA,NA,NA,0,0,0,0,0,0
735,PHL.38.8_1,Kalinga,Tinglayan,0,0,0,0,0,0,0,0,NA,NA,NA,0,0,0,0,0,0
736,PHL.39.1_1,La Union,Agoo,4547000.851,4541023.267999999,5977.583000000566,0,91890.10192663605,0,0,0,NA,NA,NA,99.865997314453125,28.038415908813477,99.865997314453125,28.038415908813477,0,0
737,PHL.39.2_1,La Union,Aringay,102908.31403124999,102906.891515625,1.4225156249885913,0,21.86755178011274,0,0,0,NA,NA,NA,11.142266273498535,1.0593464374542236,11.142266273498535,1.0593464374542236,0,0
738,PHL.39.3_1,La Union,Bacnotan,0,0,0,0,0,0,0,0,NA,NA,NA,0,0,0,0,0,0
739,PHL.39.4_1,La Union,Bagulin,0,0,0,0,0,0,0,0,NA,NA,NA,0,0,0,0,0,0
740,PHL.39.5_1,La Union,Balaoan,0,0,0,0,0,0,0,0,NA,NA,NA,0,0,0,0,0,0
741,PHL.39.6_1,La Union,Bangar,1256931.501,1256931.501,0,0,0,0,0,0,NA,NA,NA,23.512466430664062,9.263497352600098,23.512466430664062,9.263497352600098,0,0
742,PHL.39.7_1,La Union,Bauang,8080166.134999999,7771605.881999999,308560.25299999956,160.68466186523438,4743327.378085069,241026.99279785156,642738.6474609375,1606846.6186523438,19.679652154409446,7.379869557903542,2.951947823161417,29.5968074798584,68.20061492919922,29.5968074798584,68.20061492919922,0,0
743,PHL.39.8_1,La Union,Burgos,0,0,0,0,0,0,0,0,NA,NA,NA,0,0,0,0,0,0
744,PHL.39.9_1,La Union,Caba,620602.522375,620561.7038750001,40.81849999981932,0,627.4803922380394,0,0,0,NA,NA,NA,4.854737758636475,0.038057200610637665,4.854737758636475,0.038057200610637665,0,0
745,PHL.39.10_1,La Union,Luna,0,0,0,0,0,0,0,0,NA,NA,NA,0,0,0,0,0,0
746,PHL.39.11_1,La Union,Naguilian,0,0,0,0,0,0,0,0,NA,NA,NA,0,0,0,0,0,0
747,PHL.39.12_1,La Union,Pugo,0,0,0,0,0,0,0,0,NA,NA,NA,0,0,0,0,0,0
748,PHL.39.13_1,La Union,Rosario,0,0,0,0,0,0,0,0,NA,NA,NA,0,0,0,0,0,0
749,PHL.39.14_1,La Union,San Fernando City,0,0,0,0,0,0,0,0,NA,NA,NA,0,0,0,0,0,0
750,PHL.39.15_1,La Union,San Gabriel,0,0,0,0,0,0,0,0,NA,NA,NA,0,0,0,0,0,0
751,PHL.39.16_1,La Union,San Juan,0,0,0,0,0,0,0,0,NA,NA,NA,0,0,0,0,0,0
752,PHL.39.17_1,La Union,Santo Tomas,1631545.433,1619891.5237500002,11653.909249999793,73.51667022705078,179149.14921735864,110275.00534057617,294066.6809082031,735166.7022705078,1.624567132543497,0.6092126747038114,0.24368506988152455,29.93219757080078,11.572012901306152,29.93219757080078,11.572012901306152,0,0
753,PHL.39.18_1,La Union,Santol,0,0,0,0,0,0,0,0,NA,NA,NA,0,0,0,0,0,0
754,PHL.39.19_1,La Union,Sudipen,0,0,0,0,0,0,0,0,NA,NA,NA,0,0,0,0,0,0
755,PHL.39.20_1,La Union,Tubao,0,0,0,0,0,0,0,0,NA,NA,NA,0,0,0,0,0,0
756,PHL.40.1_1,Laguna,Alaminos,0,0,0,0,0,0,0,0,NA,NA,NA,0,0,0,0,0,0
757,PHL.40.2_1,Laguna,Bay,0,0,0,0,0,0,0,0,NA,NA,NA,0,0,0,0,0,0
758,PHL.40.3_1,Laguna,Biñan,0,0,0,0,0,0,0,0,NA,NA,NA,0,0,0,0,0,0
759,PHL.40.4_1,Laguna,Cabuyao,0,0,0,0,0,0,0,0,NA,NA,NA,0,0,0,0,0,0
760,PHL.40.5_1,Laguna,Calamba City,0,0,0,0,0,0,0,0,NA,NA,NA,0,0,0,0,0,0
761,PHL.40.6_1,Laguna,Calauan,0,0,0,0,0,0,0,0,NA,NA,NA,0,0,0,0,0,0
762,PHL.40.7_1,Laguna,Cavinti,0,0,0,0,0,0,0,0,NA,NA,NA,0,0,0,0,0,0
763,PHL.40.8_1,Laguna,Famy,0,0,0,0,0,0,0,0,NA,NA,NA,0,0,0,0,0,0
764,PHL.40.9_1,Laguna,Kalayaan,0,0,0,0,0,0,0,0,NA,NA,NA,0,0,0,0,0,0
765,PHL.40.10_1,Laguna,Kalibato Lake,0,0,0,0,0,0,0,0,NA,NA,NA,0,0,0,0,0,0
766,PHL.40.11_1,Laguna,Laguna lake,0,0,0,0,0,0,0,0,NA,NA,NA,0,0,0,0,0,0
767,PHL.40.12_1,Laguna,Liliw,0,0,0,0,0,0,0,0,NA,NA,NA,0,0,0,0,0,0
768,PHL.40.13_1,Laguna,Los Baños,0,0,0,0,0,0,0,0,NA,NA,NA,0,0,0,0,0,0
769,PHL.40.14_1,Laguna,Luisiana,0,0,0,0,0,0,0,0,NA,NA,NA,0,0,0,0,0,0
770,PHL.40.15_1,Laguna,Lumban,0,0,0,0,0,0,0,0,NA,NA,NA,0,0,0,0,0,0
771,PHL.40.16_1,Laguna,Mabitac,0,0,0,0,0,0,0,0,NA,NA,NA,0,0,0,0,0,0
772,PHL.40.17_1,Laguna,Magdalena,0,0,0,0,0,0,0,0,NA,NA,NA,0,0,0,0,0,0
773,PHL.40.18_1,Laguna,Majayjay,0,0,0,0,0,0,0,0,NA,NA,NA,0,0,0,0,0,0
774,PHL.40.19_1,Laguna,Nagcarlan,0,0,0,0,0,0,0,0,NA,NA,NA,0,0,0,0,0,0
775,PHL.40.20_1,Laguna,Paete,0,0,0,0,0,0,0,0,NA,NA,NA,0,0,0,0,0,0
776,PHL.40.21_1,Laguna,Pagsanjan,0,0,0,0,0,0,0,0,NA,NA,NA,0,0,0,0,0,0
777,PHL.40.22_1,Laguna,Pakil,0,0,0,0,0,0,0,0,NA,NA,NA,0,0,0,0,0,0
778,PHL.40.23_1,Laguna,Palakpakin Lake,0,0,0,0,0,0,0,0,NA,NA,NA,0,0,0,0,0,0
779,PHL.40.24_1,Laguna,Pangil,0,0,0,0,0,0,0,0,NA,NA,NA,0,0,0,0,0,0
780,PHL.40.25_1,Laguna,Pila,0,0,0,0,0,0,0,0,NA,NA,NA,0,0,0,0,0,0
781,PHL.40.26_1,Laguna,Rizal,0,0,0,0,0,0,0,0,NA,NA,NA,0,0,0,0,0,0
782,PHL.40.27_1,Laguna,Sampaloc Lake,0,0,0,0,0,0,0,0,NA,NA,NA,0,0,0,0,0,0
783,PHL.40.28_1,Laguna,San Pablo City,0,0,0,0,0,0,0,0,NA,NA,NA,0,0,0,0,0,0
784,PHL.40.29_1,Laguna,San Pedro,0,0,0,0,0,0,0,0,NA,NA,NA,0,0,0,0,0,0
785,PHL.40.30_1,Laguna,Santa Cruz,0,0,0,0,0,0,0,0,NA,NA,NA,0,0,0,0,0,0
786,PHL.40.31_1,Laguna,Santa Maria,0,0,0,0,0,0,0,0,NA,NA,NA,0,0,0,0,0,0
787,PHL.40.32_1,Laguna,Santa Rosa City,0,0,0,0,0,0,0,0,NA,NA,NA,0,0,0,0,0,0
788,PHL.40.33_1,Laguna,Siniloan,0,0,0,0,0,0,0,0,NA,NA,NA,0,0,0,0,0,0
789,PHL.40.34_1,Laguna,Victoria,0,0,0,0,0,0,0,0,NA,NA,NA,0,0,0,0,0,0
790,PHL.40.35_1,Laguna,Waterbody,0,0,0,0,0,0,0,0,NA,NA,NA,0,0,0,0,0,0
791,PHL.41.1_1,Lanao del Norte,Bacolod,0,0,0,0,0,0,0,0,NA,NA,NA,0,0,0,0,0,0
792,PHL.41.2_1,Lanao del Norte,Baloi,0,0,0,0,0,0,0,0,NA,NA,NA,0,0,0,0,0,0
793,PHL.41.3_1,Lanao del Norte,Baroy,248496.838125,244063.29862500002,4433.539499999984,29.90961456298828,68154.36883950036,44864.42184448242,119638.45825195312,299096.1456298828,1.5191184024559587,0.5696694009209845,0.22786776036839382,1.3786612749099731,0.9543994665145874,1.3786612749099731,0.9543994665145874,0,0
794,PHL.41.4_1,Lanao del Norte,Iligan City,189981.1704375,189981.1704375,0,0,0,0,0,0,NA,NA,NA,0,0,0,0,0,0
795,PHL.41.5_1,Lanao del Norte,Kapatagan,0,0,0,445.9391784667969,0,668908.7677001953,1783756.7138671875,4459391.784667969,0,0,0,34.32649230957031,0,34.32649230957031,0,0,0
796,PHL.41.6_1,Lanao del Norte,Kauswagan,0,0,0,89.96552276611328,0,134948.28414916992,359862.0910644531,899655.2276611328,0,0,0,0,0,0,0,0,0
797,PHL.41.7_1,Lanao del Norte,Kolambugan,4549.7826015625005,4548.14978125,1.632820312500371,0,25.100450289611473,0,0,0,NA,NA,NA,0,0,0,0,0,0
798,PHL.41.8_1,Lanao del Norte,Lala,180.35733447265625,167.56152416992188,12.795810302734367,580.72509765625,196.70296722806683,871087.646484375,2322900.390625,5807250.9765625,2.2581306028381974e-4,8.46798976064324e-5,3.387195904257296e-5,84.6797866821289,0,84.6797866821289,0,0,0
799,PHL.41.9_1,Lanao del Norte,Linamon,0,0,0,0,0,0,0,0,NA,NA,NA,0,0,0,0,0,0
800,PHL.41.10_1,Lanao del Norte,Magsaysay,0,0,0,0,0,0,0,0,NA,NA,NA,0,0,0,0,0,0
801,PHL.41.11_1,Lanao del Norte,Maigo,0,0,0,0,0,0,0,0,NA,NA,NA,0,0,0,0,0,0
802,PHL.41.12_1,Lanao del Norte,Matungao,0,0,0,0,0,0,0,0,NA,NA,NA,0,0,0,0,0,0
803,PHL.41.13_1,Lanao del Norte,Munai,0,0,0,0,0,0,0,0,NA,NA,NA,0,0,0,0,0,0
804,PHL.41.14_1,Lanao del Norte,Nunungan,0,0,0,0,0,0,0,0,NA,NA,NA,0,0,0,0,0,0
805,PHL.41.15_1,Lanao del Norte,Pantao Ragat,0,0,0,0,0,0,0,0,NA,NA,NA,0,0,0,0,0,0
806,PHL.41.16_1,Lanao del Norte,Pantar,0,0,0,0,0,0,0,0,NA,NA,NA,0,0,0,0,0,0
807,PHL.41.17_1,Lanao del Norte,Poona Piagapo,0,0,0,0,0,0,0,0,NA,NA,NA,0,0,0,0,0,0
808,PHL.41.18_1,Lanao del Norte,Salvador,0,0,0,0,0,0,0,0,NA,NA,NA,0,0,0,0,0,0
809,PHL.41.19_1,Lanao del Norte,Sapad,0,0,0,0,0,0,0,0,NA,NA,NA,0,0,0,0,0,0
810,PHL.41.20_1,Lanao del Norte,Sultan Naga Dimaporo,0,0,0,0,0,0,0,0,NA,NA,NA,3.5661187171936035,0,3.5661187171936035,0,0,0
811,PHL.41.21_1,Lanao del Norte,Tagoloan,0,0,0,0,0,0,0,0,NA,NA,NA,0,0,0,0,0,0
812,PHL.41.22_1,Lanao del Norte,Tangcal,0,0,0,0,0,0,0,0,NA,NA,NA,0,0,0,0,0,0
813,PHL.41.23_1,Lanao del Norte,Tubod,1225561.7349999999,1060533.9615,165027.7734999999,114.84901428222656,2536881.3662042604,172273.52142333984,459396.05712890625,1148490.1428222656,14.72589255298383,5.522209707368936,2.2088838829475743,15.1301908493042,9.086617469787598,15.1301908493042,9.086617469787598,0,0
814,PHL.42.1_1,Lanao del Sur,Bacolod Kalawi,0,0,0,0,0,0,0,0,NA,NA,NA,0,0,0,0,0,0
815,PHL.42.2_1,Lanao del Sur,Balabagan,0,0,0,0,0,0,0,0,NA,NA,NA,0,0,0,0,0,0
816,PHL.42.3_1,Lanao del Sur,Balindong,0,0,0,0,0,0,0,0,NA,NA,NA,0,0,0,0,0,0
817,PHL.42.4_1,Lanao del Sur,Bayang,0,0,0,0,0,0,0,0,NA,NA,NA,0,0,0,0,0,0
818,PHL.42.5_1,Lanao del Sur,Binidayan,0,0,0,0,0,0,0,0,NA,NA,NA,0,0,0,0,0,0
819,PHL.42.6_1,Lanao del Sur,Buadiposo-Buntong,0,0,0,0,0,0,0,0,NA,NA,NA,0,0,0,0,0,0
820,PHL.42.7_1,Lanao del Sur,Bubong,0,0,0,0,0,0,0,0,NA,NA,NA,0,0,0,0,0,0
821,PHL.42.8_1,Lanao del Sur,Bumbaran,0,0,0,0,0,0,0,0,NA,NA,NA,0,0,0,0,0,0
822,PHL.42.9_1,Lanao del Sur,Butig,0,0,0,0,0,0,0,0,NA,NA,NA,0,0,0,0,0,0
823,PHL.42.10_1,Lanao del Sur,Calanogas,0,0,0,0,0,0,0,0,NA,NA,NA,0,0,0,0,0,0
824,PHL.42.11_1,Lanao del Sur,Dapao Lake,0,0,0,0,0,0,0,0,NA,NA,NA,0,0,0,0,0,0
825,PHL.42.12_1,Lanao del Sur,Ditsaan-Ramain,0,0,0,0,0,0,0,0,NA,NA,NA,0,0,0,0,0,0
826,PHL.42.13_1,Lanao del Sur,Ganassi,0,0,0,0,0,0,0,0,NA,NA,NA,0,0,0,0,0,0
827,PHL.42.14_1,Lanao del Sur,Kapai,0,0,0,0,0,0,0,0,NA,NA,NA,0,0,0,0,0,0
828,PHL.42.15_1,Lanao del Sur,Kapatagan,0,0,0,123.72173309326172,0,185582.59963989258,494886.9323730469,1237217.3309326172,0,0,0,0,0,0,0,0,0
829,PHL.42.16_1,Lanao del Sur,Lanao Lake,0,0,0,0,0,0,0,0,NA,NA,NA,0,0,0,0,0,0
830,PHL.42.17_1,Lanao del Sur,Lumba-Bayabao,0,0,0,0,0,0,0,0,NA,NA,NA,0,0,0,0,0,0
831,PHL.42.18_1,Lanao del Sur,Lumbaca Unayan,0,0,0,0,0,0,0,0,NA,NA,NA,0,0,0,0,0,0
832,PHL.42.19_1,Lanao del Sur,Lumbatan,0,0,0,0,0,0,0,0,NA,NA,NA,0,0,0,0,0,0
833,PHL.42.20_1,Lanao del Sur,Lumbayanague,0,0,0,0,0,0,0,0,NA,NA,NA,0,0,0,0,0,0
834,PHL.42.21_1,Lanao del Sur,Madalum,0,0,0,0,0,0,0,0,NA,NA,NA,0,0,0,0,0,0
835,PHL.42.22_1,Lanao del Sur,Madamba,0,0,0,0,0,0,0,0,NA,NA,NA,0,0,0,0,0,0
836,PHL.42.23_1,Lanao del Sur,Maguing,0,0,0,0,0,0,0,0,NA,NA,NA,0,0,0,0,0,0
837,PHL.42.24_1,Lanao del Sur,Malabang,0,0,0,144.78262329101562,0,217173.93493652344,579130.4931640625,1447826.2329101562,0,0,0,0,0,0,0,0,0
838,PHL.42.25_1,Lanao del Sur,Marantao,0,0,0,0,0,0,0,0,NA,NA,NA,0,0,0,0,0,0
839,PHL.42.26_1,Lanao del Sur,Marawi City,0,0,0,0,0,0,0,0,NA,NA,NA,0,0,0,0,0,0
840,PHL.42.27_1,Lanao del Sur,Marogong,0,0,0,0,0,0,0,0,NA,NA,NA,0,0,0,0,0,0
841,PHL.42.28_1,Lanao del Sur,Masiu,0,0,0,0,0,0,0,0,NA,NA,NA,0,0,0,0,0,0
842,PHL.42.29_1,Lanao del Sur,Mulondo,0,0,0,0,0,0,0,0,NA,NA,NA,0,0,0,0,0,0
843,PHL.42.30_1,Lanao del Sur,Pagayawan,0,0,0,0,0,0,0,0,NA,NA,NA,0,0,0,0,0,0
844,PHL.42.31_1,Lanao del Sur,Piagapo,0,0,0,0,0,0,0,0,NA,NA,NA,0,0,0,0,0,0
845,PHL.42.32_1,Lanao del Sur,Picong,0,0,0,28.175151824951172,0,42262.72773742676,112700.60729980469,281751.5182495117,0,0,0,0,0,0,0,0,0
846,PHL.42.33_1,Lanao del Sur,Poona Bayabao,0,0,0,0,0,0,0,0,NA,NA,NA,0,0,0,0,0,0
847,PHL.42.34_1,Lanao del Sur,Pualas,0,0,0,0,0,0,0,0,NA,NA,NA,0,0,0,0,0,0
848,PHL.42.35_1,Lanao del Sur,Saguiaran,0,0,0,0,0,0,0,0,NA,NA,NA,0,0,0,0,0,0
849,PHL.42.36_1,Lanao del Sur,Sultan Dumalondong,0,0,0,0,0,0,0,0,NA,NA,NA,0,0,0,0,0,0
850,PHL.42.37_1,Lanao del Sur,Tagoloan II,0,0,0,0,0,0,0,0,NA,NA,NA,0,0,0,0,0,0
851,PHL.42.38_1,Lanao del Sur,Tamparan,0,0,0,0,0,0,0,0,NA,NA,NA,0,0,0,0,0,0
852,PHL.42.39_1,Lanao del Sur,Taraka,0,0,0,0,0,0,0,0,NA,NA,NA,0,0,0,0,0,0
853,PHL.42.40_1,Lanao del Sur,Tubaran,0,0,0,0,0,0,0,0,NA,NA,NA,0,0,0,0,0,0
854,PHL.42.41_1,Lanao del Sur,Tugaya,0,0,0,0,0,0,0,0,NA,NA,NA,0,0,0,0,0,0
855,PHL.42.42_1,Lanao del Sur,Wao,0,0,0,0,0,0,0,0,NA,NA,NA,0,0,0,0,0,0
856,PHL.43.1_1,Leyte,Abuyog,0,0,0,298.9284362792969,0,448392.6544189453,1195713.7451171875,2989284.3627929688,0,0,0,0,0,0,0,0,0
857,PHL.43.2_1,Leyte,Alangalang,0,0,0,0,0,0,0,0,NA,NA,NA,0,0,0,0,0,0
858,PHL.43.3_1,Leyte,Albuera,339416.341375,339416.341375,0,66.52362060546875,0,99785.430908203125,266094.482421875,665236.2060546875,0,0,0,19.9288330078125,5.148801803588867,19.9288330078125,5.148801803588867,0,0
859,PHL.43.4_1,Leyte,Babatngon,0,0,0,1191.79345703125,0,1787690.185546875,4767173.828125,11917934.5703125,0,0,0,0,0,0,0,0,0
860,PHL.43.5_1,Leyte,Barugo,406042.27162499994,356444.758375,49597.51324999996,333.7630615234375,762435.3434907966,500644.59228515625,1335052.24609375,3337630.615234375,1.52290737828749,0.5710902668578087,0.2284361067431235,5.825362205505371,1.6445189714431763,5.825362205505371,1.6445189714431763,0,0
861,PHL.43.6_1,Leyte,Bato,86375.043390625,65219.92440625,21155.118984374996,66.00135040283203,325206.0305551839,99002.02560424805,264005.4016113281,660013.5040283203,3.2848421895443494,1.231815821079131,0.49272632843165237,0,0,0,0,0,0
862,PHL.43.7_1,Leyte,Baybay City,1084604.5780000002,1071935.6050000002,12668.972999999998,80.877655029296875,194753.16700340083,121316.48254394531,323510.6201171875,808776.55029296875,1.6053314679054764,0.6019993004645536,0.24079972018582146,11.202075958251953,3.8431360721588135,11.202075958251953,3.8431360721588135,0,0
863,PHL.43.8_1,Leyte,Burauen,0,0,0,0,0,0,0,0,NA,NA,NA,0,0,0,0,0,0
864,PHL.43.9_1,Leyte,Calubian,0,0,0,0,0,0,0,0,NA,NA,NA,0,0,0,0,0,0
865,PHL.43.10_1,Leyte,Capoocan,1052106.7410000002,1035182.56225,16924.178750000196,0,260166.1090045891,0,0,0,NA,NA,NA,18.266756057739258,10.55485725402832,18.266756057739258,10.55485725402832,0,0
866,PHL.43.11_1,Leyte,Carigara,1721178.2179999999,1522428.4124999999,198749.80550000002,344.0787658691406,3055271.651651238,516118.14880371094,1376315.0634765625,3440787.6586914062,5.919713652257583,2.2198926195965933,0.8879570478386374,26.76833724975586,24.01496696472168,26.76833724975586,24.01496696472168,0,0
867,PHL.43.12_1,Leyte,Dagami,0,0,0,0,0,0,0,0,NA,NA,NA,0,0,0,0,0,0
868,PHL.43.13_1,Leyte,Dulag,0,0,0,0,0,0,0,0,NA,NA,NA,0,0,0,0,0,0
869,PHL.43.14_1,Leyte,Hilongos,4336519.586499999,4299399.368500001,37120.21799999848,47.269161224365234,570628.7333121911,70903.74183654785,189076.64489746094,472691.61224365234,8.04793539144441,3.0179757717916535,1.2071903087166613,35.15945053100586,20.224641799926758,35.15945053100586,20.224641799926758,0,0
870,PHL.43.15_1,Leyte,Hindang,0,0,0,0,0,0,0,0,NA,NA,NA,0,0,0,0,0,0
871,PHL.43.16_1,Leyte,Inopacan,0,0,0,68.692901611328125,0,103039.35241699219,274771.6064453125,686929.01611328125,0,0,0,0,0,0,0,0,0
872,PHL.43.17_1,Leyte,Isabel,1703457.1150000002,1624900.5602499999,78556.55475000036,312.155517578125,1207606.7907350203,468233.2763671875,1248622.0703125,3121555.17578125,2.579070842859143,0.9671515660721787,0.3868606264288714,12.58821964263916,14.858577728271484,11.840600967407227,13.83172607421875,0.7476186752319336,1.0268516540527344
873,PHL.43.18_1,Leyte,Jaro,0,0,0,0,0,0,0,0,NA,NA,NA,0,0,0,0,0,0
874,PHL.43.19_1,Leyte,Javier,0,0,0,0,0,0,0,0,NA,NA,NA,0,0,0,0,0,0
875,PHL.43.20_1,Leyte,Julita,0,0,0,0,0,0,0,0,NA,NA,NA,0,0,0,0,0,0
876,PHL.43.21_1,Leyte,Kananga,0,0,0,0,0,0,0,0,NA,NA,NA,0,0,0,0,0,0
877,PHL.43.22_1,Leyte,La Paz,0,0,0,0,0,0,0,0,NA,NA,NA,0,0,0,0,0,0
878,PHL.43.23_1,Leyte,Leyte,0,0,0,450.1039733886719,0,675155.9600830078,1800415.8935546875,4501039.733886719,0,0,0,0,0,0,0,0,0
879,PHL.43.24_1,Leyte,Macarthur,0,0,0,120.09566497802734,0,180143.49746704102,480382.6599121094,1200956.6497802734,0,0,0,0,0,0,0,0,0
880,PHL.43.25_1,Leyte,Mahaplag,0,0,0,0,0,0,0,0,NA,NA,NA,0,0,0,0,0,0
881,PHL.43.26_1,Leyte,Matag-Ob,0,0,0,0,0,0,0,0,NA,NA,NA,0,0,0,0,0,0
882,PHL.43.27_1,Leyte,Matalom,0,0,0,190.41653442382812,0,285624.8016357422,761666.1376953125,1904165.3442382812,0,0,0,0,0,0,0,0,0
883,PHL.43.28_1,Leyte,Mayorga,0,0,0,90.38379669189453,0,135575.6950378418,361535.1867675781,903837.9669189453,0,0,0,0,0,0,0,0,0
884,PHL.43.29_1,Leyte,Merida,309641.292875,284461.53678125,25179.75609375001,248.07327270507812,387074.5674200265,372109.9090576172,992293.0908203125,2480732.7270507812,1.0402156943369445,0.39008088537635416,0.15603235415054167,6.512796878814697,2.139890670776367,6.512796878814697,2.139890670776367,0,0
885,PHL.43.30_1,Leyte,Ormoc City,7265177.129999999,6658355.96,606821.169999999,351.3162841796875,9328328.717900725,526974.42626953125,1405265.13671875,3513162.841796875,17.701672515564486,6.6381271933366826,2.655250877334673,96.27117156982422,25.3477783203125,96.27117156982422,25.3477783203125,0,0
886,PHL.43.31_1,Leyte,Palo,1155.066123046875,1097.286868408203,57.779254638672,179.4242401123047,888.2087623027779,269136.36016845703,717696.96044921875,1794242.4011230469,0.0033002183790656636,0.001237581892149624,4.950327568598496e-4,0,0,0,0,0,0
887,PHL.43.32_1,Leyte,Palompon,0.03127985352277756,0.028995247155427936,0.0022846063673496245,540.028564453125,0.03511999949778679,810042.8466796875,2160114.2578125,5400285.64453125,4.335573067738499e-8,1.625839900401937e-8,6.503359601607748e-9,3.015932321548462,0,3.015932321548462,0,0,0
888,PHL.43.33_1,Leyte,Pastrana,0,0,0,0,0,0,0,0,NA,NA,NA,0,0,0,0,0,0
889,PHL.43.34_1,Leyte,San Isidro,0,0,0,0,0,0,0,0,NA,NA,NA,0,0,0,0,0,0
890,PHL.43.35_1,Leyte,San Miguel,0,0,0,99.4389877319336,0,149158.4815979004,397755.9509277344,994389.8773193359,0,0,0,0,0,0,0,0,0
891,PHL.43.36_1,Leyte,Santa Fe,0,0,0,0,0,0,0,0,NA,NA,NA,0,0,0,0,0,0
892,PHL.43.37_1,Leyte,Tabango,0,0,0,209.67507934570312,0,314512.6190185547,838700.3173828125,2096750.7934570312,0,0,0,0,0,0,0,0,0
893,PHL.43.38_1,Leyte,Tabontabon,0,0,0,0,0,0,0,0,NA,NA,NA,0,0,0,0,0,0
894,PHL.43.39_1,Leyte,Tacloban City,4041975.158,4041657.98,317.1779999998398,63.5485725402832,4875.80327180218,95322.8588104248,254194.2901611328,635485.725402832,0.051150409593768355,0.019181403597663134,0.007672561439065253,29.145008087158203,18.389972686767578,29.145008087158203,18.389972686767578,0,0
895,PHL.43.40_1,Leyte,Tanauan,491972.7780000001,481346.63899999997,10626.139000000141,60.58993911743164,163349.80138235187,90884.90867614746,242359.75646972656,605899.3911743164,1.797325912098569,0.6739972170369634,0.26959888681478533,0,0,0,0,0,0
896,PHL.43.41_1,Leyte,Tolosa,0,0,0,15.609375,0,23414.0625,62437.5,156093.75,0,0,0,0,0,0,0,0,0
897,PHL.43.42_1,Leyte,Tunga,0,0,0,0,0,0,0,0,NA,NA,NA,0,0,0,0,0,0
898,PHL.43.43_1,Leyte,Villaba,0,0,0,3.976921796798706,0,5965.382695198059,15907.687187194824,39769.21796798706,0,0,0,0,0,0,0,0,0
899,PHL.44.1_1,Maguindanao,Ampatuan,0,0,0,0,0,0,0,0,NA,NA,NA,0,0,0,0,0,0
900,PHL.44.2_1,Maguindanao,Barira,0,0,0,0,0,0,0,0,NA,NA,NA,0,0,0,0,0,0
901,PHL.44.3_1,Maguindanao,Buldon,0,0,0,0,0,0,0,0,NA,NA,NA,0,0,0,0,0,0
902,PHL.44.5_1,Maguindanao,Buluan,0,0,0,0,0,0,0,0,NA,NA,NA,0,0,0,0,0,0
903,PHL.44.4_1,Maguindanao,Buluan Lake,0,0,0,0,0,0,0,0,NA,NA,NA,0,0,0,0,0,0
904,PHL.44.6_1,Maguindanao,Cotabato City,95152.25390624999,89322.26182812499,5829.992078124997,552.94525146484375,89621.26770809137,829417.8771972656,2211781.005859375,5529452.5146484375,0.10805321439530075,0.04051995539823778,0.01620798215929511,95.63240051269531,0.5888531804084778,95.63240051269531,0.5888531804084778,0,0
905,PHL.44.7_1,Maguindanao,Datu Abdullah Sanki,0,0,0,0,0,0,0,0,NA,NA,NA,0,0,0,0,0,0
906,PHL.44.8_1,Maguindanao,Datu Anggal Midtimbang,0,0,0,0,0,0,0,0,NA,NA,NA,0,0,0,0,0,0
907,PHL.44.9_1,Maguindanao,Datu Blah T. Sinsuat,0,0,0,78.11539459228516,0,117173.09188842773,312461.5783691406,781153.9459228516,0,0,0,0,0,0,0,0,0
908,PHL.44.10_1,Maguindanao,Datu Odin Sinsuat,0,0,0,251.31051635742188,0,376965.7745361328,1005242.0654296875,2513105.1635742188,0,0,0,4.465351104736328,0,4.465351104736328,0,0,0
909,PHL.44.11_1,Maguindanao,Datu Paglas,0,0,0,0,0,0,0,0,NA,NA,NA,0,0,0,0,0,0
910,PHL.44.12_1,Maguindanao,Datu Piang,0,0,0,0,0,0,0,0,NA,NA,NA,0,0,0,0,0,0
911,PHL.44.13_1,Maguindanao,Datu Saudi-Ampatuan,0,0,0,0,0,0,0,0,NA,NA,NA,0,0,0,0,0,0
912,PHL.44.14_1,Maguindanao,Datu Unsay,0,0,0,0,0,0,0,0,NA,NA,NA,0,0,0,0,0,0
913,PHL.44.15_1,Maguindanao,Gen. S. K. Pendatun,0,0,0,0,0,0,0,0,NA,NA,NA,0,0,0,0,0,0
914,PHL.44.16_1,Maguindanao,Guindulungan,0,0,0,0,0,0,0,0,NA,NA,NA,0,0,0,0,0,0
915,PHL.44.17_1,Maguindanao,Kabuntalan,0,0,0,0,0,0,0,0,NA,NA,NA,0,0,0,0,0,0
916,PHL.44.18_1,Maguindanao,Mamasapano,0,0,0,0,0,0,0,0,NA,NA,NA,0,0,0,0,0,0
917,PHL.44.19_1,Maguindanao,Mangudadatu,0,0,0,0,0,0,0,0,NA,NA,NA,0,0,0,0,0,0
918,PHL.44.20_1,Maguindanao,Matanog,0,0,0,116.2865982055664,0,174429.8973083496,465146.3928222656,1162865.982055664,0,0,0,0,0,0,0,0,0
919,PHL.44.21_1,Maguindanao,Northern Kabuntalan,0,0,0,0,0,0,0,0,NA,NA,NA,0,0,0,0,0,0
920,PHL.44.22_1,Maguindanao,Pagagawan,0,0,0,0,0,0,0,0,NA,NA,NA,0,0,0,0,0,0
921,PHL.44.23_1,Maguindanao,Pagalungan,0,0,0,0,0,0,0,0,NA,NA,NA,0,0,0,0,0,0
922,PHL.44.24_1,Maguindanao,Paglat,0,0,0,0,0,0,0,0,NA,NA,NA,0,0,0,0,0,0
923,PHL.44.25_1,Maguindanao,Pandag,0,0,0,0,0,0,0,0,NA,NA,NA,0,0,0,0,0,0
924,PHL.44.26_1,Maguindanao,Parang,117470.72474999998,117467.431046875,3.2937031249748543,0,50.63228998576689,0,0,0,NA,NA,NA,2.477895736694336,1.2189148664474487,2.477895736694336,1.2189148664474487,0,0
925,PHL.44.27_1,Maguindanao,Rajah Buayan,0,0,0,0,0,0,0,0,NA,NA,NA,0,0,0,0,0,0
926,PHL.44.28_1,Maguindanao,Shariff Aguak,0,0,0,0,0,0,0,0,NA,NA,NA,0,0,0,0,0,0
927,PHL.44.29_1,Maguindanao,South Upi,0,0,0,0,0,0,0,0,NA,NA,NA,0,0,0,0,0,0
928,PHL.44.30_1,Maguindanao,Sultan Kudarat,0,0,0,0,0,0,0,0,NA,NA,NA,5.923309326171875,0,5.923309326171875,0,0,0
929,PHL.44.31_1,Maguindanao,Sultan Mastura,0,0,0,0,0,0,0,0,NA,NA,NA,10.053539276123047,0,10.053539276123047,0,0,0
930,PHL.44.32_1,Maguindanao,Sultan Sa Barongis,0,0,0,0,0,0,0,0,NA,NA,NA,0,0,0,0,0,0
931,PHL.44.33_1,Maguindanao,Talayan,0,0,0,0,0,0,0,0,NA,NA,NA,0,0,0,0,0,0
932,PHL.44.34_1,Maguindanao,Talitay,0,0,0,0,0,0,0,0,NA,NA,NA,0,0,0,0,0,0
933,PHL.44.35_1,Maguindanao,Upi,0,0,0,0,0,0,0,0,NA,NA,NA,0,0,0,0,0,0
934,PHL.45.1_1,Marinduque,Boac,0,0,0,0,0,0,0,0,NA,NA,NA,0,0,0,0,0,0
935,PHL.45.2_1,Marinduque,Buenavista,0,0,0,0,0,0,0,0,NA,NA,NA,0,0,0,0,0,0
936,PHL.45.3_1,Marinduque,Gasan,0,0,0,0,0,0,0,0,NA,NA,NA,0,0,0,0,0,0
937,PHL.45.4_1,Marinduque,Mogpog,0,0,0,0,0,0,0,0,NA,NA,NA,0,0,0,0,0,0
938,PHL.45.5_1,Marinduque,Santa Cruz,10579.87484375,7934.90569921875,2644.96914453125,1612.199462890625,40659.65864192282,2418299.1943359375,6448797.8515625,16121994.62890625,0.01681332844883485,0.006304998168313069,0.0025219992673252275,1.5612000226974487,0,1.5612000226974487,0,0,0
939,PHL.45.6_1,Marinduque,Torrijos,0,0,0,390.9261779785156,0,586389.2669677734,1563704.7119140625,3909261.7797851562,0,0,0,0,0,0,0,0,0
940,PHL.46.1_1,Masbate,Aroroy,177.7357823791504,163.4926084289551,14.243173950195313,854.51422119140625,218.9524940167507,1281771.3317871094,3418056.884765625,8545142.2119140625,1.7082024584796747e-4,6.40575921929878e-5,2.562303687719512e-5,3.077357292175293,0,3.077357292175293,0,0,0
941,PHL.46.2_1,Masbate,Baleno,0,0,0,0,0,0,0,0,NA,NA,NA,0,0,0,0,0,0
942,PHL.46.3_1,Masbate,Balud,64.78806909179687,64.78806909179687,0,0,0,0,0,0,NA,NA,NA,8.466614723205566,0,8.466614723205566,0,0,0
943,PHL.46.4_1,Masbate,Batuan,0,0,0,325.4212341308594,0,488131.85119628906,1301684.9365234375,3254212.3413085938,0,0,0,0,0,0,0,0,0
944,PHL.46.5_1,Masbate,Cataingan,0,0,0,148.1572723388672,0,222235.90850830078,592629.08935546875,1481572.7233886719,0,0,0,0,0,0,0,0,0
945,PHL.46.6_1,Masbate,Cawayan,171311.77246875002,171284.43653125,27.335937500029104,600.731689453125,420.22036049312726,901097.5341796875,2402926.7578125,6007316.89453125,4.663428147938215e-4,1.7487855554768308e-4,6.995142221907323e-5,73.34547424316406,0.2128409743309021,72.44160461425781,0.2128409743309021,0.90386962890625,0
946,PHL.46.7_1,Masbate,Claveria,1924.7038542480468,1924.615967041016,0.08788720703091712,155.25096130371094,1.3510417859722859,232876.4419555664,621003.84521484375,1552509.6130371094,5.801539110727521e-6,2.1755771665228204e-6,8.702308666091282e-7,1.3461790084838867,0.01600002311170101,1.3461790084838867,0.01600002311170101,0,0
947,PHL.46.8_1,Masbate,Dimasalang,0,0,0,67.31459045410156,0,100971.88568115234,269258.36181640625,673145.9045410156,0,0,0,1.971505045890808,0,1.971505045890808,0,0,0
948,PHL.46.9_1,Masbate,Esperanza,0,0,0,0,0,0,0,0,NA,NA,NA,0,0,0,0,0,0
949,PHL.46.10_1,Masbate,Mandaon,0,0,0,120.74220275878906,0,181113.3041381836,482968.81103515625,1207422.0275878906,0,0,0,0,0,0,0,0,0
950,PHL.46.11_1,Masbate,Masbate City,0,0,0,0,0,0,0,0,NA,NA,NA,0,0,0,0,0,0
951,PHL.46.12_1,Masbate,Milagros,2401598.5595,2393356.7179999994,8241.841500000563,626.68212890625,126697.30483008917,940023.193359375,2506728.515625,6266821.2890625,0.13478104128187424,0.05054289048070284,0.020217156192281135,69.149505615234375,11.964850425720215,68.40164947509766,11.964850425720215,0.74785614013671875,0
952,PHL.46.13_1,Masbate,Mobo,0,0,0,0,0,0,0,0,NA,NA,NA,0,0,0,0,0,0
953,PHL.46.14_1,Masbate,Monreal,0,0,0,118.73458862304688,0,178101.8829345703,474938.3544921875,1187345.8862304688,0,0,0,0,0,0,0,0,0
954,PHL.46.15_1,Masbate,Palanas,0,0,0,0,0,0,0,0,NA,NA,NA,0,0,0,0,0,0
955,PHL.46.16_1,Masbate,Pio V. Corpuz,0,0,0,0,0,0,0,0,NA,NA,NA,0,0,0,0,0,0
956,PHL.46.17_1,Masbate,Placer,7687564.607,7203039.023,484525.5839999998,669.67987060546875,7448345.8113118,1004519.8059082031,2678719.482421875,6696798.7060546875,7.414832208885743,2.780562078332154,1.1122248313328615,163.05760192871094,31.97503089904785,163.05760192871094,31.97503089904785,0,0
957,PHL.46.18_1,Masbate,San Fernando,4358.6474375,4358.2954687500005,0.35196874999928696,0,5.410622372357205,0,0,0,NA,NA,NA,0,0,0,0,0,0
958,PHL.46.19_1,Masbate,San Jacinto,0,0,0,122.56090545654297,0,183841.35818481445,490243.6218261719,1225609.0545654297,0,0,0,0,0,0,0,0,0
959,PHL.46.20_1,Masbate,San Pascual,0,0,0,219.8396759033203,0,329759.51385498047,879358.70361328125,2198396.759033203,0,0,0,0,0,0,0,0,0
960,PHL.46.21_1,Masbate,Uson,661164.8581250001,545719.3326249999,115445.52550000022,436.2318420410156,1774680.6870215063,654347.7630615234,1744927.3681640625,4362318.420410156,2.712136859333385,1.0170513222500195,0.4068205289000078,21.731380462646484,4.384154796600342,21.731380462646484,4.384154796600342,0,0
961,PHL.47.1_1,Metropolitan Manila,Kalookan City,1122098.619,1122076.15675,22.46224999986589,0,345.29983807653724,0,0,0,NA,NA,NA,24.300853729248047,14.229430198669434,24.300853729248047,14.229430198669434,0,0
962,PHL.47.2_1,Metropolitan Manila,Las Piñas,4113441.0855,4113441.0855,0,0,0,0,0,0,NA,NA,NA,62.895687103271484,44.200828552246094,62.895687103271484,44.200828552246094,0,0
963,PHL.47.3_1,Metropolitan Manila,Makati City,0,0,0,0,0,0,0,0,NA,NA,NA,0,0,0,0,0,0
964,PHL.47.4_1,Metropolitan Manila,Malabon,23139.536,23107.0525,32.48349999999846,0,499.3510129317247,0,0,0,NA,NA,NA,0,0,0,0,0,0
965,PHL.47.5_1,Metropolitan Manila,Mandaluyong,0,0,0,0,0,0,0,0,NA,NA,NA,0,0,0,0,0,0
966,PHL.47.6_1,Metropolitan Manila,Manila,15253985.496,15253788.961999997,196.53400000184774,0,3021.2092901457945,0,0,0,NA,NA,NA,306.688720703125,225.53030395507812,306.688720703125,225.53030395507812,0,0
967,PHL.47.7_1,Metropolitan Manila,Marikina,0,0,0,0,0,0,0,0,NA,NA,NA,0,0,0,0,0,0
968,PHL.47.8_1,Metropolitan Manila,Muntinlupa,0,0,0,0,0,0,0,0,NA,NA,NA,0,0,0,0,0,0
969,PHL.47.9_1,Metropolitan Manila,Navotas,44835587.75999999,44833805.76,1781.9999999925494,0,27393.70772979067,0,0,0,NA,NA,NA,628.60150146484375,389.415771484375,628.60150146484375,389.415771484375,0,0
970,PHL.47.10_1,Metropolitan Manila,Parañaque,423098991.872,423098991.872,0,0,0,0,0,0,NA,NA,NA,550.6270751953125,3302.1923828125,550.6270751953125,3302.1923828125,0,0
971,PHL.47.11_1,Metropolitan Manila,Pasay City,81519819.00799999,81519819.00799999,0,0,0,0,0,0,NA,NA,NA,17.129680633544922,423.28912353515625,17.129680633544922,423.28912353515625,0,0
972,PHL.47.12_1,Metropolitan Manila,Pasig City,0,0,0,0,0,0,0,0,NA,NA,NA,0,0,0,0,0,0
973,PHL.47.13_1,Metropolitan Manila,Pateros,0,0,0,0,0,0,0,0,NA,NA,NA,0,0,0,0,0,0
974,PHL.47.14_1,Metropolitan Manila,Quezon City,0,0,0,0,0,0,0,0,NA,NA,NA,0,0,0,0,0,0
975,PHL.47.15_1,Metropolitan Manila,San Juan,0,0,0,0,0,0,0,0,NA,NA,NA,0,0,0,0,0,0
976,PHL.47.16_1,Metropolitan Manila,Taguig,0,0,0,0,0,0,0,0,NA,NA,NA,0,0,0,0,0,0
977,PHL.47.17_1,Metropolitan Manila,Valenzuela,41648689.968,41613531.256,35158.71200000495,0,540475.5783883537,0,0,0,NA,NA,NA,255.8472137451172,310.01934814453125,255.8472137451172,310.01934814453125,0,0
978,PHL.48.1_1,Misamis Occidental,Aloran,0,0,0,0,0,0,0,0,NA,NA,NA,0,0,0,0,0,0
979,PHL.48.2_1,Misamis Occidental,Baliangao,0,0,0,660.00140380859375,0,990002.1057128906,2640005.615234375,6600014.0380859375,0,0,0,0.8467481136322021,0,0.8467481136322021,0,0,0
980,PHL.48.3_1,Misamis Occidental,Bonifacio,0,0,0,157.8733367919922,0,236810.00518798828,631493.34716796875,1578733.3679199219,0,0,0,11.351167678833008,0,11.351167678833008,0,0,0
981,PHL.48.4_1,Misamis Occidental,Calamba,0,0,0,0,0,0,0,0,NA,NA,NA,0,0,0,0,0,0
982,PHL.48.5_1,Misamis Occidental,Clarin,0,0,0,0,0,0,0,0,NA,NA,NA,0,0,0,0,0,0
983,PHL.48.6_1,Misamis Occidental,Concepcion,0,0,0,0,0,0,0,0,NA,NA,NA,0,0,0,0,0,0
984,PHL.48.7_1,Misamis Occidental,Don Victoriano Chiongbian,0,0,0,0,0,0,0,0,NA,NA,NA,0,0,0,0,0,0
985,PHL.48.8_1,Misamis Occidental,Jimenez,0,0,0,0,0,0,0,0,NA,NA,NA,0,0,0,0,0,0
986,PHL.48.9_1,Misamis Occidental,Lopez Jaena,0,0,0,222.4001007080078,0,333600.1510620117,889600.40283203125,2224001.007080078,0,0,0,0,0,0,0,0,0
987,PHL.48.10_1,Misamis Occidental,Oroquieta City,0,0,0,60.949771881103516,0,91424.65782165527,243799.08752441406,609497.7188110352,0,0,0,0,0,0,0,0,0
988,PHL.48.11_1,Misamis Occidental,Ozamis City,4587.1494375,3730.2072500000004,856.9421874999998,63.67216873168945,13173.30181021359,95508.25309753418,254688.6749267578,636721.6873168945,0.1379284133357654,0.05172315500091203,0.02068926200036481,0,0,0,0,0,0
989,PHL.48.12_1,Misamis Occidental,Panaon,0,0,0,0,0,0,0,0,NA,NA,NA,0,0,0,0,0,0
990,PHL.48.13_1,Misamis Occidental,Plaridel,0,0,0,652.10125732421875,0,978151.8859863281,2608405.029296875,6521012.5732421875,0,0,0,5.467268466949463,0,5.467268466949463,0,0,0
991,PHL.48.14_1,Misamis Occidental,Sapang Dalaga,0,0,0,151.13800048828125,0,226707.00073242188,604552.001953125,1511380.0048828125,0,0,0,0,0,0,0,0,0
992,PHL.48.15_1,Misamis Occidental,Sinacaban,0,0,0,115.0853500366211,0,172628.02505493164,460341.4001464844,1150853.500366211,0,0,0,0,0,0,0,0,0
993,PHL.48.16_1,Misamis Occidental,Tangub City,9411.439167480468,9389.844404785157,21.594762695311147,124.04383850097656,331.96443197082687,186065.75775146484,496175.35400390625,1240438.3850097656,0.0017841242579101765,6.690465967163162e-4,2.676186386865265e-4,4.61112117767334,0,4.61112117767334,0,0,0
994,PHL.48.17_1,Misamis Occidental,Tudela,0,0,0,0,0,0,0,0,NA,NA,NA,0,0,0,0,0,0
995,PHL.49.1_1,Misamis Oriental,Alubijid,1525292.5975000001,1525292.5975000001,0,0,0,0,0,0,NA,NA,NA,6.3008575439453125,7.694525718688965,6.3008575439453125,7.694525718688965,0,0
996,PHL.49.2_1,Misamis Oriental,Balingasag,34246977.56,34246977.56,0,0,0,0,0,0,NA,NA,NA,92.73119354248047,185.50653076171875,92.73119354248047,185.50653076171875,0,0
997,PHL.49.3_1,Misamis Oriental,Balingoan,0,0,0,0,0,0,0,0,NA,NA,NA,0,0,0,0,0,0
998,PHL.49.4_1,Misamis Oriental,Binuangan,0,0,0,0,0,0,0,0,NA,NA,NA,0,0,0,0,0,0
999,PHL.49.5_1,Misamis Oriental,Cagayan de Oro City,62956116.496,62547899.584,408216.9120000005,110.8635025024414,6275294.488065345,166295.2537536621,443454.0100097656,1108635.025024414,37.73586044350441,14.150947666314151,5.66037906652566,92.79121398925781,167.9324493408203,92.79121398925781,167.9324493408203,0,0
1000,PHL.49.6_1,Misamis Oriental,Claveria,0,0,0,0,0,0,0,0,NA,NA,NA,0,0,0,0,0,0
1001,PHL.49.7_1,Misamis Oriental,El Salvador City,4349861.2065,4349861.2065,0,0,0,0,0,0,NA,NA,NA,24.45868492126465,34.554931640625,24.45868492126465,34.554931640625,0,0
1002,PHL.49.8_1,Misamis Oriental,Gingoog City,0,0,0,0,0,0,0,0,NA,NA,NA,0,0,0,0,0,0
1003,PHL.49.9_1,Misamis Oriental,Gitagum,0,0,0,0,0,0,0,0,NA,NA,NA,0,0,0,0,0,0
1004,PHL.49.10_1,Misamis Oriental,Initao,0,0,0,0,0,0,0,0,NA,NA,NA,0,0,0,0,0,0
1005,PHL.49.11_1,Misamis Oriental,Jasaan,0,0,0,0,0,0,0,0,NA,NA,NA,0,0,0,0,0,0
1006,PHL.49.12_1,Misamis Oriental,Kinoguitan,0,0,0,0,0,0,0,0,NA,NA,NA,0,0,0,0,0,0
1007,PHL.49.13_1,Misamis Oriental,Lagonglong,207046.743375,207046.743375,0,0,0,0,0,0,NA,NA,NA,0,3.3642916679382324,0,3.3642916679382324,0,0
1008,PHL.49.14_1,Misamis Oriental,Laguindingan,175.91699328613285,175.91699328613285,0,0,0,0,0,0,NA,NA,NA,0.0019357434939593077,0.0014116608072072268,0.0019357434939593077,0.0014116608072072268,0,0
1009,PHL.49.15_1,Misamis Oriental,Libertad,0,0,0,0,0,0,0,0,NA,NA,NA,0,0,0,0,0,0
1010,PHL.49.16_1,Misamis Oriental,Lugait,0,0,0,0,0,0,0,0,NA,NA,NA,0,0,0,0,0,0
1011,PHL.49.17_1,Misamis Oriental,Magsaysay,0,0,0,0,0,0,0,0,NA,NA,NA,0,0,0,0,0,0
1012,PHL.49.18_1,Misamis Oriental,Manticao,0,0,0,0,0,0,0,0,NA,NA,NA,0,0,0,0,0,0
1013,PHL.49.19_1,Misamis Oriental,Medina,0,0,0,0,0,0,0,0,NA,NA,NA,0,0,0,0,0,0
1014,PHL.49.20_1,Misamis Oriental,Naawan,0,0,0,0,0,0,0,0,NA,NA,NA,0,0,0,0,0,0
1015,PHL.49.21_1,Misamis Oriental,Opol,39356752.916,39338127.076,18625.840000003576,0,286324.81323461025,0,0,0,NA,NA,NA,164.3260955810547,112.09983825683594,164.3260955810547,112.09983825683594,0,0
1016,PHL.49.22_1,Misamis Oriental,Salay,0,0,0,0,0,0,0,0,NA,NA,NA,0,0,0,0,0,0
1017,PHL.49.23_1,Misamis Oriental,Sugbongcogon,0,0,0,0,0,0,0,0,NA,NA,NA,0,0,0,0,0,0
1018,PHL.49.24_1,Misamis Oriental,Tagoloan,1247283.5045,1247283.5045,0,0,0,0,0,0,NA,NA,NA,9.849310874938965,27.01833152770996,9.849310874938965,27.01833152770996,0,0
1019,PHL.49.25_1,Misamis Oriental,Talisayan,0,0,0,0,0,0,0,0,NA,NA,NA,0,0,0,0,0,0
1020,PHL.49.26_1,Misamis Oriental,Villanueva,19753255.16,19753255.16,0,0,0,0,0,0,NA,NA,NA,5.647489547729492,187.45350646972656,5.647489547729492,187.45350646972656,0,0
1021,PHL.50.1_1,Mountain Province,Barlig,0,0,0,0,0,0,0,0,NA,NA,NA,0,0,0,0,0,0
1022,PHL.50.2_1,Mountain Province,Bauko,0,0,0,0,0,0,0,0,NA,NA,NA,0,0,0,0,0,0
1023,PHL.50.3_1,Mountain Province,Besao,0,0,0,0,0,0,0,0,NA,NA,NA,0,0,0,0,0,0
1024,PHL.50.4_1,Mountain Province,Bontoc,0,0,0,0,0,0,0,0,NA,NA,NA,0,0,0,0,0,0
1025,PHL.50.5_1,Mountain Province,Natonin,0,0,0,0,0,0,0,0,NA,NA,NA,0,0,0,0,0,0
1026,PHL.50.6_1,Mountain Province,Paracelis,0,0,0,0,0,0,0,0,NA,NA,NA,0,0,0,0,0,0
1027,PHL.50.7_1,Mountain Province,Sabangan,0,0,0,0,0,0,0,0,NA,NA,NA,0,0,0,0,0,0
1028,PHL.50.8_1,Mountain Province,Sadanga,0,0,0,0,0,0,0,0,NA,NA,NA,0,0,0,0,0,0
1029,PHL.50.9_1,Mountain Province,Sagada,0,0,0,0,0,0,0,0,NA,NA,NA,0,0,0,0,0,0
1030,PHL.50.10_1,Mountain Province,Tadian,0,0,0,0,0,0,0,0,NA,NA,NA,0,0,0,0,0,0
1031,PHL.51.1_1,Negros Occidental,Bacolod City,91672036.64,91672036.64,0,0,0,0,0,0,NA,NA,NA,313.15618896484375,366.92132568359375,313.15618896484375,366.92132568359375,0,0
1032,PHL.51.2_1,Negros Occidental,Bago City,38137679.607999995,37316164.68800001,821514.9199999869,0,12628697.875553364,0,0,0,NA,NA,NA,113.42395782470703,228.8662109375,113.42395782470703,228.8662109375,0,0
1033,PHL.51.3_1,Negros Occidental,Binalbagan,516118.88618750003,516118.88618750003,0,0,0,0,0,0,NA,NA,NA,4.851655960083008,0.3358289301395416,4.851655960083008,0.3358289301395416,0,0
1034,PHL.51.4_1,Negros Occidental,Cadiz City,92214580.352,91944746.624,269833.7280000001,371.9264221191406,4148005.769081224,557889.6331787109,1487705.6884765625,3719264.2211914062,7.435172697952747,2.78818976173228,1.115275904692912,279.2420349121094,173.35450744628906,279.2420349121094,173.35450744628906,0,0
1035,PHL.51.5_1,Negros Occidental,Calatrava,10839749.649999999,10079924.46,759825.1899999976,163.12229919433594,11680375.522266904,244683.4487915039,652489.19677734375,1631222.9919433594,47.736680106302636,17.90125503986349,7.160502015945395,10.352290153503418,32.371917724609375,10.352290153503418,32.371917724609375,0,0
1036,PHL.51.6_1,Negros Occidental,Candoni,0,0,0,0,0,0,0,0,NA,NA,NA,0,0,0,0,0,0
1037,PHL.51.7_1,Negros Occidental,Cauayan,1309719.087,1309616.992875,102.09412500006147,121.31531524658203,1569.436936695899,181972.97286987305,485261.2609863281,1213153.1524658203,0.008624560625374774,0.00323421023451554,0.001293684093806216,25.790983200073242,9.332772254943848,25.790983200073242,9.332772254943848,0,0
1038,PHL.51.8_1,Negros Occidental,Enrique B. Magalona,39150766.828,39070791.63999999,79975.18800000846,1.005953311920166,1229414.6608958775,1508.929967880249,4023.813247680664,10059.53311920166,814.7592579282949,305.5347217231106,122.21388868924423,153.93992614746094,96.10802459716797,153.93992614746094,96.10802459716797,0,0
1039,PHL.51.9_1,Negros Occidental,Escalante City,4420043.3264999995,4409630.818999999,10412.507500000298,163.5136260986328,160065.76161080474,245270.43914794922,654054.50439453125,1635136.2609863281,0.6526092674146178,0.24472847528048167,0.09789139011219267,38.197731018066406,23.36583709716797,38.197731018066406,23.36583709716797,0,0
1040,PHL.51.10_1,Negros Occidental,Himamaylan City,16736912.971999997,16732170.504,4742.467999996617,0,72903.35707650696,0,0,0,NA,NA,NA,58.54780578613281,85.59886932373047,58.54780578613281,85.59886932373047,0,0
1041,PHL.51.11_1,Negros Occidental,Hinigaran,2298386.3210000005,2298386.3210000005,0,0,0,0,0,0,NA,NA,NA,14.114648818969727,9.147380828857422,14.114648818969727,9.147380828857422,0,0
1042,PHL.51.12_1,Negros Occidental,Hinoba-An,1401221.2045,1399918.1857500002,1303.0187499998137,95.40543365478516,20030.591921482217,143108.15048217773,381621.7346191406,954054.3365478516,0.13996821183135036,0.05248807943675638,0.020995231774702555,12.710399627685547,5.604543685913086,12.710399627685547,5.604543685913086,0,0
1043,PHL.51.13_1,Negros Occidental,Ilog,2090458.356,2066004.673,24453.68299999996,395.4782409667969,375913.0443444166,593217.3614501953,1581912.9638671875,3954782.4096679688,0.6336851696744837,0.23763193862793142,0.09505277545117256,54.290313720703125,14.972774505615234,54.290313720703125,14.972774505615234,0,0
1044,PHL.51.14_1,Negros Occidental,Isabela,0,0,0,0,0,0,0,0,NA,NA,NA,0,0,0,0,0,0
1045,PHL.51.15_1,Negros Occidental,Kabankalan City,1888809.6982500001,1882066.4274999998,6743.270750000374,0,103660.5993653922,0,0,0,NA,NA,NA,23.00849151611328,8.321511268615723,23.00849151611328,8.321511268615723,0,0
1046,PHL.51.16_1,Negros Occidental,La Carlota City,0,0,0,0,0,0,0,0,NA,NA,NA,0,0,0,0,0,0
1047,PHL.51.17_1,Negros Occidental,La Castellana,0,0,0,0,0,0,0,0,NA,NA,NA,0,0,0,0,0,0
1048,PHL.51.18_1,Negros Occidental,Manapla,2609878.9315,2599099.3909999994,10779.540500000585,0,165707.95842855904,0,0,0,NA,NA,NA,18.943355560302734,7.471311569213867,18.943355560302734,7.471311569213867,0,0
1049,PHL.51.19_1,Negros Occidental,Moises Padilla,0,0,0,0,0,0,0,0,NA,NA,NA,0,0,0,0,0,0
1050,PHL.51.20_1,Negros Occidental,Murcia,0,0,0,0,0,0,0,0,NA,NA,NA,0,0,0,0,0,0
1051,PHL.51.21_1,Negros Occidental,Pontevedra,19050329.97,19050329.97,0,0,0,0,0,0,NA,NA,NA,89.99470520019531,61.13535690307617,89.99470520019531,61.13535690307617,0,0
1052,PHL.51.22_1,Negros Occidental,Pulupandan,24003629.128000002,23147257.892,856371.2360000014,124.3288803100586,13164524.88624114,186493.3204650879,497315.5212402344,1243288.803100586,70.58979299317896,26.471172372442112,10.588468948976844,105.29035186767578,113.86418151855469,105.29035186767578,113.86418151855469,0,0
1053,PHL.51.23_1,Negros Occidental,Sagay City,3556605.698,3407771.4694999997,148834.2285000002,568.6080322265625,2287946.888740142,852912.04833984375,2274432.12890625,5686080.322265625,2.6825120986314253,1.0059420369867844,0.40237681479471377,83.91950988769531,16.23439598083496,83.91950988769531,16.23439598083496,0,0
1054,PHL.51.24_1,Negros Occidental,Salvador Benedicto,0,0,0,0,0,0,0,0,NA,NA,NA,0,0,0,0,0,0
1055,PHL.51.25_1,Negros Occidental,San Carlos City,24289198.384,23975253.04,313945.3440000005,154.7672882080078,4826109.4257578915,232150.93231201172,619069.15283203125,1547672.8820800781,20.7886713083348,7.7957517406255485,3.1183006962502193,103.26594543457031,133.7572784423828,103.26594543457031,133.7572784423828,0,0
1056,PHL.51.26_1,Negros Occidental,San Enrique,7745628.736,7745628.736,0,0,0,0,0,0,NA,NA,NA,87.81672668457031,40.47042465209961,87.81672668457031,40.47042465209961,0,0
1057,PHL.51.27_1,Negros Occidental,Silay City,32824882.26,32824882.26,0,0,0,0,0,0,NA,NA,NA,108.20124053955078,73.8392562866211,108.20124053955078,73.8392562866211,0,0
1058,PHL.51.28_1,Negros Occidental,Sipalay City,20359.834695312504,18947.24846679688,1412.5862285156254,190.2287139892578,21714.91261910557,285343.0709838867,760914.85595703125,1902287.1398925781,0.07610106859868977,0.028537900724508666,0.011415160289803467,4.065393447875977,0.2870836555957794,4.065393447875977,0.2870836555957794,0,0
1059,PHL.51.29_1,Negros Occidental,Talisay City,21238982.032000005,21238982.032000005,0,0,0,0,0,0,NA,NA,NA,152.2819366455078,99.92829132080078,152.2819366455078,99.92829132080078,0,0
1060,PHL.51.30_1,Negros Occidental,Toboso,0,0,0,0,0,0,0,0,NA,NA,NA,0,0,0,0,0,0
1061,PHL.51.31_1,Negros Occidental,Valladolid,6574638.675,6572572.701999999,2065.9730000011623,0,31759.068765380067,0,0,0,NA,NA,NA,96.62540435791016,57.31398391723633,96.62540435791016,57.31398391723633,0,0
1062,PHL.51.32_1,Negros Occidental,Victorias City,24312695.856000002,23937878.748000003,374817.1079999991,113.82177734375,5761857.636767838,170732.666015625,455287.109375,1138217.7734375,33.74783379907234,12.655437674652125,5.06217506986085,103.97168731689453,76.68213653564453,103.97168731689453,76.68213653564453,0,0
1063,PHL.52.1_1,Negros Oriental,Amlan,6623.376749999999,6599.242437500001,24.134312499998487,0,371.00353697371287,0,0,0,NA,NA,NA,0,0,0,0,0,0
1064,PHL.52.2_1,Negros Oriental,Ayungon,0,0,0,236.4168701171875,0,354625.30517578125,945667.48046875,2364168.701171875,0,0,0,0,0,0,0,0,0
1065,PHL.52.3_1,Negros Oriental,Bacong,0,0,0,0,0,0,0,0,NA,NA,NA,0,0,0,0,0,0
1066,PHL.52.4_1,Negros Oriental,Bais City,4428234.6280000005,4106944.0300000003,321290.59800000023,171.4965057373047,4939023.983152902,257244.75860595703,685986.02294921875,1714965.0573730469,19.199706963586422,7.199890111344909,2.8799560445379635,21.711925506591797,18.62361717224121,21.711925506591797,18.62361717224121,0,0
1067,PHL.52.5_1,Negros Oriental,Basay,0,0,0,95.457000732421875,0,143185.5010986328,381828.0029296875,954570.00732421875,0,0,0,0,0,0,0,0,0
1068,PHL.52.6_1,Negros Oriental,Bayawan City,562053.869375,561860.0715,193.7978750000475,125.21001434326172,2979.1483425521906,187815.02151489258,500840.0573730469,1252100.1434326172,0.015862140943374767,0.005948302853765538,0.0023793211415062154,3.9074339866638184,3.6643717288970947,3.9074339866638184,3.6643717288970947,0,0
1069,PHL.52.7_1,Negros Oriental,Bindoy,0,0,0,0,0,0,0,0,NA,NA,NA,0,0,0,0,0,0
1070,PHL.52.8_1,Negros Oriental,Canlaon City,0,0,0,0,0,0,0,0,NA,NA,NA,0,0,0,0,0,0
1071,PHL.52.9_1,Negros Oriental,Dauin,0,0,0,0,0,0,0,0,NA,NA,NA,0,0,0,0,0,0
1072,PHL.52.10_1,Negros Oriental,Dumaguete City,0,0,0,0,0,0,0,0,NA,NA,NA,0,0,0,0,0,0
1073,PHL.52.11_1,Negros Oriental,Guihulngan City,0,0,0,75.3055648803711,0,112958.34732055664,301222.2595214844,753055.6488037109,0,0,0,0,0,0,0,0,0
1074,PHL.52.12_1,Negros Oriental,Jimalalud,2129.326547607422,2129.326547607422,0,0,0,0,0,0,NA,NA,NA,1.6086384057998657,0.0041579026728868484,1.6086384057998657,0.0041579026728868484,0,0
1075,PHL.52.13_1,Negros Oriental,La Libertad,5376.670644531249,5376.670644531249,0,0,0,0,0,0,NA,NA,NA,4.061903476715088,0.010498941875994205,4.061903476715088,0.010498941875994205,0,0
1076,PHL.52.14_1,Negros Oriental,Mabinay,0,0,0,0,0,0,0,0,NA,NA,NA,0,0,0,0,0,0
1077,PHL.52.15_1,Negros Oriental,Manjuyod,0,0,0,0,0,0,0,0,NA,NA,NA,0,0,0,0,0,0
1078,PHL.52.16_1,Negros Oriental,Pamplona,1653.946578125,1551.07254296875,102.8740351562501,0.041464898735284805,1581.4260673772771,62.19734810292721,165.85959494113922,414.64898735284805,25.425940423701924,9.534727658888222,3.813891063555289,0,0,0,0,0,0
1079,PHL.52.17_1,Negros Oriental,San Jose,0,0,0,0,0,0,0,0,NA,NA,NA,0,0,0,0,0,0
1080,PHL.52.18_1,Negros Oriental,Santa Catalina,342275.44243749994,342216.9561875,58.48624999995809,0,899.0770138703816,0,0,0,NA,NA,NA,4.956576824188232,2.284166097640991,4.956576824188232,2.284166097640991,0,0
1081,PHL.52.19_1,Negros Oriental,Siaton,0,0,0,0,0,0,0,0,NA,NA,NA,0,0,0,0,0,0
1082,PHL.52.20_1,Negros Oriental,Sibulan,0,0,0,0,0,0,0,0,NA,NA,NA,0,0,0,0,0,0
1083,PHL.52.21_1,Negros Oriental,Tanjay City,14899071.777999999,14534313.790000001,364757.98799999803,237.7854461669922,5607224.307194285,356678.1692504883,951141.78466796875,2377854.461669922,15.720682650629056,5.895255993985896,2.3581023975943585,66.98902130126953,59.29024124145508,66.98902130126953,59.29024124145508,0,0
1084,PHL.52.22_1,Negros Oriental,Tayasan,0,0,0,0,0,0,0,0,NA,NA,NA,0,0,0,0,0,0
1085,PHL.52.23_1,Negros Oriental,Valencia,0,0,0,0,0,0,0,0,NA,NA,NA,0,0,0,0,0,0
1086,PHL.52.24_1,Negros Oriental,Vallehermoso,0,0,0,0,0,0,0,0,NA,NA,NA,0,0,0,0,0,0
1087,PHL.52.25_1,Negros Oriental,Zamboanguita,0,0,0,0,0,0,0,0,NA,NA,NA,0,0,0,0,0,0
1088,PHL.53.1_1,North Cotabato,Alamada,0,0,0,0,0,0,0,0,NA,NA,NA,0,0,0,0,0,0
1089,PHL.53.2_1,North Cotabato,Aleosan,0,0,0,0,0,0,0,0,NA,NA,NA,0,0,0,0,0,0
1090,PHL.53.3_1,North Cotabato,Antipas,0,0,0,0,0,0,0,0,NA,NA,NA,0,0,0,0,0,0
1091,PHL.53.4_1,North Cotabato,Arakan,0,0,0,0,0,0,0,0,NA,NA,NA,0,0,0,0,0,0
1092,PHL.53.5_1,North Cotabato,Banisilan,0,0,0,0,0,0,0,0,NA,NA,NA,0,0,0,0,0,0
1093,PHL.53.6_1,North Cotabato,Carmen,0,0,0,0,0,0,0,0,NA,NA,NA,0,0,0,0,0,0
1094,PHL.53.7_1,North Cotabato,Kabacan,0,0,0,0,0,0,0,0,NA,NA,NA,0,0,0,0,0,0
1095,PHL.53.8_1,North Cotabato,Kidapawan City,0,0,0,0,0,0,0,0,NA,NA,NA,0,0,0,0,0,0
1096,PHL.53.9_1,North Cotabato,Libungan,0,0,0,0,0,0,0,0,NA,NA,NA,0,0,0,0,0,0
1097,PHL.53.10_1,North Cotabato,M'Lang,0,0,0,0,0,0,0,0,NA,NA,NA,0,0,0,0,0,0
1098,PHL.53.11_1,North Cotabato,Magpet,0,0,0,0,0,0,0,0,NA,NA,NA,0,0,0,0,0,0
1099,PHL.53.12_1,North Cotabato,Makilala,0,0,0,0,0,0,0,0,NA,NA,NA,0,0,0,0,0,0
1100,PHL.53.13_1,North Cotabato,Matalam,0,0,0,0,0,0,0,0,NA,NA,NA,0,0,0,0,0,0
1101,PHL.53.14_1,North Cotabato,Midsayap,0,0,0,0,0,0,0,0,NA,NA,NA,0,0,0,0,0,0
1102,PHL.53.15_1,North Cotabato,Pigkawayan,0,0,0,0,0,0,0,0,NA,NA,NA,0,0,0,0,0,0
1103,PHL.53.16_1,North Cotabato,Pikit,0,0,0,0,0,0,0,0,NA,NA,NA,0,0,0,0,0,0
1104,PHL.53.17_1,North Cotabato,President Roxas,0,0,0,0,0,0,0,0,NA,NA,NA,0,0,0,0,0,0
1105,PHL.53.18_1,North Cotabato,Tulunan,0,0,0,0,0,0,0,0,NA,NA,NA,0,0,0,0,0,0
1106,PHL.54.1_1,Northern Samar,Allen,0,0,0,0,0,0,0,0,NA,NA,NA,0,0,0,0,0,0
1107,PHL.54.2_1,Northern Samar,Biri,0,0,0,335.390869140625,0,503086.3037109375,1341563.4765625,3353908.69140625,0,0,0,0,0,0,0,0,0
1108,PHL.54.3_1,Northern Samar,Bobon,0,0,0,0,0,0,0,0,NA,NA,NA,0,0,0,0,0,0
1109,PHL.54.4_1,Northern Samar,Capul,0,0,0,0,0,0,0,0,NA,NA,NA,0,0,0,0,0,0
1110,PHL.54.5_1,Northern Samar,Catarman,5186218.781,5101835.9059999995,84382.87500000093,107.84819793701172,1297171.61344509,161772.29690551758,431392.7917480469,1078481.9793701172,8.018502786065389,3.0069385447745205,1.2027754179098082,19.613386154174805,19.364931106567383,19.613386154174805,19.364931106567383,0,0
1111,PHL.54.6_1,Northern Samar,Catubig,0,0,0,0,0,0,0,0,NA,NA,NA,0,0,0,0,0,0
1112,PHL.54.7_1,Northern Samar,Gamay,426379.791875,417488.45281250007,8891.33906249993,345.9793701171875,136681.67430169048,518969.05517578125,1383917.48046875,3459793.701171875,0.2633715304188892,0.09876432390708346,0.03950572956283339,5.033958911895752,2.6022210121154785,5.033958911895752,2.6022210121154785,0,0
1113,PHL.54.8_1,Northern Samar,Laoang,441818.137125,413019.12837500003,28799.00874999998,2850.79931640625,442711.35163214477,4276198.974609375,11403197.265625,28507993.1640625,0.10352917491931858,0.03882344059474447,0.015529376237897788,23.637887954711914,1.4259926080703735,22.94626808166504,1.4259926080703735,0.691619873046875,0
1114,PHL.54.9_1,Northern Samar,Lapinig,0,0,0,607.98126220703125,0,911971.8933105469,2431925.048828125,6079812.6220703125,0,0,0,0.9518478512763977,0,0.9518478512763977,0,0,0
1115,PHL.54.10_1,Northern Samar,Las Navas,0,0,0,0,0,0,0,0,NA,NA,NA,0,0,0,0,0,0
1116,PHL.54.11_1,Northern Samar,Lavezares,102061.92728125,81961.51105468751,20100.41622656249,802.5611572265625,308992.66406279284,1203841.7358398438,3210244.62890625,8025611.572265625,0.2566721645077609,0.09625206169041034,0.03850082467616414,3.6563756465911865,0.2547963857650757,3.6563756465911865,0.2547963857650757,0,0
1117,PHL.54.12_1,Northern Samar,Lope de Vega,0,0,0,0,0,0,0,0,NA,NA,NA,0,0,0,0,0,0
1118,PHL.54.13_1,Northern Samar,Mapanas,0,0,0,0,0,0,0,0,NA,NA,NA,0,0,0,0,0,0
1119,PHL.54.14_1,Northern Samar,Mondragon,540.655828125,497.3294375,43.32639062499999,374.4345703125,666.0328180544077,561651.85546875,1497738.28125,3744345.703125,0.0011858463771984554,4.446923914494208e-4,1.7787695657976832e-4,0,0,0,0,0,0
1120,PHL.54.15_1,Northern Samar,Palapag,56828.5396875,56788.118492187496,40.421195312505006,0,621.3728453895491,0,0,0,NA,NA,NA,1.1321567296981812,0,1.1321567296981812,0,0,0
1121,PHL.54.16_1,Northern Samar,Pambujan,6434521.441000001,6171831.143,262690.2980000004,402.74029541015625,4038193.741242263,604110.4431152344,1610961.181640625,4027402.9541015625,6.684528942122551,2.5066983532959566,1.0026793413183825,77.055999755859375,23.503870010375977,77.055999755859375,23.503870010375977,0,0
1122,PHL.54.17_1,Northern Samar,Rosario,0,0,0,363.05584716796875,0,544583.7707519531,1452223.388671875,3630558.4716796875,0,0,0,14.773476600646973,0,14.773476600646973,0,0,0
1123,PHL.54.18_1,Northern Samar,San Antonio,0,0,0,0,0,0,0,0,NA,NA,NA,1.3417896032333374,0,1.3417896032333374,0,0,0
1124,PHL.54.19_1,Northern Samar,San Isidro,0,0,0,0,0,0,0,0,NA,NA,NA,0,0,0,0,0,0
1125,PHL.54.20_1,Northern Samar,San Jose,96707.87378125,93328.6570546875,3379.216726562503,946.64947509765625,51946.843638305385,1419974.2126464844,3786597.900390625,9466494.7509765625,0.036582948602629325,0.013718605725985997,0.005487442290394399,12.803141593933105,0.15666908025741577,9.836461067199707,0.15666908025741577,2.9666805267333984,0
1126,PHL.54.21_1,Northern Samar,San Roque,572178.6884375,565991.3018124999,6187.386625000159,187.42591857910156,95115.29787720478,281138.87786865234,749703.67431640625,1874259.1857910156,0.3383213968778893,0.1268705238292085,0.050748209531683394,12.276029586791992,1.3677846193313599,12.276029586791992,1.3677846193313599,0,0
1127,PHL.54.22_1,Northern Samar,San Vicente,0,0,0,0,0,0,0,0,NA,NA,NA,0,0,0,0,0,0
1128,PHL.54.23_1,Northern Samar,Silvino Lobos,0,0,0,0,0,0,0,0,NA,NA,NA,0,0,0,0,0,0
1129,PHL.54.24_1,Northern Samar,Victoria,0,0,0,0,0,0,0,0,NA,NA,NA,0,0,0,0,0,0
1130,PHL.55.1_1,Nueva Ecija,Aliaga,0,0,0,0,0,0,0,0,NA,NA,NA,0,0,0,0,0,0
1131,PHL.55.2_1,Nueva Ecija,Bongabon,0,0,0,0,0,0,0,0,NA,NA,NA,0,0,0,0,0,0
1132,PHL.55.3_1,Nueva Ecija,Cabanatuan City,0,0,0,0,0,0,0,0,NA,NA,NA,0,0,0,0,0,0
1133,PHL.55.4_1,Nueva Ecija,Cabiao,0,0,0,0,0,0,0,0,NA,NA,NA,0,0,0,0,0,0
1134,PHL.55.5_1,Nueva Ecija,Carranglan,0,0,0,0,0,0,0,0,NA,NA,NA,0,0,0,0,0,0
1135,PHL.55.6_1,Nueva Ecija,Cuyapo,0,0,0,0,0,0,0,0,NA,NA,NA,0,0,0,0,0,0
1136,PHL.55.7_1,Nueva Ecija,Gabaldon,0,0,0,0,0,0,0,0,NA,NA,NA,0,0,0,0,0,0
1137,PHL.55.8_1,Nueva Ecija,Gapan City,0,0,0,0,0,0,0,0,NA,NA,NA,0,0,0,0,0,0
1138,PHL.55.9_1,Nueva Ecija,General Mamerto Natividad,0,0,0,0,0,0,0,0,NA,NA,NA,0,0,0,0,0,0
1139,PHL.55.10_1,Nueva Ecija,General Tinio,0,0,0,0,0,0,0,0,NA,NA,NA,0,0,0,0,0,0
1140,PHL.55.11_1,Nueva Ecija,Guimba,0,0,0,0,0,0,0,0,NA,NA,NA,0,0,0,0,0,0
1141,PHL.55.12_1,Nueva Ecija,Jaen,0,0,0,0,0,0,0,0,NA,NA,NA,0,0,0,0,0,0
1142,PHL.55.13_1,Nueva Ecija,Laur,0,0,0,0,0,0,0,0,NA,NA,NA,0,0,0,0,0,0
1143,PHL.55.14_1,Nueva Ecija,Licab,0,0,0,0,0,0,0,0,NA,NA,NA,0,0,0,0,0,0
1144,PHL.55.15_1,Nueva Ecija,Llanera,0,0,0,0,0,0,0,0,NA,NA,NA,0,0,0,0,0,0
1145,PHL.55.16_1,Nueva Ecija,Lupao,0,0,0,0,0,0,0,0,NA,NA,NA,0,0,0,0,0,0
1146,PHL.55.17_1,Nueva Ecija,Muñoz City,0,0,0,0,0,0,0,0,NA,NA,NA,0,0,0,0,0,0
1147,PHL.55.18_1,Nueva Ecija,Nampicuan,0,0,0,0,0,0,0,0,NA,NA,NA,0,0,0,0,0,0
1148,PHL.55.19_1,Nueva Ecija,Palayan City,0,0,0,0,0,0,0,0,NA,NA,NA,0,0,0,0,0,0
1149,PHL.55.20_1,Nueva Ecija,Pantabangan,0,0,0,0,0,0,0,0,NA,NA,NA,0,0,0,0,0,0
1150,PHL.55.21_1,Nueva Ecija,Peñaranda,0,0,0,0,0,0,0,0,NA,NA,NA,0,0,0,0,0,0
1151,PHL.55.22_1,Nueva Ecija,Quezon,0,0,0,0,0,0,0,0,NA,NA,NA,0,0,0,0,0,0
1152,PHL.55.23_1,Nueva Ecija,Rizal,0,0,0,0,0,0,0,0,NA,NA,NA,0,0,0,0,0,0
1153,PHL.55.24_1,Nueva Ecija,San Antonio,0,0,0,0,0,0,0,0,NA,NA,NA,0,0,0,0,0,0
1154,PHL.55.25_1,Nueva Ecija,San Isidro,0,0,0,0,0,0,0,0,NA,NA,NA,0,0,0,0,0,0
1155,PHL.55.26_1,Nueva Ecija,San Jose City,0,0,0,0,0,0,0,0,NA,NA,NA,0,0,0,0,0,0
1156,PHL.55.27_1,Nueva Ecija,San Leonardo,0,0,0,0,0,0,0,0,NA,NA,NA,0,0,0,0,0,0
1157,PHL.55.28_1,Nueva Ecija,Santa Rosa,0,0,0,0,0,0,0,0,NA,NA,NA,0,0,0,0,0,0
1158,PHL.55.29_1,Nueva Ecija,Santo Domingo,0,0,0,0,0,0,0,0,NA,NA,NA,0,0,0,0,0,0
1159,PHL.55.30_1,Nueva Ecija,Talavera,0,0,0,0,0,0,0,0,NA,NA,NA,0,0,0,0,0,0
1160,PHL.55.31_1,Nueva Ecija,Talugtug,0,0,0,0,0,0,0,0,NA,NA,NA,0,0,0,0,0,0
1161,PHL.55.32_1,Nueva Ecija,Zaragoza,0,0,0,0,0,0,0,0,NA,NA,NA,0,0,0,0,0,0
1162,PHL.56.1_1,Nueva Vizcaya,Alfonso Castaneda,0,0,0,0,0,0,0,0,NA,NA,NA,0,0,0,0,0,0
1163,PHL.56.2_1,Nueva Vizcaya,Ambaguio,0,0,0,0,0,0,0,0,NA,NA,NA,0,0,0,0,0,0
1164,PHL.56.3_1,Nueva Vizcaya,Aritao,0,0,0,0,0,0,0,0,NA,NA,NA,0,0,0,0,0,0
1165,PHL.56.4_1,Nueva Vizcaya,Bagabag,0,0,0,0,0,0,0,0,NA,NA,NA,0,0,0,0,0,0
1166,PHL.56.5_1,Nueva Vizcaya,Bambang,0,0,0,0,0,0,0,0,NA,NA,NA,0,0,0,0,0,0
1167,PHL.56.6_1,Nueva Vizcaya,Bayombong,0,0,0,0,0,0,0,0,NA,NA,NA,0,0,0,0,0,0
1168,PHL.56.7_1,Nueva Vizcaya,Diadi,0,0,0,0,0,0,0,0,NA,NA,NA,0,0,0,0,0,0
1169,PHL.56.8_1,Nueva Vizcaya,Dupax Del Norte,0,0,0,0,0,0,0,0,NA,NA,NA,0,0,0,0,0,0
1170,PHL.56.9_1,Nueva Vizcaya,Dupax Del Sur,0,0,0,0,0,0,0,0,NA,NA,NA,0,0,0,0,0,0
1171,PHL.56.10_1,Nueva Vizcaya,Kasibu,0,0,0,0,0,0,0,0,NA,NA,NA,0,0,0,0,0,0
1172,PHL.56.11_1,Nueva Vizcaya,Kayapa,0,0,0,0,0,0,0,0,NA,NA,NA,0,0,0,0,0,0
1173,PHL.56.12_1,Nueva Vizcaya,Quezon,0,0,0,0,0,0,0,0,NA,NA,NA,0,0,0,0,0,0
1174,PHL.56.13_1,Nueva Vizcaya,Santa Fe,0,0,0,0,0,0,0,0,NA,NA,NA,0,0,0,0,0,0
1175,PHL.56.14_1,Nueva Vizcaya,Solano,0,0,0,0,0,0,0,0,NA,NA,NA,0,0,0,0,0,0
1176,PHL.56.15_1,Nueva Vizcaya,Villaverde,0,0,0,0,0,0,0,0,NA,NA,NA,0,0,0,0,0,0
1177,PHL.57.1_1,Occidental Mindoro,Abra de Ilog,0,0,0,0,0,0,0,0,NA,NA,NA,0,0,0,0,0,0
1178,PHL.57.2_1,Occidental Mindoro,Calintaan,0,0,0,0,0,0,0,0,NA,NA,NA,0,0,0,0,0,0
1179,PHL.57.3_1,Occidental Mindoro,Looc,0,0,0,0,0,0,0,0,NA,NA,NA,0,0,0,0,0,0
1180,PHL.57.4_1,Occidental Mindoro,Lubang,0,0,0,0,0,0,0,0,NA,NA,NA,0,0,0,0,0,0
1181,PHL.57.5_1,Occidental Mindoro,Magsaysay,4415.493711914062,4412.507380371094,2.9863315429684008,263.84454345703125,45.907235394317176,395766.8151855469,1055378.173828125,2638445.4345703125,1.1599566621773112e-4,4.349837483164917e-5,1.739934993265967e-5,22.809785842895508,0.019082196056842804,21.74346351623535,0.019082196056842804,1.0663223266601562,0
1182,PHL.57.6_1,Occidental Mindoro,Mamburao,210099.59562500002,204415.27800000002,5684.317624999996,296.9971008300781,87381.89431155936,445495.6512451172,1187988.4033203125,2969971.0083007812,0.1961453362503886,0.07355450109389572,0.02942180043755829,3.4687321186065674,0.31432366371154785,3.4687321186065674,0.31432366371154785,0,0
1183,PHL.57.7_1,Occidental Mindoro,Paluan,0,0,0,0,0,0,0,0,NA,NA,NA,0,0,0,0,0,0
1184,PHL.57.8_1,Occidental Mindoro,Rizal,453.2807885742188,453.2807885742188,0,0,0,0,0,0,NA,NA,NA,7.638177871704102,0,7.638177871704102,0,0,0
1185,PHL.57.9_1,Occidental Mindoro,Sablayan,117803.9145,110737.854921875,7066.059578125001,146.378173828125,108622.65481776293,219567.2607421875,585512.6953125,1463781.73828125,0.494712437776896,0.18551716416633598,0.0742068656665344,13.620111465454102,0.871618390083313,13.620111465454102,0.871618390083313,0,0
1186,PHL.57.10_1,Occidental Mindoro,San Jose,17612700.143999998,17611980.796000004,719.3479999937117,0,11058.141901189443,0,0,0,NA,NA,NA,124.283935546875,115.3423080444336,124.283935546875,115.3423080444336,0,0
1187,PHL.57.11_1,Occidental Mindoro,Santa Cruz,3070671.9010000005,2946821.684500001,123850.21649999963,571.81304931640625,1903881.3878150801,857719.5739746094,2287252.197265625,5718130.4931640625,2.2197014567274405,0.8323880462727902,0.3329552185091161,62.997291564941406,16.834354400634766,62.997291564941406,16.834354400634766,0,0
1188,PHL.58.1_1,Oriental Mindoro,Baco,109165.06234375,101222.04987500003,7943.012468749977,806.215087890625,122103.57018177872,1209322.6318359375,3224860.3515625,8062150.87890625,0.10096856452310558,0.0378632116961646,0.015145284678465838,1.1897355318069458,1.5952951908111572,1.1897355318069458,1.5952951908111572,0,0
1189,PHL.58.2_1,Oriental Mindoro,Bansud,0,0,0,48.718719482421875,0,73078.07922363281,194874.8779296875,487187.19482421875,0,0,0,0,0,0,0,0,0
1190,PHL.58.3_1,Oriental Mindoro,Bongabong,22262.075585937502,22259.927859375,2.1477265625035216,94.260284423828125,33.01582140122079,141390.4266357422,377041.1376953125,942602.84423828125,2.335081814717058e-4,8.756556805188967e-5,3.502622722075587e-5,16.958913803100586,0.055516961961984634,16.958913803100586,0.055516961961984634,0,0
1191,PHL.58.4_1,Oriental Mindoro,Bulalacao,136158.53437500002,107038.11649999999,29120.41787500003,122.78466796875,447652.19766580133,184177.001953125,491138.671875,1227846.6796875,2.430554265291676,0.9114578494843786,0.3645831397937514,14.767271995544434,3.1969330310821533,5.325495719909668,0,9.441776275634766,3.1969330310821533
1192,PHL.58.5_1,Oriental Mindoro,Calapan City,7108763.4059999995,6785409.472,323353.9339999994,843.651123046875,4970742.514764894,1265476.6845703125,3374604.4921875,8436511.23046875,3.927960566458551,1.4729852124219567,0.5891940849687827,32.542640686035156,35.07346725463867,32.542640686035156,35.07346725463867,0,0
1193,PHL.58.6_1,Oriental Mindoro,Gloria,0,0,0,0,0,0,0,0,NA,NA,NA,0,0,0,0,0,0
1194,PHL.58.7_1,Oriental Mindoro,Mansalay,1099356.0459999999,1092974.123125,6381.922874999931,117.1505126953125,98105.79685327971,175725.76904296875,468602.05078125,1171505.126953125,0.55828918767907465,0.209358445379653,0.0837433781518612,43.62973403930664,3.3661153316497803,43.62973403930664,3.3661153316497803,0,0
1195,PHL.58.9_1,Oriental Mindoro,Naujan,241098.02225,191898.810375,49199.21187500001,563.88104248046875,756312.4751096698,845821.5637207031,2255524.169921875,5638810.4248046875,0.8941749744268876,0.33531561541008287,0.13412624616403315,7.316591262817383,1.0977269411087036,7.316591262817383,1.0977269411087036,0,0
1196,PHL.58.8_1,Oriental Mindoro,Naujan Lake,0,0,0,0,0,0,0,0,NA,NA,NA,0,0,0,0,0,0
1197,PHL.58.10_1,Oriental Mindoro,Pinamalayan,31620.6653125,31620.663562500005,0.0017499999958090484,0,0.026901789232619756,0,0,0,NA,NA,NA,0,0,0,0,0,0
1198,PHL.58.11_1,Oriental Mindoro,Pola,0,0,0,471.6202087402344,0,707430.3131103516,1886480.8349609375,4716202.087402344,0,0,0,0,0,0,0,0,0
1199,PHL.58.12_1,Oriental Mindoro,Puerto Galera,0,0,0,0,0,0,0,0,NA,NA,NA,0,0,0,0,0,0
1200,PHL.58.13_1,Oriental Mindoro,Roxas,4162302.9195000003,4157526.6385000004,4776.280999999959,0,73423.14576313032,0,0,0,NA,NA,NA,57.986968994140625,11.572160720825195,57.986968994140625,11.572160720825195,0,0
1201,PHL.58.14_1,Oriental Mindoro,San Teodoro,0,0,0,103.83163452148438,0,155747.45178222656,415326.5380859375,1038316.3452148438,0,0,0,0,0,0,0,0,0
1202,PHL.58.15_1,Oriental Mindoro,Socorro,0,0,0,0,0,0,0,0,NA,NA,NA,0,0,0,0,0,0
1203,PHL.58.16_1,Oriental Mindoro,Victoria,0,0,0,0,0,0,0,0,NA,NA,NA,0,0,0,0,0,0
1204,PHL.59.1_1,Palawan,Aborlan,5563.27856640625,5523.6196484375,39.65891796875076,1290.990234375,609.6547742537845,1936485.3515625,5163960.9375,12909902.34375,3.148253994081958e-4,1.1805952477807342e-4,4.722380991122936e-5,0,0,0,0,0,0
1205,PHL.59.2_1,Palawan,Agutaya,0,0,0,0,0,0,0,0,NA,NA,NA,0,0,0,0,0,0
1206,PHL.59.3_1,Palawan,Araceli,0,0,0,2060.956298828125,0,3091434.4482421875,8243825.1953125,20609562.98828125,0,0,0,0,0,0,0,0,0
1207,PHL.59.4_1,Palawan,Balabac,0,0,0,4954.51220703125,0,7431768.310546875,19818048.828125,49545122.0703125,0,0,0,0,0,0,0,0,0
1208,PHL.59.5_1,Palawan,Bataraza,0,0,0,7659.94189453125,0,11489912.841796875,30639767.578125,76599418.9453125,0,0,0,3.8756885528564453,0,3.8756885528564453,0,0,0
1209,PHL.59.6_1,Palawan,Brooke's Point,19015807.792000003,19015807.792000003,0,376.15777587890625,0,564236.6638183594,1504631.103515625,3761577.7587890625,0,0,0,35.184104919433594,54.43099594116211,35.184104919433594,54.43099594116211,0,0
1210,PHL.59.7_1,Palawan,Busuanga,0,0,0,839.1729736328125,0,1258759.4604492188,3356691.89453125,8391729.736328125,0,0,0,0,0,0,0,0,0
1211,PHL.59.8_1,Palawan,Cagayancillo,0,0,0,0,0,0,0,0,NA,NA,NA,0,0,0,0,0,0
1212,PHL.59.9_1,Palawan,Coron,0,0,0,1835.06494140625,0,2752597.412109375,7340259.765625,18350649.4140625,0,0,0,2.3731446266174316,0,2.3731446266174316,0,0,0
1213,PHL.59.10_1,Palawan,Culion,0,0,0,2175.712890625,0,3263569.3359375,8702851.5625,21757128.90625,0,0,0,0,0,0,0,0,0
1214,PHL.59.11_1,Palawan,Cuyo,0,0,0,84.8088607788086,0,127213.29116821289,339235.4431152344,848088.6077880859,0,0,0,0,0,0,0,0,0
1215,PHL.59.12_1,Palawan,Dumaran,0,0,0,4217.64599609375,0,6326468.994140625,16870583.984375,42176459.9609375,0,0,0,0,0,0,0,0,0
1216,PHL.59.13_1,Palawan,El Nido,0,0,0,1419.48046875,0,2129220.703125,5677921.875,14194804.6875,0,0,0,0,0,0,0,0,0
1217,PHL.59.14_1,Palawan,Linapacan,0,0,0,541.0224609375,0,811533.69140625,2164089.84375,5410224.609375,0,0,0,1.115904450416565,0,1.115904450416565,0,0,0
1218,PHL.59.15_1,Palawan,Magsaysay,0,0,0,176.8999786376953,0,265349.96795654297,707599.91455078125,1768999.7863769531,0,0,0,0,0,0,0,0,0
1219,PHL.59.16_1,Palawan,Narra,60499.61707719422,60191.09695219422,308.52012500000274,730.65167236328125,4742.710512370311,1095977.5085449219,2922606.689453125,7306516.7236328125,0.004327379417363214,0.0016227672815112054,6.491069126044822e-4,10.212197303771973,0,6.33612060546875,0,3.8760766983032227,0
1220,PHL.59.17_1,Palawan,Puerto Princesa City,4375032.6135,3929019.087,446013.52650000015,4474.00244140625,6856321.09344856,6711003.662109375,17896009.765625,44740024.4140625,1.021653606324141,0.38312010237155286,0.15324804094862116,14.61217975616455,13.436511993408203,14.61217975616455,13.436511993408203,0,0
1221,PHL.59.18_1,Palawan,Quezon,2485.4244760742185,2436.61768359375,48.80679248046863,1127.3226318359375,750.2800271852371,1690983.9477539062,4509290.52734375,11273226.318359375,4.4369435214439276e-4,1.6638538205414728e-4,6.655415282165892e-5,0,0,0,0,0,0
1222,PHL.59.19_1,Palawan,Rizal,0,0,0,1529.5313720703125,0,2294297.0581054688,6118125.48828125,15295313.720703125,0,0,0,1.446564793586731,0,1.446564793586731,0,0,0
1223,PHL.59.20_1,Palawan,Roxas,0,0,0,2931.652099609375,0,4397478.1494140625,11726608.3984375,29316520.99609375,0,0,0,0,0,0,0,0,0
1224,PHL.59.21_1,Palawan,San Vicente,246.52254125976566,246.52254125976566,0,304.9144592285156,0,457371.68884277344,1219657.8369140625,3049144.5922851562,0,0,0,0,0,0,0,0,0
1225,PHL.59.22_1,Palawan,Sofronio Espanola,0,0,0,523.67352294921875,0,785510.2844238281,2094694.091796875,5236735.2294921875,0,0,0,13.216863632202148,0,13.216863632202148,0,0,0
1226,PHL.59.23_1,Palawan,Taytay,0,0,0,5334.92626953125,0,8002389.404296875,21339705.078125,53349262.6953125,0,0,0,2.2148704528808594,0,2.2148704528808594,0,0,0
1227,PHL.60.1_1,Pampanga,Angeles City,0,0,0,0,0,0,0,0,NA,NA,NA,0,0,0,0,0,0
1228,PHL.60.2_1,Pampanga,Apalit,0,0,0,0,0,0,0,0,NA,NA,NA,0,0,0,0,0,0
1229,PHL.60.3_1,Pampanga,Arayat,0,0,0,0,0,0,0,0,NA,NA,NA,0,0,0,0,0,0
1230,PHL.60.4_1,Pampanga,Bacolor,30323.478429574963,30323.478429574963,0,0,0,0,0,0,NA,NA,NA,0,0,0,0,0,0
1231,PHL.60.5_1,Pampanga,Candaba,0,0,0,0,0,0,0,0,NA,NA,NA,0,0,0,0,0,0
1232,PHL.60.6_1,Pampanga,Floridablanca,0,0,0,0,0,0,0,0,NA,NA,NA,0,0,0,0,0,0
1233,PHL.60.7_1,Pampanga,Guagua,4517684.211000001,4517684.211000001,0,0,0,0,0,0,NA,NA,NA,67.6080093383789,23.95465660095215,67.6080093383789,23.95465660095215,0,0
1234,PHL.60.8_1,Pampanga,Lubao,1909623.2299999997,1909623.2299999997,0,3.0437700748443604,0,4565.6551122665405,12175.080299377441,30437.700748443604,0,0,0,25.408090591430664,13.984121322631836,25.408090591430664,13.984121322631836,0,0
1235,PHL.60.9_1,Pampanga,Mabalacat,0,0,0,0,0,0,0,0,NA,NA,NA,0,0,0,0,0,0
1236,PHL.60.10_1,Pampanga,Macabebe,10235866.036,10235791.89,74.14599999971688,0,1139.8057538349021,0,0,0,NA,NA,NA,54.16843032836914,80.98360443115234,54.16843032836914,80.98360443115234,0,0
1237,PHL.60.11_1,Pampanga,Magalang,0,0,0,0,0,0,0,0,NA,NA,NA,0,0,0,0,0,0
1238,PHL.60.12_1,Pampanga,Masantol,3253233.062,3253233.0360000003,0.02599999960511923,0,0.39968372062866825,0,0,0,NA,NA,NA,21.825393676757812,30.711912155151367,21.825393676757812,30.711912155151367,0,0
1239,PHL.60.13_1,Pampanga,Mexico,0,0,0,0,0,0,0,0,NA,NA,NA,0,0,0,0,0,0
1240,PHL.60.14_1,Pampanga,Minalin,10250093.108,10250093.108,0,0,0,0,0,0,NA,NA,NA,42.9378547668457,72.125518798828125,42.9378547668457,72.125518798828125,0,0
1241,PHL.60.15_1,Pampanga,Porac,0,0,0,0,0,0,0,0,NA,NA,NA,0,0,0,0,0,0
1242,PHL.60.16_1,Pampanga,San Fernando City,0,0,0,0,0,0,0,0,NA,NA,NA,0,0,0,0,0,0
1243,PHL.60.17_1,Pampanga,San Luis,0,0,0,0,0,0,0,0,NA,NA,NA,0,0,0,0,0,0
1244,PHL.60.18_1,Pampanga,San Simon,0,0,0,0,0,0,0,0,NA,NA,NA,0,0,0,0,0,0
1245,PHL.60.19_1,Pampanga,Santa Ana,0,0,0,0,0,0,0,0,NA,NA,NA,0,0,0,0,0,0
1246,PHL.60.20_1,Pampanga,Santa Rita,0,0,0,0,0,0,0,0,NA,NA,NA,0,0,0,0,0,0
1247,PHL.60.21_1,Pampanga,Santo Tomas,0,0,0,0,0,0,0,0,NA,NA,NA,0,0,0,0,0,0
1248,PHL.60.22_1,Pampanga,Sasmuan,1540608.53,1540608.53,0,33.89557647705078,0,50843.36471557617,135582.30590820312,338955.7647705078,0,0,0,12.228767395019531,7.460319519042969,12.228767395019531,7.460319519042969,0,0
1249,PHL.61.1_1,Pangasinan,Agno,0,0,0,0,0,0,0,0,NA,NA,NA,0,0,0,0,0,0
1250,PHL.61.2_1,Pangasinan,Aguilar,0,0,0,0,0,0,0,0,NA,NA,NA,0,0,0,0,0,0
1251,PHL.61.3_1,Pangasinan,Alaminos City,4651.621091796874,4651.621091796874,0,0,0,0,0,0,NA,NA,NA,5.887850284576416,0.005278373137116432,5.887850284576416,0.005278373137116432,0,0
1252,PHL.61.4_1,Pangasinan,Alcala,0,0,0,0,0,0,0,0,NA,NA,NA,0,0,0,0,0,0
1253,PHL.61.5_1,Pangasinan,Anda,0,0,0,0,0,0,0,0,NA,NA,NA,4.567914009094238,0,4.567914009094238,0,0,0
1254,PHL.61.6_1,Pangasinan,Asingan,0,0,0,0,0,0,0,0,NA,NA,NA,0,0,0,0,0,0
1255,PHL.61.7_1,Pangasinan,Balungao,0,0,0,0,0,0,0,0,NA,NA,NA,0,0,0,0,0,0
1256,PHL.61.8_1,Pangasinan,Bani,88320.032171875,88320.032171875,0,0,0,0,0,0,NA,NA,NA,12.384047508239746,0.3198445737361908,12.384047508239746,0.3198445737361908,0,0
1257,PHL.61.9_1,Pangasinan,Basista,0,0,0,0,0,0,0,0,NA,NA,NA,0,0,0,0,0,0
1258,PHL.61.10_1,Pangasinan,Bautista,0,0,0,0,0,0,0,0,NA,NA,NA,0,0,0,0,0,0
1259,PHL.61.11_1,Pangasinan,Bayambang,0,0,0,0,0,0,0,0,NA,NA,NA,0,0,0,0,0,0
1260,PHL.61.12_1,Pangasinan,Binalonan,0,0,0,0,0,0,0,0,NA,NA,NA,0,0,0,0,0,0
1261,PHL.61.13_1,Pangasinan,Binmaley,2485229.6700000004,2485008.3079999997,221.3620000006631,0,3402.8765042230307,0,0,0,NA,NA,NA,60.443267822265625,58.160560607910156,60.443267822265625,58.160560607910156,0,0
1262,PHL.61.14_1,Pangasinan,Bolinao,75822.35896874999,75822.35896874999,0,0,0,0,0,0,NA,NA,NA,9.747688293457031,0.11047682911157608,9.747688293457031,0.11047682911157608,0,0
1263,PHL.61.15_1,Pangasinan,Bugallon,424775.005625,396955.42375,27819.581874999974,213.8033905029297,427655.1599617943,320705.08575439453,855213.56201171875,2138033.905029297,1.3334841851847192,0.5000565694442698,0.2000226277777079,1.9528063535690308,1.8302477598190308,1.9528063535690308,1.8302477598190308,0,0
1264,PHL.61.16_1,Pangasinan,Burgos,0,0,0,0,0,0,0,0,NA,NA,NA,0,0,0,0,0,0
1265,PHL.61.17_1,Pangasinan,Calasiao,11692.4055546875,11692.4055546875,0,0,0,0,0,0,NA,NA,NA,0.25641635060310364,0.543337881565094,0.25641635060310364,0.543337881565094,0,0
1266,PHL.61.18_1,Pangasinan,Dagupan City,32077351.119999997,32077351.119999997,0,0,0,0,0,0,NA,NA,NA,386.8337707519531,504.1243591308594,386.8337707519531,504.1243591308594,0,0
1267,PHL.61.19_1,Pangasinan,Dasol,80466.60614062501,80466.60614062501,0,0,0,0,0,0,NA,NA,NA,23.410375595092773,0.5537109971046448,23.410375595092773,0.5537109971046448,0,0
1268,PHL.61.20_1,Pangasinan,Infanta,1585.809705078125,1585.809705078125,0,0,0,0,0,0,NA,NA,NA,0,0,0,0,0,0
1269,PHL.61.21_1,Pangasinan,Labrador,4818859.204,4764727.739,54131.46499999985,81.27234649658203,832133.2947259197,121908.51974487305,325089.3859863281,812723.4649658203,6.825883018409103,2.5597061319034133,1.0238824527613655,32.02267074584961,36.82793426513672,32.02267074584961,36.82793426513672,0,0
1270,PHL.61.22_1,Pangasinan,Laoac,0,0,0,0,0,0,0,0,NA,NA,NA,0,0,0,0,0,0
1271,PHL.61.23_1,Pangasinan,Lingayen,30464319.167999998,29776906.736,687412.4319999963,299.56988525390625,10567213.946190367,449354.8278808594,1198279.541015625,2995698.8525390625,23.516413512290395,8.818655067108898,3.5274620268435593,196.6661376953125,161.39234924316406,196.6661376953125,161.39234924316406,0,0
1272,PHL.61.24_1,Pangasinan,Mabini,0,0,0,0,0,0,0,0,NA,NA,NA,0,0,0,0,0,0
1273,PHL.61.25_1,Pangasinan,Malasiqui,0,0,0,0,0,0,0,0,NA,NA,NA,0,0,0,0,0,0
1274,PHL.61.26_1,Pangasinan,Manaoag,0,0,0,0,0,0,0,0,NA,NA,NA,0,0,0,0,0,0
1275,PHL.61.27_1,Pangasinan,Mangaldan,8358763.5,8358763.5,0,0,0,0,0,0,NA,NA,NA,134.26890563964844,126.92849731445312,134.26890563964844,126.92849731445312,0,0
1276,PHL.61.28_1,Pangasinan,Mangatarem,0,0,0,0,0,0,0,0,NA,NA,NA,0,0,0,0,0,0
1277,PHL.61.29_1,Pangasinan,Mapandan,0,0,0,0,0,0,0,0,NA,NA,NA,0,0,0,0,0,0
1278,PHL.61.30_1,Pangasinan,Natividad,0,0,0,0,0,0,0,0,NA,NA,NA,0,0,0,0,0,0
1279,PHL.61.31_1,Pangasinan,Pozzorubio,0,0,0,0,0,0,0,0,NA,NA,NA,0,0,0,0,0,0
1280,PHL.61.32_1,Pangasinan,Rosales,0,0,0,0,0,0,0,0,NA,NA,NA,0,0,0,0,0,0
1281,PHL.61.33_1,Pangasinan,San Carlos City,0,0,0,0,0,0,0,0,NA,NA,NA,0,0,0,0,0,0
1282,PHL.61.34_1,Pangasinan,San Fabian,20283138.608000007,20283138.608000007,0,0,0,0,0,0,NA,NA,NA,229.9745635986328,262.59075927734375,229.9745635986328,262.59075927734375,0,0
1283,PHL.61.35_1,Pangasinan,San Jacinto,0,0,0,0,0,0,0,0,NA,NA,NA,0,0,0,0,0,0
1284,PHL.61.36_1,Pangasinan,San Manuel,0,0,0,0,0,0,0,0,NA,NA,NA,0,0,0,0,0,0
1285,PHL.61.37_1,Pangasinan,San Nicolas,0,0,0,0,0,0,0,0,NA,NA,NA,0,0,0,0,0,0
1286,PHL.61.38_1,Pangasinan,San Quintin,0,0,0,0,0,0,0,0,NA,NA,NA,0,0,0,0,0,0
1287,PHL.61.39_1,Pangasinan,Santa Barbara,0,0,0,0,0,0,0,0,NA,NA,NA,0,0,0,0,0,0
1288,PHL.61.40_1,Pangasinan,Santa Maria,0,0,0,0,0,0,0,0,NA,NA,NA,0,0,0,0,0,0
1289,PHL.61.41_1,Pangasinan,Santo Tomas,0,0,0,0,0,0,0,0,NA,NA,NA,0,0,0,0,0,0
1290,PHL.61.42_1,Pangasinan,Sison,0,0,0,0,0,0,0,0,NA,NA,NA,0,0,0,0,0,0
1291,PHL.61.43_1,Pangasinan,Sual,0,0,0,0,0,0,0,0,NA,NA,NA,0,0,0,0,0,0
1292,PHL.61.44_1,Pangasinan,Tayug,0,0,0,0,0,0,0,0,NA,NA,NA,0,0,0,0,0,0
1293,PHL.61.45_1,Pangasinan,Umingan,0,0,0,0,0,0,0,0,NA,NA,NA,0,0,0,0,0,0
1294,PHL.61.46_1,Pangasinan,Urbiztondo,0,0,0,0,0,0,0,0,NA,NA,NA,0,0,0,0,0,0
1295,PHL.61.47_1,Pangasinan,Urdaneta City,0,0,0,0,0,0,0,0,NA,NA,NA,0,0,0,0,0,0
1296,PHL.61.48_1,Pangasinan,Villasis,0,0,0,0,0,0,0,0,NA,NA,NA,0,0,0,0,0,0
1297,PHL.62.1_1,Quezon,Agdangan,0,0,0,0,0,0,0,0,NA,NA,NA,8.839300155639648,0,8.839300155639648,0,0,0
1298,PHL.62.2_1,Quezon,Alabat,0,0,0,304.9091491699219,0,457363.7237548828,1219636.5966796875,3049091.4916992188,0,0,0,0,0,0,0,0,0
1299,PHL.62.3_1,Quezon,Atimonan,0,0,0,0,0,0,0,0,NA,NA,NA,0,0,0,0,0,0
1300,PHL.62.4_1,Quezon,Buenavista,0,0,0,0,0,0,0,0,NA,NA,NA,7.265414714813232,0,7.265414714813232,0,0,0
1301,PHL.62.5_1,Quezon,Burdeos,0,0,0,3235.732421875,0,4853598.6328125,12942929.6875,32357324.21875,0,0,0,6.3890767097473145,0,6.3890767097473145,0,0,0
1302,PHL.62.6_1,Quezon,Calauag,2182185.6080000005,2046398.0700000003,135787.53800000018,2843.540283203125,2087387.277965994,4265310.4248046875,11374161.1328125,28435402.83203125,0.48938695430628065,0.18352010786485523,0.0734080431459421,8.493401527404785,10.61214542388916,6.692351341247559,10.61214542388916,1.8010501861572266,0
1303,PHL.62.7_1,Quezon,Candelaria,0,0,0,0,0,0,0,0,NA,NA,NA,0,0,0,0,0,0
1304,PHL.62.8_1,Quezon,Catanauan,5539066.136000001,5507394.537,31671.599000001326,144.54054260253906,486870.1045705916,216810.8139038086,578162.17041015625,1445405.4260253906,2.2455988048022313,0.8420995518008367,0.3368398207203347,61.59368133544922,24.913240432739258,61.59368133544922,24.913240432739258,0,0
1305,PHL.62.9_1,Quezon,Dolores,0,0,0,0,0,0,0,0,NA,NA,NA,0,0,0,0,0,0
1306,PHL.62.10_1,Quezon,General Luna,88.99775390625001,87.870125,1.1276289062500098,135.70518493652344,17.334420137825724,203557.77740478516,542820.73974609375,1357051.8493652344,8.515724802474795e-5,3.193396800928048e-5,1.2773587203712193e-5,1.0563760995864868,0,1.0563760995864868,0,0,0
1307,PHL.62.11_1,Quezon,General Nakar,0,0,0,67.43049621582031,0,101145.74432373047,269721.98486328125,674304.9621582031,0,0,0,0.9764153361320496,0,0.9764153361320496,0,0,0
1308,PHL.62.12_1,Quezon,Guinayangan,0,0,0,212.33592224121094,0,318503.8833618164,849343.68896484375,2123359.2224121094,0,0,0,8.942005157470703,0,7.664309978485107,0,1.2776951789855957,0
1309,PHL.62.13_1,Quezon,Gumaca,1627947.175,1627914.4052499998,32.76975000021048,0,503.7513770414292,0,0,0,NA,NA,NA,15.121861457824707,8.25084400177002,15.121861457824707,8.25084400177002,0,0
1310,PHL.62.14_1,Quezon,Hinunangan,0,0,0,0,0,0,0,0,NA,NA,NA,0,0,0,0,0,0
1311,PHL.62.15_1,Quezon,Infanta,272760.88793749997,264793.92949999997,7966.958437499998,2094.277587890625,122471.67841367966,3141416.3818359375,8377110.3515625,20942775.87890625,0.03898613349119404,0.014619800059197767,0.005847920023679107,39.546669006347656,1.8126014471054077,37.67152786254883,1.8126014471054077,1.8751411437988281,0
1312,PHL.62.16_1,Quezon,Jomalig,0,0,0,436.6590270996094,0,654988.5406494141,1746636.1083984375,4366590.270996094,0,0,0,0,0,0,0,0,0
1313,PHL.62.17_1,Quezon,Lopez,159870.66187011718,140964.25221875,18906.40965136717,281.33514404296875,290637.8564598267,422002.7160644531,1125340.576171875,2813351.4404296875,0.688710867006451,0.25826657512741913,0.10330663005096766,1.4352552890777588,0,1.4352552890777588,0,0,0
1314,PHL.62.18_1,Quezon,Lucban,0,0,0,0,0,0,0,0,NA,NA,NA,0,0,0,0,0,0
1315,PHL.62.19_1,Quezon,Lucena City,12771275.112000002,12602927.185999999,168347.92600000277,87.700347900390625,2587920.247912337,131550.52185058594,350801.3916015625,877003.47900390625,19.67244379958961,7.377166424846105,2.9508665699384418,99.88114166259766,59.070430755615234,99.88114166259766,59.070430755615234,0,0
1316,PHL.62.20_1,Quezon,Macalelon,768199.5915000001,705182.5859999999,63017.0055000002,228.62649536132812,968725.830909559,342939.7430419922,914505.9814453125,2286264.9536132812,2.824769804504521,1.0592886766891956,0.4237154706756782,11.8464937210083,2.2966363430023193,11.8464937210083,2.2966363430023193,0,0
1317,PHL.62.21_1,Quezon,Mauban,0,0,0,921.18218994140625,0,1381773.2849121094,3684728.759765625,9211821.8994140625,0,0,0,0,0,0,0,0,0
1318,PHL.62.22_1,Quezon,Mulanay,0,0,0,0,0,0,0,0,NA,NA,NA,0,0,0,0,0,0
1319,PHL.62.23_1,Quezon,Padre Burgos,0,0,0,242.48655700683594,0,363729.8355102539,969946.22802734375,2424865.5700683594,0,0,0,0,0,0,0,0,0
1320,PHL.62.24_1,Quezon,Pagbilao,2345481.3449999997,2314372.8190000006,31108.52599999914,242.36305236816406,478214.292453498,363544.5785522461,969452.20947265625,2423630.5236816406,1.315421328404633,0.4932829981517374,0.19731319926069493,27.189054489135742,15.601322174072266,27.189054489135742,15.601322174072266,0,0
1321,PHL.62.25_1,Quezon,Panukulan,0,0,0,1413.4205322265625,0,2120130.7983398438,5653682.12890625,14134205.322265625,0,0,0,4.3152594566345215,0,4.3152594566345215,0,0,0
1322,PHL.62.26_1,Quezon,Patnanungan,0,0,0,1185.26318359375,0,1777894.775390625,4741052.734375,11852631.8359375,0,0,0,8.335492134094238,0,8.335492134094238,0,0,0
1323,PHL.62.27_1,Quezon,Perez,0,0,0,0,0,0,0,0,NA,NA,NA,0,0,0,0,0,0
1324,PHL.62.28_1,Quezon,Pitogo,0,0,0,364.0368347167969,0,546055.2520751953,1456147.3388671875,3640368.3471679688,0,0,0,0,0,0,0,0,0
1325,PHL.62.29_1,Quezon,Plaridel,0,0,0,0,0,0,0,0,NA,NA,NA,0,0,0,0,0,0
1326,PHL.62.30_1,Quezon,Polillo,0,0,0,387.22247314453125,0,580833.7097167969,1548889.892578125,3872224.7314453125,0,0,0,0,0,0,0,0,0
1327,PHL.62.31_1,Quezon,Quezon,1499221.475125,1480773.6909999999,18447.78412500024,288.00750732421875,283587.6580160727,432011.2609863281,1152030.029296875,2880075.0732421875,0.6564358006979069,0.24616342526171506,0.09846537010468602,9.720240592956543,2.2436447143554688,9.720240592956543,2.2436447143554688,0,0
1328,PHL.62.32_1,Quezon,Real,72008.87229687498,70594.81909375,1414.053203124975,0,21737.463614445478,0,0,0,NA,NA,NA,0.20027419924736023,0,0.20027419924736023,0,0,0
1329,PHL.62.33_1,Quezon,Sampaloc,0,0,0,0,0,0,0,0,NA,NA,NA,0,0,0,0,0,0
1330,PHL.62.34_1,Quezon,San Andres,19.82326401138306,19.82326401138306,0,209.39935302734375,0,314099.0295410156,837597.412109375,2093993.5302734375,0,0,0,4.668936252593994,2.717024181038141e-4,4.668936252593994,2.717024181038141e-4,0,0
1331,PHL.62.35_1,Quezon,San Antonio,0,0,0,0,0,0,0,0,NA,NA,NA,0,0,0,0,0,0
1332,PHL.62.36_1,Quezon,San Francisco,76720.39668749999,76720.39668749999,0,0,0,0,0,0,NA,NA,NA,15.359245300292969,1.0206928253173828,15.359245300292969,1.0206928253173828,0,0
1333,PHL.62.37_1,Quezon,San Narciso,0,0,0,478.873779296875,0,718310.6689453125,1915495.1171875,4788737.79296875,0,0,0,9.464332580566406,0,9.464332580566406,0,0,0
1334,PHL.62.38_1,Quezon,Sariaya,5169.657044921875,5165.34001171875,4.317033203124993,127.44364166259766,66.36338149646606,191165.46249389648,509774.5666503906,1274436.4166259766,3.47151523244346e-4,1.3018182121662977e-4,5.20727284866519e-5,0,0,0,0,0,0
1335,PHL.62.39_1,Quezon,Tagkawayan,0,0,0,369.7145080566406,0,554571.7620849609,1478858.0322265625,3697145.0805664062,0,0,0,4.584072589874268,0,4.356508255004883,0,0.22756433486938477,0
1336,PHL.62.40_1,Quezon,Tayabas City,0,0,0,0,0,0,0,0,NA,NA,NA,0,0,0,0,0,0
1337,PHL.62.41_1,Quezon,Tiaong,0,0,0,0,0,0,0,0,NA,NA,NA,0,0,0,0,0,0
1338,PHL.62.42_1,Quezon,Unisan,0,0,0,121.29463195800781,0,181941.94793701172,485178.52783203125,1212946.3195800781,0,0,0,1.109955072402954,0,1.109955072402954,0,0,0
1339,PHL.63.1_1,Quirino,Aglipay,0,0,0,0,0,0,0,0,NA,NA,NA,0,0,0,0,0,0
1340,PHL.63.2_1,Quirino,Cabarroguis,0,0,0,0,0,0,0,0,NA,NA,NA,0,0,0,0,0,0
1341,PHL.63.3_1,Quirino,Diffun,0,0,0,0,0,0,0,0,NA,NA,NA,0,0,0,0,0,0
1342,PHL.63.4_1,Quirino,Maddela,0,0,0,0,0,0,0,0,NA,NA,NA,0,0,0,0,0,0
1343,PHL.63.5_1,Quirino,Nagtipunan,0,0,0,0,0,0,0,0,NA,NA,NA,0,0,0,0,0,0
1344,PHL.63.6_1,Quirino,Saguday,0,0,0,0,0,0,0,0,NA,NA,NA,0,0,0,0,0,0
1345,PHL.64.1_1,Rizal,Angono,0,0,0,0,0,0,0,0,NA,NA,NA,0,0,0,0,0,0
1346,PHL.64.2_1,Rizal,Antipolo City,0,0,0,0,0,0,0,0,NA,NA,NA,0,0,0,0,0,0
1347,PHL.64.3_1,Rizal,Baras,0,0,0,0,0,0,0,0,NA,NA,NA,0,0,0,0,0,0
1348,PHL.64.4_1,Rizal,Binangonan,0,0,0,0,0,0,0,0,NA,NA,NA,0,0,0,0,0,0
1349,PHL.64.5_1,Rizal,Cainta,0,0,0,0,0,0,0,0,NA,NA,NA,0,0,0,0,0,0
1350,PHL.64.6_1,Rizal,Cardona,0,0,0,0,0,0,0,0,NA,NA,NA,0,0,0,0,0,0
1351,PHL.64.7_1,Rizal,Jala-Jala,0,0,0,0,0,0,0,0,NA,NA,NA,0,0,0,0,0,0
1352,PHL.64.8_1,Rizal,Morong,0,0,0,0,0,0,0,0,NA,NA,NA,0,0,0,0,0,0
1353,PHL.64.9_1,Rizal,Pililla,0,0,0,0,0,0,0,0,NA,NA,NA,0,0,0,0,0,0
1354,PHL.64.10_1,Rizal,Rodriguez,0,0,0,0,0,0,0,0,NA,NA,NA,0,0,0,0,0,0
1355,PHL.64.11_1,Rizal,San Mateo,0,0,0,0,0,0,0,0,NA,NA,NA,0,0,0,0,0,0
1356,PHL.64.12_1,Rizal,Tanay,0,0,0,0,0,0,0,0,NA,NA,NA,0,0,0,0,0,0
1357,PHL.64.13_1,Rizal,Taytay,0,0,0,0,0,0,0,0,NA,NA,NA,0,0,0,0,0,0
1358,PHL.64.14_1,Rizal,Teresa,0,0,0,0,0,0,0,0,NA,NA,NA,0,0,0,0,0,0
1359,PHL.65.1_1,Romblon,Alcantara,0,0,0,0,0,0,0,0,NA,NA,NA,0,0,0,0,0,0
1360,PHL.65.2_1,Romblon,Banton,0,0,0,0,0,0,0,0,NA,NA,NA,0,0,0,0,0,0
1361,PHL.65.3_1,Romblon,Cajidiocan,0,0,0,222.64881896972656,0,333973.22845458984,890595.27587890625,2226488.1896972656,0,0,0,0,0,0,0,0,0
1362,PHL.65.4_1,Romblon,Calatrava,0,0,0,0,0,0,0,0,NA,NA,NA,0,0,0,0,0,0
1363,PHL.65.5_1,Romblon,Concepcion,0,0,0,0,0,0,0,0,NA,NA,NA,0,0,0,0,0,0
1364,PHL.65.6_1,Romblon,Corcuera,0,0,0,0,0,0,0,0,NA,NA,NA,0,0,0,0,0,0
1365,PHL.65.7_1,Romblon,Ferrol,0,0,0,99.51908874511719,0,149278.63311767578,398076.35498046875,995190.8874511719,0,0,0,0,0,0,0,0,0
1366,PHL.65.8_1,Romblon,Looc,0,0,0,0,0,0,0,0,NA,NA,NA,0,0,0,0,0,0
1367,PHL.65.9_1,Romblon,Magdiwang,0,0,0,130.85040283203125,0,196275.60424804688,523401.611328125,1308504.0283203125,0,0,0,0,0,0,0,0,0
1368,PHL.65.10_1,Romblon,Odiongan,0,0,0,37.13887405395508,0,55708.31108093262,148555.4962158203,371388.7405395508,0,0,0,0,0,0,0,0,0
1369,PHL.65.11_1,Romblon,Romblon,0,0,0,0,0,0,0,0,NA,NA,NA,0,0,0,0,0,0
1370,PHL.65.12_1,Romblon,San Agustin,0,0,0,0,0,0,0,0,NA,NA,NA,0,0,0,0,0,0
1371,PHL.65.13_1,Romblon,San Andres,0,0,0,0,0,0,0,0,NA,NA,NA,0,0,0,0,0,0
1372,PHL.65.14_1,Romblon,San Fernando,0,0,0,0,0,0,0,0,NA,NA,NA,2.2458200454711914,0,2.2458200454711914,0,0,0
1373,PHL.65.15_1,Romblon,San Jose,0,0,0,0,0,0,0,0,NA,NA,NA,0,0,0,0,0,0
1374,PHL.65.16_1,Romblon,Santa Fe,0,0,0,0,0,0,0,0,NA,NA,NA,0,0,0,0,0,0
1375,PHL.65.17_1,Romblon,Santa Maria,0,0,0,0,0,0,0,0,NA,NA,NA,0,0,0,0,0,0
1376,PHL.66.1_1,Samar,Almagro,0,0,0,0,0,0,0,0,NA,NA,NA,0,0,0,0,0,0
1377,PHL.66.2_1,Samar,Basey,0,0,0,123.94735717773438,0,185921.03576660156,495789.4287109375,1239473.5717773438,0,0,0,0,0,0,0,0,0
1378,PHL.66.3_1,Samar,Calbayog City,12030701.396,11927156.429999998,103544.96600000188,839.038330078125,1591739.9189152766,1258557.4951171875,3356153.3203125,8390383.30078125,1.264733574024813,0.47427509025930487,0.18971003610372195,8.198592185974121,31.019960403442383,8.198592185974121,31.019960403442383,0,0
1379,PHL.66.4_1,Samar,Calbiga,11620.207185546877,9941.30229296875,1678.9048925781262,817.60003662109375,25808.883239951225,1226400.0549316406,3270400.146484375,8176000.3662109375,0.021044424399825887,0.007891659149934708,0.003156663659973883,32.88931655883789,0.0366210900247097,32.88931655883789,0.0366210900247097,0,0
1380,PHL.66.5_1,Samar,Catbalogan City,5779437.3835,5777264.736,2172.647500000894,0,33398.917292443155,0,0,0,NA,NA,NA,13.443538665771484,17.19727325439453,13.443538665771484,17.19727325439453,0,0
1381,PHL.66.6_1,Samar,Daram,0,0,0,79.87873077392578,0,119818.09616088867,319514.9230957031,798787.3077392578,0,0,0,0,0,0,0,0,0
1382,PHL.66.7_1,Samar,Gandara,45033.2330546875,34471.11452343751,10562.118531249995,1219.1463623046875,162365.64986177214,1828719.5434570312,4876585.44921875,12191463.623046875,0.08878652303066349,0.03329494613649881,0.013317978454599524,1.0071485042572021,0,1.0071485042572021,0,0,0
1383,PHL.66.8_1,Samar,Hinabangan,2685.0271914062505,2124.7918515624997,560.2353398437508,685.43548583984375,8612.190325277119,1028153.2287597656,2741741.943359375,6854354.8583984375,0.0083763685065365,0.0031411381899511875,0.001256455275980475,1.9541831016540527,0,1.9541831016540527,0,0,0
1384,PHL.66.9_1,Samar,Jiabong,0,0,0,123.29122161865234,0,184936.83242797852,493164.8864746094,1232912.2161865234,0,0,0,0,0,0,0,0,0
1385,PHL.66.10_1,Samar,Marabut,0,0,0,0,0,0,0,0,NA,NA,NA,0,0,0,0,0,0
1386,PHL.66.11_1,Samar,Matuguinao,0,0,0,0,0,0,0,0,NA,NA,NA,0,0,0,0,0,0
1387,PHL.66.12_1,Samar,Motiong,0,0,0,0,0,0,0,0,NA,NA,NA,0,0,0,0,0,0
1388,PHL.66.13_1,Samar,Pagsanghan,89497.775765625,78930.23475,10567.541015625,667.64093017578125,162449.00673727095,1001461.3952636719,2670563.720703125,6676409.3017578125,0.1622119509604264,0.0608294816101599,0.02433179264406396,12.660858154296875,0.2849305272102356,12.660858154296875,0.2849305272102356,0,0
1389,PHL.66.14_1,Samar,Paranas,3402655.187,3280528.8095,122126.37749999994,306.7462463378906,1877381.7572093543,460119.36950683594,1226984.9853515625,3067462.4633789062,4.080205880533926,1.5300772052002223,0.6120308820800888,11.718069076538086,8.912355422973633,11.718069076538086,8.912355422973633,0,0
1390,PHL.66.15_1,Samar,Pinabacdao,305935.887625,282417.18562500004,23518.701999999932,410.6305236816406,361540.0947108502,615945.7855224609,1642522.0947265625,4106305.2368164062,0.5869673974701891,0.22011277405132093,0.08804510962052838,23.241104125976562,2.433941602706909,23.241104125976562,2.433941602706909,0,0
1391,PHL.66.16_1,Samar,San Jorge,0,0,0,0,0,0,0,0,NA,NA,NA,0,0,0,0,0,0
1392,PHL.66.17_1,Samar,San Jose de Buan,0,0,0,0,0,0,0,0,NA,NA,NA,0,0,0,0,0,0
1393,PHL.66.18_1,Samar,San Sebastian,2765.9709726562496,2541.1572802734377,224.81369238281195,516.1021728515625,3455.937476327478,774153.25927734375,2064408.69140625,5161021.728515625,0.004464151555150107,0.0016740568331812902,6.696227332725161e-4,3.046949863433838,0.007556024473160505,3.046949863433838,0.007556024473160505,0,0
1394,PHL.66.19_1,Samar,Santa Margarita,363719.5,314585.4675,49134.03249999997,1747.6490478515625,755310.508359519,2621473.5717773438,6990596.19140625,17476490.478515625,0.28812440319488813,0.10804665119808306,0.04321866047923322,8.406306266784668,1.6010230779647827,8.406306266784668,1.6010230779647827,0,0
1395,PHL.66.20_1,Samar,Santa Rita,0,0,0,1301.7012939453125,0,1952551.9409179688,5206805.17578125,13017012.939453125,0,0,0,0,0,0,0,0,0
1396,PHL.66.21_1,Samar,Santo Nino,0,0,0,0,0,0,0,0,NA,NA,NA,0,0,0,0,0,0
1397,PHL.66.22_1,Samar,Tagapul-An,0,0,0,0,0,0,0,0,NA,NA,NA,0,0,0,0,0,0
1398,PHL.66.23_1,Samar,Talalora,0,0,0,120.75298309326172,0,181129.47463989258,483011.9323730469,1207529.8309326172,0,0,0,0,0,0,0,0,0
1399,PHL.66.24_1,Samar,Tarangnan,4.302623600006102,4.061958599567413,0.240665000438689,812.0167236328125,3.6996109331284814,1218025.0854492188,3248066.89453125,8120167.236328125,3.037384843157012e-6,1.1390193161838794e-6,4.556077264735518e-7,6.37240743637085,3.9050206396495923e-5,6.37240743637085,3.9050206396495923e-5,0,0
1400,PHL.66.25_1,Samar,Villareal,1570773.83225,1568936.2002499998,1837.632000000216,447.8294677734375,28248.90792543607,671744.20166015625,1791317.87109375,4478294.677734375,0.04205307296381777,0.015769902361431665,0.006307960944572665,4.3452911376953125,3.434786319732666,4.3452911376953125,3.434786319732666,0,0
1401,PHL.66.26_1,Samar,Zumarraga,0,0,0,84.26445007324219,0,126396.67510986328,337057.80029296875,842644.5007324219,0,0,0,0,0,0,0,0,0
1402,PHL.67.1_1,Sarangani,Alabel,758.5339375000001,758.5339375000001,0,0,0,0,0,0,NA,NA,NA,0,0,0,0,0,0
1403,PHL.67.2_1,Sarangani,Glan,0,0,0,0,0,0,0,0,NA,NA,NA,2.958404541015625,0,2.958404541015625,0,0,0
1404,PHL.67.3_1,Sarangani,Kiamba,0,0,0,0,0,0,0,0,NA,NA,NA,15.722891807556152,0,15.722891807556152,0,0,0
1405,PHL.67.4_1,Sarangani,Maasim,0,0,0,0,0,0,0,0,NA,NA,NA,0,0,0,0,0,0
1406,PHL.67.5_1,Sarangani,Maitum,0,0,0,0,0,0,0,0,NA,NA,NA,5.050678253173828,0,5.050678253173828,0,0,0
1407,PHL.67.6_1,Sarangani,Malapatan,0,0,0,0,0,0,0,0,NA,NA,NA,0,0,0,0,0,0
1408,PHL.67.7_1,Sarangani,Malungon,0,0,0,0,0,0,0,0,NA,NA,NA,0,0,0,0,0,0
1409,PHL.68.1_1,Siquijor,Enrique Villanueva,0,0,0,0,0,0,0,0,NA,NA,NA,0,0,0,0,0,0
1410,PHL.68.2_1,Siquijor,Larena,0,0,0,0,0,0,0,0,NA,NA,NA,0,0,0,0,0,0
1411,PHL.68.3_1,Siquijor,Lazi,0,0,0,0,0,0,0,0,NA,NA,NA,0,0,0,0,0,0
1412,PHL.68.4_1,Siquijor,Maria,0,0,0,0,0,0,0,0,NA,NA,NA,0,0,0,0,0,0
1413,PHL.68.5_1,Siquijor,San Juan,0,0,0,0,0,0,0,0,NA,NA,NA,0,0,0,0,0,0
1414,PHL.68.6_1,Siquijor,Siquijor,0,0,0,0,0,0,0,0,NA,NA,NA,0,0,0,0,0,0
1415,PHL.69.1_1,Sorsogon,Barcelona,39255.5634375,31396.817761718743,7858.745675781258,83.27899169921875,120808.18303367459,124918.48754882812,333115.966796875,832789.9169921875,0.9670961072631711,0.36266104022368917,0.14506441608947568,8.72943115234375,0.12730222940444946,8.72943115234375,0.12730222940444946,0,0
1416,PHL.69.2_1,Sorsogon,Bulan,7073683.141999999,6902174.224000001,171508.91799999774,86.47464752197266,2636512.442628628,129711.97128295898,345898.5900878906,864746.4752197266,20.32589911749342,7.622212169060033,3.0488848676240132,120.39793395996094,56.104522705078125,120.39793395996094,56.104522705078125,0,0
1417,PHL.69.3_1,Sorsogon,Bulusan,0,0,0,0,0,0,0,0,NA,NA,NA,3.1320347785949707,0,3.1320347785949707,0,0,0
1418,PHL.69.4_1,Sorsogon,Casiguran,19438.8908046875,16954.66084375,2484.2299609375004,35.13773727416992,38188.70341402677,52706.60591125488,140550.9490966797,351377.3727416992,0.7245525063466858,0.2717071898800072,0.10868287595200288,5.53635311126709,0.0456107072532177,5.53635311126709,0.0456107072532177,0,0
1419,PHL.69.5_1,Sorsogon,Castilla,0,0,0,120.5469741821289,0,180820.46127319336,482187.8967285156,1205469.741821289,0,0,0,0,0,0,0,0,0
1420,PHL.69.6_1,Sorsogon,Donsol,618197.02075,583076.64625,35120.374500000034,193.1505889892578,539886.2370470351,289725.8834838867,772602.35595703125,1931505.8898925781,1.8634380558444694,0.698789270941676,0.2795157083766704,0,6.810650825500488,0,6.810650825500488,0,0
1421,PHL.69.7_1,Sorsogon,Gubat,2112371.6085,1967710.9692500003,144660.63924999977,579.17742919921875,2223788.5923881857,868766.1437988281,2316709.716796875,5791774.2919921875,2.55970908657224,0.95989090746459,0.383956362985836,49.45232391357422,11.295502662658691,49.45232391357422,11.295502662658691,0,0
1422,PHL.69.8_1,Sorsogon,Irosin,0,0,0,0,0,0,0,0,NA,NA,NA,0,0,0,0,0,0
1423,PHL.69.9_1,Sorsogon,Juban,25983.937421875,20780.1293125,5203.808109375001,582.8719482421875,79995.28531466292,874307.92236328125,2331487.79296875,5828719.482421875,0.09149555124518739,0.034310831716945274,0.013724332686778109,9.38000202178955,0,6.653677940368652,0,2.7263240814208984,0
1424,PHL.69.10_1,Sorsogon,Magallanes,539141.3965625,483971.495125,55169.901437500026,184.31625366210938,848096.6080059218,276474.38049316406,737265.0146484375,1843162.5366210938,3.067541399290309,1.1503280247338659,0.4601312098935464,5.760193347930908,2.0947165489196777,5.760193347930908,2.0947165489196777,0,0
1425,PHL.69.11_1,Sorsogon,Matnog,0,0,0,119.19841766357422,0,178797.62649536133,476793.6706542969,1191984.1766357422,0,0,0,0,0,0,0,0,0
1426,PHL.69.12_1,Sorsogon,Pilar,0,0,0,342.4679260253906,0,513701.88903808594,1369871.7041015625,3424679.2602539062,0,0,0,0,0,0,0,0,0
1427,PHL.69.13_1,Sorsogon,Prieto Diaz,1070702.5855,1027874.516375,42828.06912500004,474.37298583984375,658372.3952000156,711559.4787597656,1897491.943359375,4743729.8583984375,0.9252527931291786,0.34696979742344203,0.1387879189693768,41.847686767578125,11.546427726745605,41.847686767578125,11.546427726745605,0,0
1428,PHL.69.14_1,Sorsogon,Santa Magdalena,0,0,0,89.05030059814453,0,133575.4508972168,356201.2023925781,890503.0059814453,0,0,0,0,0,0,0,0,0
1429,PHL.69.15_1,Sorsogon,Sorsogon City,4484627.6000000015,4262141.4,222486.20000000112,573.5513916015625,3420158.213657276,860327.08740234375,2294205.56640625,5735513.916015625,3.975416168731872,1.490781063274452,0.5963124253097808,32.949737548828125,22.398435592651367,32.949737548828125,22.398435592651367,0,0
1430,PHL.70.1_1,South Cotabato,Banga,0,0,0,0,0,0,0,0,NA,NA,NA,0,0,0,0,0,0
1431,PHL.70.2_1,South Cotabato,General Santos City,0,0,0,0,0,0,0,0,NA,NA,NA,0,0,0,0,0,0
1432,PHL.70.3_1,South Cotabato,Koronadal City,0,0,0,0,0,0,0,0,NA,NA,NA,0,0,0,0,0,0
1433,PHL.70.4_1,South Cotabato,Lake Sebu,0,0,0,0,0,0,0,0,NA,NA,NA,0,0,0,0,0,0
1434,PHL.70.5_1,South Cotabato,Norala,0,0,0,0,0,0,0,0,NA,NA,NA,0,0,0,0,0,0
1435,PHL.70.6_1,South Cotabato,Polomolok,0,0,0,0,0,0,0,0,NA,NA,NA,0,0,0,0,0,0
1436,PHL.70.7_1,South Cotabato,Santo Nino,0,0,0,0,0,0,0,0,NA,NA,NA,0,0,0,0,0,0
1437,PHL.70.8_1,South Cotabato,Surallah,0,0,0,0,0,0,0,0,NA,NA,NA,0,0,0,0,0,0
1438,PHL.70.9_1,South Cotabato,T'Boli,0,0,0,0,0,0,0,0,NA,NA,NA,0,0,0,0,0,0
1439,PHL.70.10_1,South Cotabato,Tampakan,0,0,0,0,0,0,0,0,NA,NA,NA,0,0,0,0,0,0
1440,PHL.70.11_1,South Cotabato,Tantangan,0,0,0,0,0,0,0,0,NA,NA,NA,0,0,0,0,0,0
1441,PHL.70.12_1,South Cotabato,Tupi,0,0,0,0,0,0,0,0,NA,NA,NA,0,0,0,0,0,0
1442,PHL.71.1_1,Southern Leyte,Anahawan,0,0,0,0,0,0,0,0,NA,NA,NA,0.7579695582389832,0,0.7579695582389832,0,0,0
1443,PHL.71.2_1,Southern Leyte,Bontoc,0,0,0,0,0,0,0,0,NA,NA,NA,0,0,0,0,0,0
1444,PHL.71.3_1,Southern Leyte,Hinunangan,0,0,0,123.98887634277344,0,185983.31451416016,495955.50537109375,1239888.7634277344,0,0,0,0,0,0,0,0,0
1445,PHL.71.4_1,Southern Leyte,Hinundayan,0,0,0,95.51648712158203,0,143274.73068237305,382065.9484863281,955164.8712158203,0,0,0,0,0,0,0,0,0
1446,PHL.71.5_1,Southern Leyte,Libagon,0,0,0,0,0,0,0,0,NA,NA,NA,0,0,0,0,0,0
1447,PHL.71.6_1,Southern Leyte,Liloan,0,0,0,0,0,0,0,0,NA,NA,NA,0,0,0,0,0,0
1448,PHL.71.7_1,Southern Leyte,Limasawa,0,0,0,0,0,0,0,0,NA,NA,NA,0,0,0,0,0,0
1449,PHL.71.8_1,Southern Leyte,Maasin City,0,0,0,0,0,0,0,0,NA,NA,NA,0,0,0,0,0,0
1450,PHL.71.9_1,Southern Leyte,Macrohon,0,0,0,0,0,0,0,0,NA,NA,NA,0,0,0,0,0,0
1451,PHL.71.10_1,Southern Leyte,Malitbog,0,0,0,0,0,0,0,0,NA,NA,NA,0,0,0,0,0,0
1452,PHL.71.11_1,Southern Leyte,Padre Burgos,0,0,0,0,0,0,0,0,NA,NA,NA,0,0,0,0,0,0
1453,PHL.71.12_1,Southern Leyte,Pintuyan,0,0,0,0,0,0,0,0,NA,NA,NA,0,0,0,0,0,0
1454,PHL.71.13_1,Southern Leyte,Saint Bernard,0,0,0,101.7558364868164,0,152633.7547302246,407023.3459472656,1017558.3648681641,0,0,0,0,0,0,0,0,0
1455,PHL.71.14_1,Southern Leyte,San Francisco,0,0,0,0,0,0,0,0,NA,NA,NA,0,0,0,0,0,0
1456,PHL.71.15_1,Southern Leyte,San Juan,0,0,0,0,0,0,0,0,NA,NA,NA,2.775005578994751,0,2.775005578994751,0,0,0
1457,PHL.71.16_1,Southern Leyte,San Ricardo,0,0,0,0,0,0,0,0,NA,NA,NA,0,0,0,0,0,0
1458,PHL.71.17_1,Southern Leyte,Silago,0,0,0,0,0,0,0,0,NA,NA,NA,0,0,0,0,0,0
1459,PHL.71.18_1,Southern Leyte,Sogod,0,0,0,0,0,0,0,0,NA,NA,NA,0,0,0,0,0,0
1460,PHL.71.19_1,Southern Leyte,Tomas Oppus,0,0,0,0,0,0,0,0,NA,NA,NA,0,0,0,0,0,0
1461,PHL.72.1_1,Sultan Kudarat,Bagumbayan,0,0,0,0,0,0,0,0,NA,NA,NA,0,0,0,0,0,0
1462,PHL.72.2_1,Sultan Kudarat,Buluan Lake,0,0,0,0,0,0,0,0,NA,NA,NA,0,0,0,0,0,0
1463,PHL.72.3_1,Sultan Kudarat,Columbio,0,0,0,0,0,0,0,0,NA,NA,NA,0,0,0,0,0,0
1464,PHL.72.4_1,Sultan Kudarat,Esperanza,0,0,0,0,0,0,0,0,NA,NA,NA,0,0,0,0,0,0
1465,PHL.72.5_1,Sultan Kudarat,Isulan,0,0,0,0,0,0,0,0,NA,NA,NA,0,0,0,0,0,0
1466,PHL.72.6_1,Sultan Kudarat,Kalamansig,0,0,0,0,0,0,0,0,NA,NA,NA,0,0,0,0,0,0
1467,PHL.72.7_1,Sultan Kudarat,Lambayong,0,0,0,0,0,0,0,0,NA,NA,NA,0,0,0,0,0,0
1468,PHL.72.8_1,Sultan Kudarat,Lebak,157.71196484375,156.1334111328125,1.5785537109374843,865.66082763671875,24.266239614690633,1298491.2414550781,3462643.310546875,8656608.2763671875,1.8688027181067538e-5,7.008010192900328e-6,2.8032040771601307e-6,18.818252563476562,0,17.859283447265625,0,0.9589691162109375,0
1469,PHL.72.9_1,Sultan Kudarat,Lutayan,0,0,0,0,0,0,0,0,NA,NA,NA,0,0,0,0,0,0
1470,PHL.72.10_1,Sultan Kudarat,Palimbang,0,0,0,0,0,0,0,0,NA,NA,NA,0,0,0,0,0,0
1471,PHL.72.11_1,Sultan Kudarat,President Quirino,0,0,0,0,0,0,0,0,NA,NA,NA,0,0,0,0,0,0
1472,PHL.72.12_1,Sultan Kudarat,Sen. Ninoy Aquino,0,0,0,0,0,0,0,0,NA,NA,NA,0,0,0,0,0,0
1473,PHL.72.13_1,Sultan Kudarat,Tacurong City,0,0,0,0,0,0,0,0,NA,NA,NA,0,0,0,0,0,0
1474,PHL.73.1_1,Sulu,Hadji Panglima Tahil,0,0,0,1607.7650146484375,0,2411647.5219726562,6431060.05859375,16077650.146484375,0,0,0,3.603726625442505,0,3.603726625442505,0,0,0
1475,PHL.73.2_1,Sulu,Indanan,0,0,0,110.1240234375,0,165186.03515625,440496.09375,1101240.234375,0,0,0,0,0,0,0,0,0
1476,PHL.73.3_1,Sulu,Jolo,0,0,0,0,0,0,0,0,NA,NA,NA,0,0,0,0,0,0
1477,PHL.73.4_1,Sulu,Kalingalan Caluang,0,0,0,202.1431121826172,0,303214.6682739258,808572.44873046875,2021431.1218261719,0,0,0,0,0,0,0,0,0
1478,PHL.73.5_1,Sulu,Lugus,0,0,0,0,0,0,0,0,NA,NA,NA,0,0,0,0,0,0
1479,PHL.73.6_1,Sulu,Luuk,0,0,0,1241.13916015625,0,1861708.740234375,4964556.640625,12411391.6015625,0,0,0,4.092163562774658,0,3.77250075340271,0,0.31966280937194824,0
1480,PHL.73.7_1,Sulu,Maimbung,0,0,0,94.107666015625,0,141161.4990234375,376430.6640625,941076.66015625,0,0,0,0,0,0,0,0,0
1481,PHL.73.8_1,Sulu,Old Panamao,0,0,0,0,0,0,0,0,NA,NA,NA,0,0,0,0,0,0
1482,PHL.73.9_1,Sulu,Pandami,49793.458093750014,47632.21456249999,2161.243531250024,385.1202087402344,33223.610341308304,577680.3131103516,1540480.8349609375,3851202.0874023438,0.057512104164369804,0.021567039061638676,0.008626815624655471,2.499765396118164,0.9994282126426697,2.499765396118164,0.9994282126426697,0,0
1483,PHL.73.10_1,Sulu,Panglima Estino,0,0,0,218.0631561279297,0,327094.73419189453,872252.62451171875,2180631.561279297,0,0,0,0,0,0,0,0,0
1484,PHL.73.11_1,Sulu,Pangutaran,0,0,0,4337.54833984375,0,6506322.509765625,17350193.359375,43375483.3984375,0,0,0,10.537392616271973,0,10.45175838470459,0,0.08563423156738281,0
1485,PHL.73.12_1,Sulu,Parang,0,0,0,0,0,0,0,0,NA,NA,NA,0,0,0,0,0,0
1486,PHL.73.13_1,Sulu,Pata,0,0,0,496.93890380859375,0,745408.3557128906,1987755.615234375,4969389.0380859375,0,0,0,0.6539399027824402,0,0.6539399027824402,0,0,0
1487,PHL.73.14_1,Sulu,Patikul,0,0,0,0,0,0,0,0,NA,NA,NA,0,0,0,0,0,0
1488,PHL.73.15_1,Sulu,Siasi,179464.85062500002,167102.174375,12362.676250000019,135.9219512939453,190044.63521433275,203882.92694091797,543687.80517578125,1359219.5129394531,0.9321262847546066,0.3495473567829775,0.13981894271319098,0,0,0,0,0,0
1489,PHL.73.16_1,Sulu,Talipao,0,0,0,1003.9774780273438,0,1505966.2170410156,4015909.912109375,10039774.780273438,0,0,0,0.256917804479599,0,0.256917804479599,0,0,0
1490,PHL.73.17_1,Sulu,Tapul,0,0,0,1659.9326171875,0,2489898.92578125,6639730.46875,16599326.171875,0,0,0,1.2902896404266357,0,1.2902896404266357,0,0,0
1491,PHL.73.18_1,Sulu,Tongkil,0,0,0,7127.173828125,0,10690760.7421875,28508695.3125,71271738.28125,0,0,0,6.530784606933594,0,6.530784606933594,0,0,0
1492,PHL.74.1_1,Surigao del Norte,Alegria,0,0,0,0,0,0,0,0,NA,NA,NA,0,0,0,0,0,0
1493,PHL.74.2_1,Surigao del Norte,Bacuag,288.08780456542974,268.9373641357422,19.150440429687535,260.61199951171875,294.3892076486086,390917.9992675781,1042447.998046875,2606119.9951171875,7.530715091148901e-4,2.824018159180838e-4,1.1296072636723352e-4,0.5002618432044983,0.007379990071058273,0.5002618432044983,0.007379990071058273,0,0
1494,PHL.74.3_1,Surigao del Norte,Burgos,0,0,0,0,0,0,0,0,NA,NA,NA,0,0,0,0,0,0
1495,PHL.74.4_1,Surigao del Norte,Claver,355598.79150000005,283298.69393750007,72300.09756249998,272.356689453125,1111429.7090183818,408535.0341796875,1089426.7578125,2723566.89453125,2.7205248412784533,1.0201968154794199,0.408078726191768,4.429795265197754,1.0527162551879883,4.429795265197754,1.0527162551879883,0,0
1496,PHL.74.5_1,Surigao del Norte,Dapa,17042702.702,16974192.449999996,68510.25200000405,842.5321044921875,1053170.4937094639,1263798.1567382812,3370128.41796875,8425321.044921875,0.833337576965278,0.31250159136197925,0.12500063654479168,20.40224266052246,21.853181838989258,20.40224266052246,21.853181838989258,0,0
1497,PHL.74.6_1,Surigao del Norte,Del Carmen,0,0,0,3851.012451171875,0,5776518.6767578125,15404049.8046875,38510124.51171875,0,0,0,4.3769683837890625,0,4.3769683837890625,0,0,0
1498,PHL.74.7_1,Surigao del Norte,General Luna,0,0,0,235.0321502685547,0,352548.22540283203,940128.60107421875,2350321.502685547,0,0,0,0,0,0,0,0,0
1499,PHL.74.8_1,Surigao del Norte,Gigaquit,758263.6847499999,606461.54425,151802.14049999986,619.7799072265625,2333570.9706122344,929669.86083984375,2479119.62890625,6197799.072265625,2.5101071562157955,0.9412901835809233,0.3765160734323693,9.493433952331543,2.2547576427459717,9.493433952331543,2.2547576427459717,0,0
1500,PHL.74.10_1,Surigao del Norte,Mainit,0,0,0,0,0,0,0,0,NA,NA,NA,0,0,0,0,0,0
1501,PHL.74.9_1,Surigao del Norte,Mainit Lake,0,0,0,0,0,0,0,0,NA,NA,NA,0,0,0,0,0,0
1502,PHL.74.11_1,Surigao del Norte,Malimono,0,0,0,0,0,0,0,0,NA,NA,NA,0,0,0,0,0,0
1503,PHL.74.12_1,Surigao del Norte,Pilar,492906.45574999996,405289.9046875,87616.55106249999,1091.192138671875,1346881.1403526599,1636788.2080078125,4364768.5546875,10911921.38671875,0.8228805252647758,0.3085801969742909,0.12343207878971638,4.488401412963867,1.1504676342010498,4.488401412963867,1.1504676342010498,0,0
1504,PHL.74.13_1,Surigao del Norte,Placer,0,0,0,0,0,0,0,0,NA,NA,NA,0,0,0,0,0,0
1505,PHL.74.14_1,Surigao del Norte,San Benito,0,0,0,1112.381103515625,0,1668571.6552734375,4449524.4140625,11123811.03515625,0,0,0,0,0,0,0,0,0
1506,PHL.74.15_1,Surigao del Norte,San Francisco,0,0,0,0,0,0,0,0,NA,NA,NA,0,0,0,0,0,0
1507,PHL.74.16_1,Surigao del Norte,San Isidro,0,0,0,0,0,0,0,0,NA,NA,NA,0,0,0,0,0,0
1508,PHL.74.17_1,Surigao del Norte,Santa Monica,0,0,0,34.34369659423828,0,51515.54489135742,137374.78637695312,343436.9659423828,0,0,0,0,0,0,0,0,0
1509,PHL.74.18_1,Surigao del Norte,Sison,0,0,0,0,0,0,0,0,NA,NA,NA,0,0,0,0,0,0
1510,PHL.74.19_1,Surigao del Norte,Socorro,0,0,0,125.0358657836914,0,187553.7986755371,500143.4631347656,1250358.657836914,0,0,0,0,0,0,0,0,0
1511,PHL.74.20_1,Surigao del Norte,Surigao City,5380746.696000001,5067672.162,313074.53400000185,2161.338134765625,4812722.941679192,3242007.2021484375,8645352.5390625,21613381.34765625,1.4844886644575808,0.5566832491715927,0.2226732996686371,80.47796630859375,16.732969284057617,80.47796630859375,16.732969284057617,0,0
1512,PHL.74.21_1,Surigao del Norte,Tagana-An,1396053.4965000001,1233568.1891250005,162485.30737499963,1776.087646484375,2497797.4302101852,2664131.4697265625,7104350.5859375,17760876.46484375,0.9375653786584904,0.3515870169969339,0.14063480679877358,29.493534088134766,3.387666702270508,29.493534088134766,3.387666702270508,0,0
1513,PHL.74.22_1,Surigao del Norte,Tubod,0,0,0,0,0,0,0,0,NA,NA,NA,0,0,0,0,0,0
1514,PHL.75.1_1,Surigao del Sur,Barobo,0,0,0,0,0,0,0,0,NA,NA,NA,0.7070806622505188,0,0.7070806622505188,0,0,0
1515,PHL.75.2_1,Surigao del Sur,Bayabas,908718.400625,901213.06025,7505.340375000029,222.72998046875,115375.47735477435,334094.970703125,890919.921875,2227299.8046875,0.3453373665337105,0.12950151245014144,0.05180060498005658,5.4989914894104,3.8079075813293457,5.4989914894104,3.8079075813293457,0,0
1516,PHL.75.3_1,Surigao del Sur,Bislig City,9033782.299999999,8984433.099,49349.20099999942,1453.6253662109375,758618.1755882882,2180438.0493164062,5814501.46484375,14536253.662109375,0.3479200777229714,0.13047002914611427,0.052188011658445714,63.14773178100586,48.60326385498047,63.14773178100586,48.60326385498047,0,0
1517,PHL.75.4_1,Surigao del Sur,Cagwait,0,0,0,0,0,0,0,0,NA,NA,NA,0,0,0,0,0,0
1518,PHL.75.5_1,Surigao del Sur,Cantilan,0,0,0,697.12725830078125,0,1045690.8874511719,2788509.033203125,6971272.5830078125,0,0,0,0,0,0,0,0,0
1519,PHL.75.6_1,Surigao del Sur,Carmen,0,0,0,312.0207824707031,0,468031.1737060547,1248083.1298828125,3120207.8247070312,0,0,0,0,0,0,0,0,0
1520,PHL.75.7_1,Surigao del Sur,Carrascal,0,0,0,347.47723388671875,0,521215.8508300781,1389908.935546875,3474772.3388671875,0,0,0,0,0,0,0,0,0
1521,PHL.75.8_1,Surigao del Sur,Cortes,290.3306752624512,275.81657345581056,14.514101806640667,92.76091766357422,223.11731922177526,139141.37649536133,371043.6706542969,927609.1766357422,0.0016035296246276068,6.013236092353526e-4,2.40529443694141e-4,6.604466915130615,0.003282038262113929,6.604466915130615,0.003282038262113929,0,0
1522,PHL.75.9_1,Surigao del Sur,Hinatuan,5474165.565499999,5264753.438999999,209412.12649999931,2418.276611328125,3219177.6590566314,3627414.9169921875,9673106.4453125,24182766.11328125,0.8874577992103363,0.3327966747038761,0.13311866988155044,66.95771789550781,21.769672393798828,66.95771789550781,21.769672393798828,0,0
1523,PHL.75.10_1,Surigao del Sur,Lanuza,0,0,0,199.21946716308594,0,298829.2007446289,796877.86865234375,1992194.6716308594,0,0,0,0,0,0,0,0,0
1524,PHL.75.11_1,Surigao del Sur,Lianga,0,0,0,364.3846130371094,0,546576.9195556641,1457538.4521484375,3643846.1303710938,0,0,0,0,0,0,0,0,0
1525,PHL.75.12_1,Surigao del Sur,Lingig,0,0,0,535.81072998046875,0,803716.0949707031,2143242.919921875,5358107.2998046875,0,0,0,5.489109516143799,0,5.489109516143799,0,0,0
1526,PHL.75.13_1,Surigao del Sur,Madrid,0,0,0,53.842933654785156,0,80764.40048217773,215371.73461914062,538429.3365478516,0,0,0,0,0,0,0,0,0
1527,PHL.75.14_1,Surigao del Sur,Marihatag,2.3187319335937504,2.132916259765625,0.18581567382812558,326.1329040527344,2.8564423459500943,489199.35607910156,1304531.6162109375,3261329.0405273438,5.839014934206534e-6,2.1896306003274504e-06,8.758522401309802e-7,9.839778900146484,0,9.839778900146484,0,0,0
1528,PHL.75.15_1,Surigao del Sur,San Agustin,2.418251983642578,2.2244612731933593,0.19379071044921892,986.60772705078125,2.9790382058454483,1479911.5905761719,3946430.908203125,9866077.2705078125,2.0129839004001744e-6,7.548689626500654e-7,3.0194758506002616e-7,1.4161523580551147,0,1.4161523580551147,0,0,0
1529,PHL.75.16_1,Surigao del Sur,San Miguel,0,0,0,0,0,0,0,0,NA,NA,NA,0,0,0,0,0,0
1530,PHL.75.17_1,Surigao del Sur,Tagbina,0,0,0,0,0,0,0,0,NA,NA,NA,0,0,0,0,0,0
1531,PHL.75.18_1,Surigao del Sur,Tago,3045440.7935000006,3034804.0225,10636.771000000648,125.45682525634766,163513.24128167747,188185.23788452148,501827.3010253906,1254568.2525634766,0.86889515415665175,0.3258356828087444,0.13033427312349777,24.582393646240234,12.790099143981934,24.582393646240234,12.790099143981934,0,0
1532,PHL.75.19_1,Surigao del Sur,Tandag City,0,0,0,0,0,0,0,0,NA,NA,NA,0,0,0,0,0,0
1533,PHL.76.1_1,Tarlac,Anao,0,0,0,0,0,0,0,0,NA,NA,NA,0,0,0,0,0,0
1534,PHL.76.2_1,Tarlac,Bamban,0,0,0,0,0,0,0,0,NA,NA,NA,0,0,0,0,0,0
1535,PHL.76.3_1,Tarlac,Camiling,0,0,0,0,0,0,0,0,NA,NA,NA,0,0,0,0,0,0
1536,PHL.76.4_1,Tarlac,Capas,0,0,0,0,0,0,0,0,NA,NA,NA,0,0,0,0,0,0
1537,PHL.76.5_1,Tarlac,Concepcion,0,0,0,0,0,0,0,0,NA,NA,NA,0,0,0,0,0,0
1538,PHL.76.6_1,Tarlac,Gerona,0,0,0,0,0,0,0,0,NA,NA,NA,0,0,0,0,0,0
1539,PHL.76.7_1,Tarlac,La Paz,0,0,0,0,0,0,0,0,NA,NA,NA,0,0,0,0,0,0
1540,PHL.76.8_1,Tarlac,Mayantoc,0,0,0,0,0,0,0,0,NA,NA,NA,0,0,0,0,0,0
1541,PHL.76.9_1,Tarlac,Moncada,0,0,0,0,0,0,0,0,NA,NA,NA,0,0,0,0,0,0
1542,PHL.76.10_1,Tarlac,Paniqui,0,0,0,0,0,0,0,0,NA,NA,NA,0,0,0,0,0,0
1543,PHL.76.11_1,Tarlac,Pura,0,0,0,0,0,0,0,0,NA,NA,NA,0,0,0,0,0,0
1544,PHL.76.12_1,Tarlac,Ramos,0,0,0,0,0,0,0,0,NA,NA,NA,0,0,0,0,0,0
1545,PHL.76.13_1,Tarlac,San Clemente,0,0,0,0,0,0,0,0,NA,NA,NA,0,0,0,0,0,0
1546,PHL.76.14_1,Tarlac,San Jose,0,0,0,0,0,0,0,0,NA,NA,NA,0,0,0,0,0,0
1547,PHL.76.15_1,Tarlac,San Manuel,0,0,0,0,0,0,0,0,NA,NA,NA,0,0,0,0,0,0
1548,PHL.76.16_1,Tarlac,Santa Ignacia,0,0,0,0,0,0,0,0,NA,NA,NA,0,0,0,0,0,0
1549,PHL.76.17_1,Tarlac,Tarlac City,0,0,0,0,0,0,0,0,NA,NA,NA,0,0,0,0,0,0
1550,PHL.76.18_1,Tarlac,Victoria,0,0,0,0,0,0,0,0,NA,NA,NA,0,0,0,0,0,0
1551,PHL.77.1_1,Tawi-Tawi,Bongao,0,0,0,287.0452880859375,0,430567.93212890625,1148181.15234375,2870452.880859375,0,0,0,0,0,0,0,0,0
1552,PHL.77.2_1,Tawi-Tawi,Languyan,1124.1234990234375,1034.0472568359376,90.07624218749993,1610.3404541015625,1384.6926217129799,2415510.6811523438,6441361.81640625,16103404.541015625,5.732504652193872e-4,2.1496892445727018e-4,8.598756978290807e-5,6.919493198394775,0,6.919493198394775,0,0,0
1553,PHL.77.3_1,Tawi-Tawi,Mapun,0,0,0,0,0,0,0,0,NA,NA,NA,0,0,0,0,0,0
1554,PHL.77.4_1,Tawi-Tawi,Panglima Sugala,0,0,0,1658.988037109375,0,2488482.0556640625,6635952.1484375,16589880.37109375,0,0,0,0.0929546058177948,0,0.0929546058177948,0,0,0
1555,PHL.77.5_1,Tawi-Tawi,Sapa-Sapa,0,0,0,585.55169677734375,0,878327.5451660156,2342206.787109375,5855516.9677734375,0,0,0,0.18703880906105042,0,0.18703880906105042,0,0,0
1556,PHL.77.6_1,Tawi-Tawi,Sibutu,0,0,0,0,0,0,0,0,NA,NA,NA,0,0,0,0,0,0
1557,PHL.77.7_1,Tawi-Tawi,Simunul,0,0,0,0,0,0,0,0,NA,NA,NA,0,0,0,0,0,0
1558,PHL.77.8_1,Tawi-Tawi,Sitangkai,5669.960325195313,5669.960325195313,0,0,0,0,0,0,NA,NA,NA,0.38189905881881714,0,0.38189905881881714,0,0,0
1559,PHL.77.9_1,Tawi-Tawi,South Ubian,0,0,0,0,0,0,0,0,NA,NA,NA,0.1836385577917099,0,0.1836385577917099,0,0,0
1560,PHL.77.10_1,Tawi-Tawi,Tandubas,0,0,0,3212.471435546875,0,4818707.1533203125,12849885.7421875,32124714.35546875,0,0,0,0.5140898823738098,0,0.5140898823738098,0,0,0
1561,PHL.77.11_1,Tawi-Tawi,Turtle Islands,0,0,0,0,0,0,0,0,NA,NA,NA,0,0,0,0,0,0
1562,PHL.78.1_1,Zambales,Botolan,1092373.521125,1092373.521125,0,0,0,0,0,0,NA,NA,NA,2.5866453647613525,2.702514410018921,2.5866453647613525,2.702514410018921,0,0
1563,PHL.78.2_1,Zambales,Cabangan,782842.988375,782842.988375,0,0,0,0,0,0,NA,NA,NA,5.742852687835693,9.784159660339355,5.742852687835693,9.784159660339355,0,0
1564,PHL.78.3_1,Zambales,Candelaria,29892.107500000002,29892.107500000002,0,0,0,0,0,0,NA,NA,NA,0,0,0,0,0,0
1565,PHL.78.4_1,Zambales,Castillejos,0,0,0,0,0,0,0,0,NA,NA,NA,0,0,0,0,0,0
1566,PHL.78.5_1,Zambales,Iba,0,0,0,119.7120590209961,0,179568.08853149414,478848.2360839844,1197120.590209961,0,0,0,0,0,0,0,0,0
1567,PHL.78.6_1,Zambales,Masinloc,0,0,0,86.22265625,0,129333.984375,344890.625,862226.5625,0,0,0,0,0,0,0,0,0
1568,PHL.78.7_1,Zambales,Olongapo City,0,0,0,120.11714935302734,0,180175.72402954102,480468.5974121094,1201171.4935302734,0,0,0,0,0,0,0,0,0
1569,PHL.78.8_1,Zambales,Palauig,0,0,0,119.57791137695312,0,179366.8670654297,478311.6455078125,1195779.1137695312,0,0,0,0,0,0,0,0,0
1570,PHL.78.9_1,Zambales,San Antonio,0,0,0,0,0,0,0,0,NA,NA,NA,0.19735583662986755,0,0.19735583662986755,0,0,0
1571,PHL.78.10_1,Zambales,San Felipe,0,0,0,0,0,0,0,0,NA,NA,NA,0,0,0,0,0,0
1572,PHL.78.11_1,Zambales,San Marcelino,0,0,0,0,0,0,0,0,NA,NA,NA,0,0,0,0,0,0
1573,PHL.78.12_1,Zambales,San Narciso,2086818.81475,2086818.81475,0,0,0,0,0,0,NA,NA,NA,6.840646743774414,18.57065200805664,6.840646743774414,18.57065200805664,0,0
1574,PHL.78.13_1,Zambales,Santa Cruz,1186408.77375,1186408.77375,0,0,0,0,0,0,NA,NA,NA,15.051058769226074,8.039129257202148,15.051058769226074,8.039129257202148,0,0
1575,PHL.78.14_1,Zambales,Subic,0,0,0,0,0,0,0,0,NA,NA,NA,0,0,0,0,0,0
1576,PHL.79.1_1,Zamboanga del Norte,Bacungan,0,0,0,0,0,0,0,0,NA,NA,NA,0,0,0,0,0,0
1577,PHL.79.2_1,Zamboanga del Norte,Baliguian,0,0,0,0,0,0,0,0,NA,NA,NA,0,0,0,0,0,0
1578,PHL.79.3_1,Zamboanga del Norte,Dapitan City,8079697.8379999995,7318456.057999999,761241.7800000003,377.0732421875,11702151.982667118,565609.86328125,1508292.96875,3770732.421875,20.689441154331874,7.758540432874453,3.103416173149781,40.41447830200195,38.70120620727539,40.41447830200195,38.70120620727539,0,0
1579,PHL.79.4_1,Zamboanga del Norte,Dipolog City,1324819.6955,1298452.0385000003,26367.656999999657,274.4633483886719,405335.51592613896,411695.0225830078,1097853.3935546875,2744633.4838867188,0.9845528697020217,0.36920732613825813,0.14768293045530326,11.113847732543945,10.434048652648926,11.113847732543945,10.434048652648926,0,0
1580,PHL.79.5_1,Zamboanga del Norte,Godod,0,0,0,0,0,0,0,0,NA,NA,NA,0,0,0,0,0,0
1581,PHL.79.6_1,Zamboanga del Norte,Gutalac,0,0,0,41.96435546875,0,62946.533203125,167857.421875,419643.5546875,0,0,0,0,0,0,0,0,0
1582,PHL.79.7_1,Zamboanga del Norte,Jose Dalman,0,0,0,52.59382629394531,0,78890.73944091797,210375.30517578125,525938.2629394531,0,0,0,0,0,0,0,0,0
1583,PHL.79.8_1,Zamboanga del Norte,Kalawit,0,0,0,0,0,0,0,0,NA,NA,NA,0,0,0,0,0,0
1584,PHL.79.9_1,Zamboanga del Norte,Katipunan,11.670535121917723,10.841969886779784,0.8285652351379387,0,12.737078499735619,0,0,0,NA,NA,NA,1.7827394008636475,2.0001355733256787e-4,1.7827394008636475,2.0001355733256787e-4,0,0
1585,PHL.79.10_1,Zamboanga del Norte,La Libertad,0,0,0,0,0,0,0,0,NA,NA,NA,0,0,0,0,0,0
1586,PHL.79.11_1,Zamboanga del Norte,Labason,132402.57746874998,131642.55621875,760.0212499999907,63.48374938964844,11683.38944501513,95225.62408447266,253934.99755859375,634837.4938964844,0.12269165529071292,0.04600937073401735,0.01840374829360694,9.422149658203125,1.3968309164047241,9.422149658203125,1.3968309164047241,0,0
1587,PHL.79.12_1,Zamboanga del Norte,Liloy,0,0,0,172.50698852539062,0,258760.48278808594,690027.9541015625,1725069.8852539062,0,0,0,0,0,0,0,0,0
1588,PHL.79.13_1,Zamboanga del Norte,Manukan,0,0,0,0,0,0,0,0,NA,NA,NA,0,0,0,0,0,0
1589,PHL.79.14_1,Zamboanga del Norte,Mutia,0,0,0,0,0,0,0,0,NA,NA,NA,0,0,0,0,0,0
1590,PHL.79.15_1,Zamboanga del Norte,Pinan,0,0,0,0,0,0,0,0,NA,NA,NA,0,0,0,0,0,0
1591,PHL.79.16_1,Zamboanga del Norte,Polanco,0,0,0,0,0,0,0,0,NA,NA,NA,0,0,0,0,0,0
1592,PHL.79.17_1,Zamboanga del Norte,Pres. Manuel A. Roxas,0,0,0,0,0,0,0,0,NA,NA,NA,0,0,0,0,0,0
1593,PHL.79.18_1,Zamboanga del Norte,Rizal,0,0,0,0,0,0,0,0,NA,NA,NA,0,0,0,0,0,0
1594,PHL.79.19_1,Zamboanga del Norte,Salug,0,0,0,0.22983689606189728,0,344.7553440928459,919.3475842475891,2298.368960618973,0,0,0,0,0,0,0,0,0
1595,PHL.79.20_1,Zamboanga del Norte,Sergio Osmena Sr.,0,0,0,0,0,0,0,0,NA,NA,NA,0,0,0,0,0,0
1596,PHL.79.21_1,Zamboanga del Norte,Siayan,0,0,0,0,0,0,0,0,NA,NA,NA,0,0,0,0,0,0
1597,PHL.79.22_1,Zamboanga del Norte,Sibuco,0,0,0,0,0,0,0,0,NA,NA,NA,0,0,0,0,0,0
1598,PHL.79.23_1,Zamboanga del Norte,Sibutad,0,0,0,77.717803955078125,0,116576.70593261719,310871.2158203125,777178.03955078125,0,0,0,0,0,0,0,0,0
1599,PHL.79.24_1,Zamboanga del Norte,Sindangan,0,0,0,0,0,0,0,0,NA,NA,NA,0,0,0,0,0,0
1600,PHL.79.25_1,Zamboanga del Norte,Siocon,46253.53903125,46253.53903125,0,0,0,0,0,0,NA,NA,NA,3.977006435394287,1.459236979484558,3.977006435394287,1.459236979484558,0,0
1601,PHL.79.26_1,Zamboanga del Norte,Sirawai,0,0,0,0,0,0,0,0,NA,NA,NA,3.385760545730591,0,3.385760545730591,0,0,0
1602,PHL.79.27_1,Zamboanga del Norte,Tampilisan,0,0,0,0,0,0,0,0,NA,NA,NA,0,0,0,0,0,0
1603,PHL.80.1_1,Zamboanga del Sur,Aurora,0,0,0,658.14215087890625,0,987213.2263183594,2632568.603515625,6581421.5087890625,0,0,0,17.94532585144043,0,16.820642471313477,0,1.1246833801269531,0
1604,PHL.80.2_1,Zamboanga del Sur,Bayog,0,0,0,0,0,0,0,0,NA,NA,NA,0,0,0,0,0,0
1605,PHL.80.3_1,Zamboanga del Sur,Dimataling,0,0,0,333.6390075683594,0,500458.51135253906,1334556.0302734375,3336390.0756835938,0,0,0,5.225892066955566,0,5.225892066955566,0,0,0
1606,PHL.80.4_1,Zamboanga del Sur,Dinas,25157.4058203125,20442.781882812502,4714.623937499997,1631.3353271484375,72475.3255893882,2447002.9907226562,6525341.30859375,16313353.271484375,0.02961799632618535,0.011106748622319506,0.0044426994489278025,13.207906723022461,0.01865551993250847,11.679945945739746,0.01865551993250847,1.5279607772827148,0
1607,PHL.80.5_1,Zamboanga del Sur,Dumalinao,0,0,0,0,0,0,0,0,NA,NA,NA,6.957136631011963,0,6.957136631011963,0,0,0
1608,PHL.80.6_1,Zamboanga del Sur,Dumingag,0,0,0,0,0,0,0,0,NA,NA,NA,0,0,0,0,0,0
1609,PHL.80.7_1,Zamboanga del Sur,Guipos,0,0,0,0,0,0,0,0,NA,NA,NA,0,0,0,0,0,0
1610,PHL.80.8_1,Zamboanga del Sur,Josefina,0,0,0,0,0,0,0,0,NA,NA,NA,0,0,0,0,0,0
1611,PHL.80.9_1,Zamboanga del Sur,Kumalarang,0,0,0,488.10589599609375,0,732158.8439941406,1952423.583984375,4881058.9599609375,0,0,0,12.815986633300781,0,12.815986633300781,0,0,0
1612,PHL.80.10_1,Zamboanga del Sur,Labangan,1129752.97525,1129751.05925,1.915999999968335,0,29.453616167020733,0,0,0,NA,NA,NA,40.357208251953125,5.211913108825684,40.357208251953125,5.211913108825684,0,0
1613,PHL.80.12_1,Zamboanga del Sur,Lakewood,0,0,0,0,0,0,0,0,NA,NA,NA,0,0,0,0,0,0
1614,PHL.80.11_1,Zamboanga del Sur,Lakewood Lake,0,0,0,0,0,0,0,0,NA,NA,NA,0,0,0,0,0,0
1615,PHL.80.13_1,Zamboanga del Sur,Lapuyan,0,0,0,327.16424560546875,0,490746.3684082031,1308656.982421875,3271642.4560546875,0,0,0,0.4519817531108856,0,0.4519817531108856,0,0,0
1616,PHL.80.14_1,Zamboanga del Sur,Mahayag,0,0,0,0,0,0,0,0,NA,NA,NA,0,0,0,0,0,0
1617,PHL.80.15_1,Zamboanga del Sur,Margosatubig,0,0,0,67.6042709350586,0,101406.40640258789,270417.0837402344,676042.7093505859,0,0,0,1.0832265615463257,0,1.0832265615463257,0,0,0
1618,PHL.80.16_1,Zamboanga del Sur,Midsalip,0,0,0,0,0,0,0,0,NA,NA,NA,0,0,0,0,0,0
1619,PHL.80.17_1,Zamboanga del Sur,Molave,0,0,0,0,0,0,0,0,NA,NA,NA,0,0,0,0,0,0
1620,PHL.80.18_1,Zamboanga del Sur,Pagadian City,17645746.296000004,17645746.296000004,0,0,0,0,0,0,NA,NA,NA,68.12608337402344,31.904829025268555,68.12608337402344,31.904829025268555,0,0
1621,PHL.80.19_1,Zamboanga del Sur,Pitogo,16041.527376953125,16038.514617187499,3.0127597656264697,122.70985412597656,46.3135019528559,184064.78118896484,490839.41650390625,1227098.5412597656,2.5161522836522144e-4,9.435571063695804e-5,3.774228425478321e-5,14.678404808044434,0.11524026840925217,10.91495132446289,0.11524026840925217,3.763453483581543,0
1622,PHL.80.20_1,Zamboanga del Sur,Ramon Magsaysay,0,0,0,0,0,0,0,0,NA,NA,NA,0,0,0,0,0,0
1623,PHL.80.21_1,Zamboanga del Sur,San Miguel,0,0,0,0,0,0,0,0,NA,NA,NA,0,0,0,0,0,0
1624,PHL.80.22_1,Zamboanga del Sur,San Pablo,0,0,0,76.7628173828125,0,115144.22607421875,307051.26953125,767628.173828125,0,0,0,1.8900686502456665,0,1.8900686502456665,0,0,0
1625,PHL.80.23_1,Zamboanga del Sur,Sominot,0,0,0,0,0,0,0,0,NA,NA,NA,0,0,0,0,0,0
1626,PHL.80.24_1,Zamboanga del Sur,Tabina,0,0,0,0,0,0,0,0,NA,NA,NA,0,0,0,0,0,0
1627,PHL.80.25_1,Zamboanga del Sur,Tambulig,0,0,0,1033.7506103515625,0,1550625.9155273438,4135002.44140625,10337506.103515625,0,0,0,15.62999439239502,0,15.62999439239502,0,0,0
1628,PHL.80.26_1,Zamboanga del Sur,Tigbao,0,0,0,0,0,0,0,0,NA,NA,NA,0,0,0,0,0,0
1629,PHL.80.27_1,Zamboanga del Sur,Tukuran,0,0,0,92.3778305053711,0,138566.74575805664,369511.3220214844,923778.3050537109,0,0,0,11.379326820373535,0,11.379326820373535,0,0,0
1630,PHL.80.28_1,Zamboanga del Sur,Vincenzo A. Sagun,0,0,0,113.86817169189453,0,170802.2575378418,455472.6867675781,1138681.7169189453,0,0,0,28.58836555480957,0,28.58836555480957,0,0,0
1631,PHL.80.29_1,Zamboanga del Sur,Zamboanga City,140713455.84,135799213.16799998,4914242.672000021,3543.124267578125,75543954.80953814,5314686.4013671875,14172497.0703125,35431242.67578125,14.214188590714341,5.330320721517878,2.1321282886071513,808.8739013671875,594.44085693359375,808.8739013671875,594.44085693359375,0,0
1632,PHL.81.1_1,Zamboanga Sibugay,Alicia,0,0,0,1331.705810546875,0,1997558.7158203125,5326823.2421875,13317058.10546875,0,0,0,9.626079559326172,0,9.626079559326172,0,0,0
1633,PHL.81.2_1,Zamboanga Sibugay,Buug,0,0,0,0,0,0,0,0,NA,NA,NA,0,0,0,0,0,0
1634,PHL.81.3_1,Zamboanga Sibugay,Diplahan,0,0,0,0,0,0,0,0,NA,NA,NA,0,0,0,0,0,0
1635,PHL.81.4_1,Zamboanga Sibugay,Imelda,0,0,0,0,0,0,0,0,NA,NA,NA,0,0,0,0,0,0
1636,PHL.81.5_1,Zamboanga Sibugay,Ipil,43166.515687499996,41858.73290625,1307.7827812499963,289.9848937988281,20103.82675856619,434977.3406982422,1159939.5751953125,2899848.9379882812,0.046218101214869634,0.017331787955576113,0.006932715182230445,40.237220764160156,0,40.237220764160156,0,0,0
1637,PHL.81.6_1,Zamboanga Sibugay,Kabasalan,991971.4464999998,865445.5732499999,126525.87324999995,626.19110107421875,1945012.7901692085,939286.6516113281,2504764.404296875,6261911.0107421875,2.0707339839574814,0.7765252439840556,0.31061009759362224,35.01192092895508,6.923834800720215,32.086666107177734,6.923834800720215,2.9252548217773438,0
1638,PHL.81.7_1,Zamboanga Sibugay,Mabuhay,0,0,0,1410.8994140625,0,2116349.12109375,5643597.65625,14108994.140625,0,0,0,16.93352699279785,0,12.528926849365234,0,4.404600143432617,0
1639,PHL.81.8_1,Zamboanga Sibugay,Malangas,3939.1059931640625,3702.7787539062497,236.32723925781283,363.3079528808594,3632.928911809149,544961.9293212891,1453231.8115234375,3633079.5288085938,0.0066663902858933675,0.0024998963572100126,9.999585428840051e-4,3.1150598526000977,0.029752666130661964,3.1150598526000977,0.029752666130661964,0,0
1640,PHL.81.9_1,Zamboanga Sibugay,Naga,2582.2127182617182,2411.7090864257807,170.50363183593754,782.74981689453125,2621.05873030361,1174124.7253417969,3130999.267578125,7827498.1689453125,0.0022323511921108715,8.371316970415769e-4,3.3485267881663074e-4,9.660839080810547,0.029271434992551804,9.660839080810547,0.029271434992551804,0,0
1641,PHL.81.10_1,Zamboanga Sibugay,Olutanga,0,0,0,1147.572509765625,0,1721358.7646484375,4590290.0390625,11475725.09765625,0,0,0,14.344701766967773,0,14.344701766967773,0,0,0
1642,PHL.81.11_1,Zamboanga Sibugay,Payao,0,0,0,3117.759765625,0,4676639.6484375,12471039.0625,31177597.65625,0,0,0,36.81675338745117,0,36.81675338745117,0,0,0
1643,PHL.81.12_1,Zamboanga Sibugay,Roseller Lim,1657435.5865,1618247.8514999996,39187.735000000335,288.1543273925781,602411.5371419673,432231.4910888672,1152617.3095703125,2881543.2739257812,1.3937243110731858,0.5226466166524447,0.2090586466609779,21.101818084716797,12.142794609069824,21.101818084716797,12.142794609069824,0,0
1644,PHL.81.13_1,Zamboanga Sibugay,Siay,993.1398857421875,744.8549584960938,248.28492724609373,2043.0133056640625,3816.747884803742,3064519.9584960938,8172053.22265625,20430133.056640625,0.0012454635429024266,4.6704882858841e-4,1.86819531435364e-4,32.87238311767578,0,32.87238311767578,0,0,0
1645,PHL.81.14_1,Zamboanga Sibugay,Talusan,0,0,0,418.1918640136719,0,627287.7960205078,1672767.4560546875,4181918.6401367188,0,0,0,12.666404724121094,0,10.973733901977539,0,1.6926708221435547,0
1646,PHL.81.15_1,Zamboanga Sibugay,Titay,0,0,0,0,0,0,0,0,NA,NA,NA,0,0,0,0,0,0
1647,PHL.81.16_1,Zamboanga Sibugay,Tungawan,673281.77,631191.104875,42090.66512500006,1119.551513671875,647036.6883229885,1679327.2705078125,4478206.0546875,11195515.13671875,0.38529517127851487,0.14448568922944308,0.057794275691777225,6.870656490325928,3.958674192428589,6.870656490325928,3.958674192428589,0,0
